customerID,churn_probability,high_risk,review_reasons,risk_tier
5150-ITWWB,0.903,True,is_month_to_month; tenure; OnlineSecurity_No,Critical (top 10%)
1374-DMZUI,0.9,True,is_month_to_month; avg_monthly_spend; tenure,Critical (top 10%)
5178-LMXOP,0.896,True,tenure; is_month_to_month; avg_monthly_spend,Critical (top 10%)
9497-QCMMS,0.894,True,tenure; is_month_to_month; TotalCharges,Critical (top 10%)
5567-WSELE,0.893,True,is_month_to_month; tenure; avg_monthly_spend,Critical (top 10%)
7216-EWTRS,0.888,True,tenure; is_month_to_month; TotalCharges,Critical (top 10%)
7851-WZEKY,0.887,True,is_month_to_month; tenure; avg_monthly_spend,Critical (top 10%)
2720-WGKHP,0.882,True,is_month_to_month; tenure; avg_monthly_spend,Critical (top 10%)
1273-MTETI,0.882,True,is_month_to_month; tenure; avg_monthly_spend,Critical (top 10%)
1400-MMYXY,0.882,True,is_month_to_month; MonthlyCharges; tenure,Critical (top 10%)
4695-WJZUE,0.88,True,is_month_to_month; tenure; TotalCharges,Critical (top 10%)
6023-YEBUP,0.879,True,is_month_to_month; tenure; MonthlyCharges,Critical (top 10%)
7024-OHCCK,0.879,True,is_month_to_month; tenure; TotalCharges,Critical (top 10%)
4826-XTSOH,0.878,True,tenure; is_month_to_month; TotalCharges,Critical (top 10%)
3158-MOERK,0.878,True,is_month_to_month; tenure; MonthlyCharges,Critical (top 10%)
0295-PPHDO,0.877,True,tenure; is_month_to_month; avg_monthly_spend,Critical (top 10%)
9300-AGZNL,0.875,True,tenure; is_month_to_month; avg_monthly_spend,Critical (top 10%)
4910-GMJOT,0.875,True,tenure; is_month_to_month; avg_monthly_spend,Critical (top 10%)
6496-SLWHQ,0.873,True,is_month_to_month; tenure; SeniorCitizen,Critical (top 10%)
1875-QIVME,0.873,True,is_month_to_month; tenure; TotalCharges,Critical (top 10%)
4424-TKOPW,0.872,True,is_month_to_month; tenure; TotalCharges,Critical (top 10%)
9057-SIHCH,0.869,True,is_month_to_month; tenure; MonthlyCharges,Critical (top 10%)
5192-EBGOV,0.869,True,tenure; is_month_to_month; TotalCharges,Critical (top 10%)
1724-BQUHA,0.868,True,is_month_to_month; tenure; avg_monthly_spend,Critical (top 10%)
8149-RSOUN,0.867,True,tenure; is_month_to_month; avg_monthly_spend,Critical (top 10%)
8098-LLAZX,0.866,True,is_month_to_month; tenure; avg_monthly_spend,Critical (top 10%)
2545-EBUPK,0.866,True,is_month_to_month; tenure; avg_monthly_spend,Critical (top 10%)
5277-ZLOOR,0.865,True,is_month_to_month; tenure; avg_monthly_spend,Critical (top 10%)
5419-JPRRN,0.864,True,tenure; is_month_to_month; avg_monthly_spend,Critical (top 10%)
9282-IZGQK,0.863,True,tenure; is_month_to_month; TotalCharges,Critical (top 10%)
3049-SOLAY,0.863,True,is_month_to_month; tenure; MultipleLines_No,Critical (top 10%)
3068-OMWZA,0.862,True,tenure; is_month_to_month; TotalCharges,Critical (top 10%)
1069-XAIEM,0.861,True,tenure; is_month_to_month; TotalCharges,Critical (top 10%)
4750-ZRXIU,0.86,True,is_month_to_month; tenure; avg_monthly_spend,Critical (top 10%)
8603-IJWDN,0.859,True,tenure; is_month_to_month; TotalCharges,Critical (top 10%)
6350-XFYGW,0.858,True,is_month_to_month; tenure; OnlineSecurity_No,Critical (top 10%)
9681-OXGVC,0.856,True,tenure; is_month_to_month; avg_monthly_spend,Critical (top 10%)
3027-ZTDHO,0.854,True,tenure; is_month_to_month; TotalCharges,Critical (top 10%)
7274-RTAPZ,0.853,True,tenure; is_month_to_month; TotalCharges,Critical (top 10%)
6630-UJZMY,0.852,True,is_month_to_month; tenure; SeniorCitizen,Critical (top 10%)
2446-BEGGB,0.852,True,MonthlyCharges; is_month_to_month; tenure,Critical (top 10%)
2865-TCHJW,0.85,True,is_month_to_month; tenure; avg_monthly_spend,Critical (top 10%)
6474-FVJLC,0.848,True,is_month_to_month; tenure; TotalCharges,Critical (top 10%)
0107-YHINA,0.847,True,tenure; MonthlyCharges; is_month_to_month,Critical (top 10%)
4192-GORJT,0.847,True,is_month_to_month; tenure; avg_monthly_spend,Critical (top 10%)
1415-YFWLT,0.845,True,tenure; is_month_to_month; TotalCharges,Critical (top 10%)
8593-WHYHV,0.844,True,is_month_to_month; tenure; avg_monthly_spend,Critical (top 10%)
0754-UKWQP,0.843,True,is_month_to_month; tenure; avg_monthly_spend,Critical (top 10%)
3319-DWOEP,0.843,True,is_month_to_month; avg_monthly_spend; tenure,Critical (top 10%)
4587-VVTOX,0.842,True,is_month_to_month; tenure; avg_monthly_spend,Critical (top 10%)
8775-LHDJH,0.842,True,tenure; is_month_to_month; TotalCharges,Critical (top 10%)
2725-KXXWT,0.841,True,tenure; is_month_to_month; TotalCharges,Critical (top 10%)
4548-SDBKE,0.84,True,is_month_to_month; tenure; avg_monthly_spend,Critical (top 10%)
3489-HHPFY,0.839,True,is_month_to_month; tenure; OnlineSecurity_No,Critical (top 10%)
3722-WPXTK,0.839,True,tenure; is_month_to_month; TotalCharges,Critical (top 10%)
2990-HWIML,0.839,True,is_month_to_month; avg_monthly_spend; tenure,Critical (top 10%)
4927-WWOOZ,0.838,True,is_month_to_month; tenure; TotalCharges,Critical (top 10%)
1143-NMNQJ,0.838,True,is_month_to_month; tenure; TotalCharges,Critical (top 10%)
2656-TABEH,0.838,True,is_month_to_month; MonthlyCharges; tenure,Critical (top 10%)
0196-VULGZ,0.837,True,is_month_to_month; tenure; TotalCharges,Critical (top 10%)
2265-CYWIV,0.837,True,MonthlyCharges; tenure; is_month_to_month,Critical (top 10%)
0970-ETWGE,0.837,True,tenure; is_month_to_month; TotalCharges,Critical (top 10%)
6513-EECDB,0.837,True,tenure; is_month_to_month; TotalCharges,Critical (top 10%)
0259-GBZSH,0.836,True,is_month_to_month; tenure; TotalCharges,Critical (top 10%)
4102-OQUPX,0.836,True,tenure; is_month_to_month; TotalCharges,Critical (top 10%)
8473-VUVJN,0.835,True,tenure; is_month_to_month; TotalCharges,Critical (top 10%)
7577-SWIFR,0.834,True,tenure; is_month_to_month; TotalCharges,Critical (top 10%)
6894-LFHLY,0.833,True,tenure; is_month_to_month; TotalCharges,Critical (top 10%)
8739-XNIKG,0.833,True,is_month_to_month; tenure; avg_monthly_spend,Critical (top 10%)
4912-PIGUY,0.832,True,tenure; is_month_to_month; TotalCharges,Critical (top 10%)
5240-IJOQT,0.832,True,tenure; is_month_to_month; TotalCharges,Critical (top 10%)
1624-NALOJ,0.832,True,is_month_to_month; tenure; avg_monthly_spend,Critical (top 10%)
6229-LSCKB,0.832,True,is_month_to_month; tenure; avg_monthly_spend,Critical (top 10%)
0722-TROQR,0.832,True,is_month_to_month; tenure; TotalCharges,Critical (top 10%)
6521-YYTYI,0.832,True,tenure; is_month_to_month; avg_monthly_spend,Critical (top 10%)
3988-RQIXO,0.83,True,tenure; is_month_to_month; TotalCharges,Critical (top 10%)
8580-AECUZ,0.829,True,tenure; is_month_to_month; TotalCharges,Critical (top 10%)
5299-SJCZT,0.829,True,is_month_to_month; tenure; avg_monthly_spend,Critical (top 10%)
1833-VGRUM,0.829,True,tenure; is_month_to_month; TotalCharges,Critical (top 10%)
2672-HUYVI,0.828,True,is_month_to_month; tenure; InternetService_Fiber optic,Critical (top 10%)
8414-MYSHR,0.828,True,is_month_to_month; tenure; TotalCharges,Critical (top 10%)
0702-PGIBZ,0.828,True,is_month_to_month; tenure; MonthlyCharges,Critical (top 10%)
0723-DRCLG,0.827,True,tenure; is_month_to_month; TotalCharges,Critical (top 10%)
9546-CQJSU,0.827,True,is_month_to_month; tenure; TotalCharges,Critical (top 10%)
0021-IKXGC,0.827,True,tenure; is_month_to_month; TotalCharges,Critical (top 10%)
3551-HUAZH,0.826,True,tenure; is_month_to_month; TotalCharges,Critical (top 10%)
3387-VATUS,0.824,True,tenure; is_month_to_month; avg_monthly_spend,Critical (top 10%)
9248-OJYKK,0.824,True,tenure; is_month_to_month; TotalCharges,Critical (top 10%)
4988-IQIGL,0.824,True,tenure; is_month_to_month; TotalCharges,Critical (top 10%)
3727-RJMEO,0.824,True,is_month_to_month; tenure; TotalCharges,Critical (top 10%)
9725-SCPZG,0.823,True,tenure; is_month_to_month; TotalCharges,Critical (top 10%)
4713-LZDRV,0.821,True,is_month_to_month; tenure; MonthlyCharges,Critical (top 10%)
7488-MXJIV,0.821,True,is_month_to_month; tenure; TotalCharges,Critical (top 10%)
2034-GDRCN,0.821,True,is_month_to_month; tenure; avg_monthly_spend,Critical (top 10%)
7576-OYWBN,0.82,True,is_month_to_month; tenure; MultipleLines_No,Critical (top 10%)
8258-GSTJK,0.82,True,is_month_to_month; tenure; MultipleLines_No,Critical (top 10%)
6567-HOOPW,0.82,True,tenure; is_month_to_month; TotalCharges,Critical (top 10%)
1455-ESIQH,0.82,True,tenure; is_month_to_month; TotalCharges,Critical (top 10%)
9611-CTWIH,0.82,True,is_month_to_month; tenure; OnlineSecurity_No,Critical (top 10%)
6108-OQZDQ,0.819,True,MonthlyCharges; tenure; is_month_to_month,Critical (top 10%)
1389-CXMLU,0.819,True,is_month_to_month; tenure; TotalCharges,Critical (top 10%)
3318-NMQXL,0.819,True,is_month_to_month; tenure; avg_monthly_spend,Critical (top 10%)
0318-QUUOB,0.819,True,tenure; is_month_to_month; TotalCharges,Critical (top 10%)
7228-OMTPN,0.817,True,is_month_to_month; tenure; avg_monthly_spend,Critical (top 10%)
0697-ZMSWS,0.817,True,is_month_to_month; tenure; avg_monthly_spend,Critical (top 10%)
4847-TAJYI,0.817,True,is_month_to_month; avg_monthly_spend; tenure,Critical (top 10%)
6230-BSUXY,0.816,True,tenure; is_month_to_month; TotalCharges,Critical (top 10%)
4140-MUHUG,0.816,True,is_month_to_month; tenure; TotalCharges,Critical (top 10%)
6358-LYNGM,0.815,True,tenure; is_month_to_month; TotalCharges,Critical (top 10%)
4951-UKAAQ,0.814,True,is_month_to_month; tenure; avg_monthly_spend,Critical (top 10%)
2462-XIIJB,0.814,True,is_month_to_month; tenure; TotalCharges,Critical (top 10%)
5052-PNLOS,0.813,True,is_month_to_month; tenure; TotalCharges,Critical (top 10%)
7181-BQYBV,0.813,True,tenure; is_month_to_month; avg_monthly_spend,Critical (top 10%)
6892-EZDTG,0.813,True,is_month_to_month; tenure; avg_monthly_spend,Critical (top 10%)
7398-SKNQZ,0.813,True,is_month_to_month; tenure; avg_monthly_spend,Critical (top 10%)
4228-ZGYUW,0.812,True,is_month_to_month; tenure; avg_monthly_spend,Critical (top 10%)
0404-SWRVG,0.812,True,is_month_to_month; tenure; MultipleLines_No,Critical (top 10%)
2789-HQBOU,0.811,True,is_month_to_month; tenure; OnlineSecurity_No,Critical (top 10%)
3178-FESZO,0.811,True,tenure; is_month_to_month; MonthlyCharges,Critical (top 10%)
9025-AOMKI,0.811,True,is_month_to_month; tenure; avg_monthly_spend,Critical (top 10%)
6015-VVHHE,0.811,True,is_month_to_month; tenure; avg_monthly_spend,Critical (top 10%)
4234-XTNEA,0.81,True,is_month_to_month; tenure; MonthlyCharges,Critical (top 10%)
7503-ZGUZJ,0.81,True,tenure; is_month_to_month; TotalCharges,Critical (top 10%)
7548-SEPYI,0.808,True,is_month_to_month; tenure; avg_monthly_spend,Critical (top 10%)
5834-ASPWA,0.808,True,tenure; is_month_to_month; TotalCharges,Critical (top 10%)
7439-DKZTW,0.808,True,tenure; is_month_to_month; TotalCharges,Critical (top 10%)
3519-ZKXGG,0.807,True,is_month_to_month; tenure; avg_monthly_spend,Critical (top 10%)
3006-XIMLN,0.807,True,is_month_to_month; tenure; TotalCharges,Critical (top 10%)
3097-NQYSN,0.807,True,is_month_to_month; tenure; SeniorCitizen,Critical (top 10%)
4273-MBHYA,0.806,True,tenure; is_month_to_month; TotalCharges,Critical (top 10%)
5835-BEQEU,0.806,True,is_month_to_month; tenure; TotalCharges,Critical (top 10%)
8816-VXNZD,0.805,True,tenure; is_month_to_month; TotalCharges,Critical (top 10%)
7330-WZLNC,0.805,True,is_month_to_month; tenure; avg_monthly_spend,Critical (top 10%)
7341-LXCAF,0.805,True,is_month_to_month; tenure; MultipleLines_No,Critical (top 10%)
7817-BOQPW,0.805,True,is_month_to_month; tenure; TotalCharges,Critical (top 10%)
1393-IMKZG,0.805,True,tenure; is_month_to_month; avg_monthly_spend,Critical (top 10%)
1197-BVMVG,0.805,True,is_month_to_month; tenure; SeniorCitizen,Critical (top 10%)
6161-UUUTA,0.804,True,is_month_to_month; tenure; avg_monthly_spend,Critical (top 10%)
9957-YODKZ,0.804,True,is_month_to_month; tenure; SeniorCitizen,Critical (top 10%)
5597-GLBUC,0.803,True,tenure; is_month_to_month; TotalCharges,Critical (top 10%)
4415-IJZTP,0.803,True,tenure; is_month_to_month; TotalCharges,Critical (top 10%)
1304-NECVQ,0.802,True,is_month_to_month; tenure; TotalCharges,Critical (top 10%)
7314-OXENN,0.802,True,is_month_to_month; tenure; avg_monthly_spend,Critical (top 10%)
8780-IXSTS,0.802,True,is_month_to_month; tenure; avg_monthly_spend,Critical (top 10%)
5380-AFSSK,0.802,True,is_month_to_month; tenure; TotalCharges,Critical (top 10%)
4853-OITSN,0.802,True,is_month_to_month; tenure; TotalCharges,Critical (top 10%)
8622-ZLFKO,0.801,True,is_month_to_month; tenure; avg_monthly_spend,Critical (top 10%)
1941-HOSAM,0.801,True,tenure; is_month_to_month; TotalCharges,Critical (top 10%)
5956-VKDTT,0.801,True,is_month_to_month; tenure; SeniorCitizen,Critical (top 10%)
7120-RFMVS,0.799,True,tenure; is_month_to_month; TotalCharges,Critical (top 10%)
8443-ZRDBZ,0.799,True,is_month_to_month; tenure; MultipleLines_No,Critical (top 10%)
2235-DWLJU,0.799,True,is_month_to_month; tenure; PaymentMethod_Electronic check,Critical (top 10%)
9878-TNQGW,0.798,True,is_month_to_month; tenure; TotalCharges,Critical (top 10%)
1452-VOQCH,0.798,True,tenure; is_month_to_month; TotalCharges,Critical (top 10%)
9944-HKVVB,0.798,True,is_month_to_month; avg_monthly_spend; tenure,Critical (top 10%)
3198-VELRD,0.798,True,is_month_to_month; tenure; avg_monthly_spend,Critical (top 10%)
2609-IAICY,0.797,True,tenure; is_month_to_month; TotalCharges,Critical (top 10%)
9787-XVQIU,0.797,True,tenure; is_month_to_month; TotalCharges,Critical (top 10%)
0334-GDDSO,0.797,True,is_month_to_month; tenure; SeniorCitizen,Critical (top 10%)
1678-FYZOW,0.796,True,is_month_to_month; tenure; MonthlyCharges,Critical (top 10%)
4822-RVYBB,0.796,True,is_month_to_month; MonthlyCharges; avg_monthly_spend,Critical (top 10%)
0880-TKATG,0.796,True,is_month_to_month; MonthlyCharges; tenure,Critical (top 10%)
2514-GINMM,0.795,True,tenure; is_month_to_month; TotalCharges,Critical (top 10%)
4749-OJKQU,0.795,True,is_month_to_month; tenure; MultipleLines_No,Critical (top 10%)
2202-CUYXZ,0.795,True,tenure; is_month_to_month; TotalCharges,Critical (top 10%)
6941-PMGEP,0.795,True,is_month_to_month; tenure; avg_monthly_spend,Critical (top 10%)
4229-CZMLL,0.794,True,is_month_to_month; tenure; MultipleLines_No,Critical (top 10%)
1761-AEZZR,0.794,True,tenure; is_month_to_month; TotalCharges,Critical (top 10%)
5644-PDMZC,0.794,True,is_month_to_month; tenure; SeniorCitizen,Critical (top 10%)
0220-EBGCE,0.794,True,is_month_to_month; tenure; TotalCharges,Critical (top 10%)
9300-RENDD,0.793,True,tenure; is_month_to_month; TotalCharges,Critical (top 10%)
9799-CAYJJ,0.793,True,is_month_to_month; tenure; OnlineSecurity_No,Critical (top 10%)
4529-CKBCL,0.792,True,is_month_to_month; tenure; MonthlyCharges,Critical (top 10%)
7074-IEVOJ,0.792,True,is_month_to_month; tenure; SeniorCitizen,Critical (top 10%)
1157-BQCUW,0.792,True,tenure; is_month_to_month; TotalCharges,Critical (top 10%)
8972-HJWNV,0.792,True,is_month_to_month; avg_monthly_spend; tenure,Critical (top 10%)
9306-CPCBC,0.791,True,is_month_to_month; tenure; TotalCharges,Critical (top 10%)
7760-OYPDY,0.791,True,is_month_to_month; tenure; OnlineSecurity_No,Critical (top 10%)
1320-HTRDR,0.79,True,is_month_to_month; tenure; TotalCharges,Critical (top 10%)
8992-JQYUN,0.79,True,tenure; is_month_to_month; TotalCharges,Critical (top 10%)
1981-INRFU,0.79,True,is_month_to_month; tenure; MonthlyCharges,Critical (top 10%)
4844-JJWUY,0.789,True,tenure; is_month_to_month; TotalCharges,Critical (top 10%)
1618-CFHME,0.789,True,is_month_to_month; tenure; TotalCharges,Critical (top 10%)
8185-UPYBR,0.789,True,is_month_to_month; tenure; InternetService_Fiber optic,Critical (top 10%)
8083-YTZES,0.788,True,is_month_to_month; tenure; PaymentMethod_Electronic check,Critical (top 10%)
2506-TNFCO,0.788,True,TotalCharges; tenure; is_month_to_month,Critical (top 10%)
4090-KPJIP,0.788,True,is_month_to_month; tenure; TotalCharges,Critical (top 10%)
3462-BJQQA,0.788,True,is_month_to_month; tenure; avg_monthly_spend,Critical (top 10%)
3295-YVUSR,0.787,True,is_month_to_month; tenure; MultipleLines_No,Critical (top 10%)
4806-KEXQR,0.787,True,is_month_to_month; tenure; MonthlyCharges,Critical (top 10%)
2074-GKOWZ,0.787,True,is_month_to_month; tenure; avg_monthly_spend,Critical (top 10%)
7938-OUHIO,0.787,True,MonthlyCharges; is_month_to_month; tenure,Critical (top 10%)
2660-EMUBI,0.786,True,is_month_to_month; tenure; SeniorCitizen,Critical (top 10%)
4952-YSOGZ,0.786,True,is_month_to_month; tenure; avg_monthly_spend,Critical (top 10%)
6357-JJPQT,0.786,True,is_month_to_month; tenure; OnlineSecurity_No,Critical (top 10%)
2868-MZAGQ,0.785,True,tenure; is_month_to_month; TotalCharges,Critical (top 10%)
9124-LHCJQ,0.785,True,tenure; is_month_to_month; TotalCharges,Critical (top 10%)
9305-CDSKC,0.785,True,MonthlyCharges; is_month_to_month; avg_monthly_spend,Critical (top 10%)
1363-TXLSL,0.784,True,tenure; is_month_to_month; TotalCharges,Critical (top 10%)
9231-ZJYAM,0.784,True,is_month_to_month; tenure; SeniorCitizen,Critical (top 10%)
4929-XIHVW,0.784,True,is_month_to_month; tenure; MonthlyCharges,Critical (top 10%)
7294-TMAOP,0.783,True,tenure; is_month_to_month; TotalCharges,Critical (top 10%)
4395-PZMSN,0.783,True,is_month_to_month; tenure; SeniorCitizen,Critical (top 10%)
8242-SOQUO,0.783,True,is_month_to_month; tenure; SeniorCitizen,Critical (top 10%)
7218-HKQFK,0.783,True,is_month_to_month; tenure; avg_monthly_spend,Critical (top 10%)
0637-KVDLV,0.782,True,is_month_to_month; tenure; TotalCharges,Critical (top 10%)
2018-QKYGT,0.782,True,tenure; is_month_to_month; TotalCharges,Critical (top 10%)
2959-MJHIC,0.782,True,is_month_to_month; tenure; OnlineSecurity_No,Critical (top 10%)
6861-XWTWQ,0.782,True,MonthlyCharges; is_month_to_month; tenure,Critical (top 10%)
4581-SSPWD,0.781,True,is_month_to_month; tenure; avg_monthly_spend,Critical (top 10%)
0013-EXCHZ,0.781,True,is_month_to_month; tenure; avg_monthly_spend,Critical (top 10%)
7235-NXZCP,0.781,True,is_month_to_month; tenure; TotalCharges,Critical (top 10%)
6457-USBER,0.781,True,tenure; is_month_to_month; TotalCharges,Critical (top 10%)
4614-NUVZD,0.781,True,tenure; is_month_to_month; TotalCharges,Critical (top 10%)
8348-HFYIV,0.781,True,is_month_to_month; tenure; TotalCharges,Critical (top 10%)
8884-ADFVN,0.78,True,is_month_to_month; tenure; avg_monthly_spend,Critical (top 10%)
7180-PISOG,0.78,True,tenure; is_month_to_month; TotalCharges,Critical (top 10%)
2004-OCQXK,0.78,True,tenure; is_month_to_month; TotalCharges,Critical (top 10%)
7943-RQCHR,0.779,True,is_month_to_month; avg_monthly_spend; tenure,Critical (top 10%)
4795-KTRTH,0.779,True,is_month_to_month; tenure; SeniorCitizen,Critical (top 10%)
8361-LTMKD,0.779,True,is_month_to_month; tenure; MultipleLines_No,Critical (top 10%)
4132-KALRO,0.778,True,tenure; is_month_to_month; MonthlyCharges,Critical (top 10%)
6857-VWJDT,0.778,True,tenure; is_month_to_month; avg_monthly_spend,Critical (top 10%)
8058-INTPH,0.777,True,tenure; is_month_to_month; TotalCharges,Critical (top 10%)
7493-TPUWZ,0.777,True,tenure; is_month_to_month; TotalCharges,Critical (top 10%)
9223-UCPVT,0.776,True,tenure; is_month_to_month; avg_monthly_spend,Critical (top 10%)
5494-HECPR,0.776,True,tenure; is_month_to_month; TotalCharges,Critical (top 10%)
6168-WFVVF,0.776,True,is_month_to_month; tenure; OnlineSecurity_No,Critical (top 10%)
8775-ERLNB,0.776,True,tenure; is_month_to_month; TotalCharges,Critical (top 10%)
4086-YQSNZ,0.775,True,is_month_to_month; tenure; SeniorCitizen,Critical (top 10%)
8752-STIVR,0.775,True,is_month_to_month; tenure; MonthlyCharges,Critical (top 10%)
1846-XWOQN,0.774,True,tenure; is_month_to_month; TotalCharges,Critical (top 10%)
8644-XLFBW,0.774,True,tenure; is_month_to_month; TotalCharges,Critical (top 10%)
8740-CRYFY,0.774,True,tenure; is_month_to_month; TotalCharges,Critical (top 10%)
5960-WPXQM,0.774,True,tenure; is_month_to_month; TotalCharges,Critical (top 10%)
4210-QFJMF,0.774,True,is_month_to_month; tenure; MonthlyCharges,Critical (top 10%)
7668-XCFYV,0.773,True,is_month_to_month; avg_monthly_spend; InternetService_Fiber optic,Critical (top 10%)
2612-RRIDN,0.773,True,is_month_to_month; tenure; avg_monthly_spend,Critical (top 10%)
6734-GMPVK,0.773,True,is_month_to_month; tenure; OnlineSecurity_No,Critical (top 10%)
2012-NWRPA,0.772,True,MonthlyCharges; is_month_to_month; TotalCharges,Critical (top 10%)
8000-REIQB,0.772,True,tenure; is_month_to_month; TotalCharges,Critical (top 10%)
7206-GZCDC,0.772,True,TotalCharges; tenure; is_month_to_month,Critical (top 10%)
5419-CONWX,0.772,True,MonthlyCharges; is_month_to_month; tenure,Critical (top 10%)
9689-PTNPG,0.772,True,is_month_to_month; tenure; MonthlyCharges,Critical (top 10%)
3992-YWPKO,0.772,True,is_month_to_month; tenure; TotalCharges,Critical (top 10%)
5550-VFRLC,0.772,True,TotalCharges; tenure; is_month_to_month,Critical (top 10%)
8086-OVPWV,0.771,True,is_month_to_month; tenure; TotalCharges,Critical (top 10%)
3422-GALYP,0.771,True,is_month_to_month; tenure; MonthlyCharges,Critical (top 10%)
9837-BMCLM,0.771,True,is_month_to_month; tenure; MonthlyCharges,Critical (top 10%)
9605-WGJVW,0.771,True,tenure; is_month_to_month; TotalCharges,Critical (top 10%)
1569-TTNYJ,0.77,True,is_month_to_month; tenure; avg_monthly_spend,Critical (top 10%)
9274-CNFMO,0.769,True,is_month_to_month; tenure; MultipleLines_No,Critical (top 10%)
7903-CMPEY,0.769,True,tenure; is_month_to_month; TotalCharges,Critical (top 10%)
8375-DKEBR,0.769,True,TotalCharges; tenure; is_month_to_month,Critical (top 10%)
1628-BIZYP,0.769,True,tenure; is_month_to_month; TotalCharges,Critical (top 10%)
2799-ARNLO,0.769,True,is_month_to_month; tenure; SeniorCitizen,Critical (top 10%)
3191-CSNMG,0.768,True,is_month_to_month; tenure; OnlineSecurity_No,Critical (top 10%)
2516-VQRRV,0.767,True,is_month_to_month; tenure; TotalCharges,Critical (top 10%)
3370-HXOPH,0.767,True,is_month_to_month; tenure; avg_monthly_spend,Critical (top 10%)
4871-JTKJF,0.766,True,TotalCharges; tenure; is_month_to_month,Critical (top 10%)
2636-ALXXZ,0.766,True,TotalCharges; tenure; is_month_to_month,Critical (top 10%)
8161-QYMTT,0.766,True,is_month_to_month; tenure; avg_monthly_spend,Critical (top 10%)
9317-WZPGV,0.766,True,is_month_to_month; tenure; MonthlyCharges,Critical (top 10%)
2952-QAYZF,0.766,True,is_month_to_month; tenure; avg_monthly_spend,Critical (top 10%)
0495-RVCBF,0.766,True,tenure; is_month_to_month; TotalCharges,Critical (top 10%)
2081-VEYEH,0.765,True,avg_monthly_spend; is_month_to_month; tenure,Critical (top 10%)
5349-IECLD,0.765,True,is_month_to_month; tenure; TotalCharges,Critical (top 10%)
5276-KQWHG,0.764,True,is_month_to_month; tenure; SeniorCitizen,Critical (top 10%)
1980-KXVPM,0.764,True,is_month_to_month; tenure; avg_monthly_spend,Critical (top 10%)
8051-HJRLT,0.764,True,tenure; is_month_to_month; TotalCharges,Critical (top 10%)
4342-HENTK,0.763,True,is_month_to_month; tenure; SeniorCitizen,Critical (top 10%)
5539-TMZLF,0.763,True,TotalCharges; tenure; is_month_to_month,Critical (top 10%)
1447-GIQMR,0.763,True,TotalCharges; tenure; is_month_to_month,Critical (top 10%)
2495-INZWQ,0.763,True,is_month_to_month; tenure; PaymentMethod_Electronic check,Critical (top 10%)
8062-YBDOE,0.763,True,TotalCharges; tenure; is_month_to_month,Critical (top 10%)
3878-AVSOQ,0.763,True,tenure; is_month_to_month; TotalCharges,Critical (top 10%)
5167-ZFFMM,0.762,True,tenure; is_month_to_month; TotalCharges,Critical (top 10%)
2880-FPNAE,0.762,True,is_month_to_month; tenure; SeniorCitizen,Critical (top 10%)
9603-OAIHC,0.762,True,tenure; is_month_to_month; TotalCharges,Critical (top 10%)
0781-LKXBR,0.761,True,is_month_to_month; MonthlyCharges; avg_monthly_spend,Critical (top 10%)
0495-ZBNGW,0.761,True,is_month_to_month; tenure; SeniorCitizen,Critical (top 10%)
2984-AFWNC,0.761,True,is_month_to_month; tenure; OnlineSecurity_No,Critical (top 10%)
2055-PDADH,0.761,True,is_month_to_month; tenure; SeniorCitizen,Critical (top 10%)
7005-CCBKV,0.76,True,is_month_to_month; avg_monthly_spend; tenure,Critical (top 10%)
8779-QRDMV,0.76,True,tenure; is_month_to_month; TotalCharges,Critical (top 10%)
3746-EUBYR,0.76,True,tenure; is_month_to_month; TotalCharges,Critical (top 10%)
2636-OHFMN,0.76,True,is_month_to_month; tenure; MultipleLines_No,Critical (top 10%)
9239-ZBZZV,0.759,True,is_month_to_month; tenure; TotalCharges,Critical (top 10%)
5760-IFJOZ,0.759,True,is_month_to_month; tenure; avg_monthly_spend,Critical (top 10%)
3793-MMFUH,0.759,True,is_month_to_month; avg_monthly_spend; InternetService_Fiber optic,Critical (top 10%)
4806-HIPDW,0.759,True,TotalCharges; tenure; is_month_to_month,Critical (top 10%)
2982-IHMFT,0.759,True,tenure; is_month_to_month; TotalCharges,Critical (top 10%)
1251-STYSZ,0.758,True,is_month_to_month; tenure; SeniorCitizen,Critical (top 10%)
7254-IQWOZ,0.758,True,TotalCharges; tenure; is_month_to_month,Critical (top 10%)
2379-ENZGV,0.758,True,is_month_to_month; tenure; avg_monthly_spend,Critical (top 10%)
2446-PLQVO,0.758,True,tenure; is_month_to_month; TotalCharges,Critical (top 10%)
4626-GYCZP,0.758,True,is_month_to_month; tenure; avg_monthly_spend,Critical (top 10%)
5442-UTCVD,0.757,True,is_month_to_month; tenure; avg_monthly_spend,Critical (top 10%)
5804-LEPIM,0.757,True,is_month_to_month; tenure; SeniorCitizen,Critical (top 10%)
1731-TVIUK,0.757,True,tenure; is_month_to_month; avg_monthly_spend,Critical (top 10%)
3904-UKFRE,0.756,True,is_month_to_month; tenure; avg_monthly_spend,Critical (top 10%)
7563-BIUPC,0.756,True,is_month_to_month; tenure; avg_monthly_spend,Critical (top 10%)
0329-GTIAJ,0.755,True,MonthlyCharges; is_month_to_month; tenure,Critical (top 10%)
3707-GNWHM,0.755,True,tenure; is_month_to_month; TotalCharges,Critical (top 10%)
7450-NWRTR,0.754,True,MonthlyCharges; is_month_to_month; avg_monthly_spend,Critical (top 10%)
0644-OQMDK,0.754,True,is_month_to_month; tenure; OnlineSecurity_No,Critical (top 10%)
5797-APWZC,0.754,True,tenure; is_month_to_month; TotalCharges,Critical (top 10%)
5561-NWEVX,0.753,True,is_month_to_month; tenure; TotalCharges,Critical (top 10%)
2982-VPSGI,0.753,True,is_month_to_month; TotalCharges; charge_delta,Critical (top 10%)
8372-JUXUI,0.753,True,tenure; is_month_to_month; TotalCharges,Critical (top 10%)
8058-JMEQO,0.753,True,is_month_to_month; avg_monthly_spend; tenure,Critical (top 10%)
6960-HVYXR,0.753,True,tenure; is_month_to_month; TotalCharges,Critical (top 10%)
6198-ZFIOJ,0.753,True,is_month_to_month; tenure; OnlineSecurity_No,Critical (top 10%)
9061-TIHDA,0.752,True,is_month_to_month; avg_monthly_spend; InternetService_Fiber optic,Critical (top 10%)
0897-FEGMU,0.751,True,MonthlyCharges; is_month_to_month; TotalCharges,Critical (top 10%)
5868-YWPDW,0.751,True,is_month_to_month; tenure; avg_monthly_spend,Critical (top 10%)
7225-CBZPL,0.75,True,is_month_to_month; InternetService_Fiber optic; SeniorCitizen,Critical (top 10%)
1285-OKIPP,0.75,True,tenure; is_month_to_month; TotalCharges,Critical (top 10%)
6877-TJMBR,0.75,True,is_month_to_month; tenure; TotalCharges,Critical (top 10%)
2761-OCIAX,0.75,True,is_month_to_month; avg_monthly_spend; tenure,Critical (top 10%)
7379-POKDZ,0.748,True,is_month_to_month; tenure; charge_delta,Critical (top 10%)
9850-OWRHQ,0.748,True,is_month_to_month; tenure; MultipleLines_No,Critical (top 10%)
3716-BDVDB,0.748,True,TotalCharges; tenure; is_month_to_month,Critical (top 10%)
7273-TEFQD,0.748,True,is_month_to_month; tenure; MultipleLines_No,Critical (top 10%)
7823-JSOAG,0.748,True,is_month_to_month; tenure; OnlineSecurity_No,Critical (top 10%)
0328-GRPMV,0.748,True,tenure; is_month_to_month; TotalCharges,Critical (top 10%)
9237-HQITU,0.748,True,is_month_to_month; tenure; OnlineSecurity_No,Critical (top 10%)
3428-XZMAZ,0.748,True,TotalCharges; tenure; is_month_to_month,Critical (top 10%)
0018-NYROU,0.747,True,is_month_to_month; tenure; InternetService_Fiber optic,Critical (top 10%)
9965-YOKZB,0.747,True,is_month_to_month; avg_monthly_spend; MultipleLines_No,Critical (top 10%)
1820-TQVEV,0.747,True,TotalCharges; tenure; is_month_to_month,Critical (top 10%)
5875-YPQFJ,0.747,True,TotalCharges; tenure; is_month_to_month,Critical (top 10%)
4143-OOBWZ,0.747,True,is_month_to_month; tenure; avg_monthly_spend,Critical (top 10%)
6653-CBBOM,0.747,True,tenure; is_month_to_month; TotalCharges,Critical (top 10%)
9897-KXHCM,0.747,True,is_month_to_month; tenure; avg_monthly_spend,Critical (top 10%)
7660-HDPJV,0.746,True,TotalCharges; tenure; is_month_to_month,Critical (top 10%)
5542-TBBWB,0.746,True,TotalCharges; tenure; is_month_to_month,Critical (top 10%)
9804-ICWBG,0.746,True,TotalCharges; tenure; is_month_to_month,Critical (top 10%)
9728-FTTVZ,0.746,True,TotalCharges; tenure; is_month_to_month,Critical (top 10%)
7394-LWLYN,0.746,True,is_month_to_month; tenure; OnlineSecurity_No,Critical (top 10%)
1640-PLFMP,0.746,True,tenure; is_month_to_month; TotalCharges,Critical (top 10%)
1977-STDKI,0.746,True,tenure; is_month_to_month; TotalCharges,Critical (top 10%)
1075-BGWOH,0.746,True,MonthlyCharges; is_month_to_month; avg_monthly_spend,Critical (top 10%)
6618-RYATB,0.746,True,tenure; is_month_to_month; TotalCharges,Critical (top 10%)
1658-BYGOY,0.746,True,is_month_to_month; InternetService_Fiber optic; MultipleLines_No,Critical (top 10%)
6457-GIRWB,0.745,True,TotalCharges; tenure; is_month_to_month,Critical (top 10%)
0564-JJHGS,0.745,True,is_month_to_month; tenure; avg_monthly_spend,Critical (top 10%)
8835-VSDSE,0.745,True,is_month_to_month; tenure; charge_delta,Critical (top 10%)
5159-YFPKQ,0.745,True,is_month_to_month; tenure; TotalCharges,Critical (top 10%)
9488-HGMJH,0.745,True,tenure; is_month_to_month; TotalCharges,Critical (top 10%)
4510-HIMLV,0.745,True,TotalCharges; tenure; is_month_to_month,Critical (top 10%)
9717-QEBGU,0.744,True,is_month_to_month; tenure; TotalCharges,Critical (top 10%)
1455-UGQVH,0.744,True,MonthlyCharges; is_month_to_month; avg_monthly_spend,Critical (top 10%)
9885-CSMWE,0.744,True,tenure; is_month_to_month; TotalCharges,Critical (top 10%)
0137-OCGAB,0.744,True,tenure; is_month_to_month; TotalCharges,Critical (top 10%)
8183-ONMXC,0.744,True,is_month_to_month; tenure; TotalCharges,Critical (top 10%)
4566-NECEV,0.743,True,is_month_to_month; tenure; MonthlyCharges,Critical (top 10%)
7665-TOALD,0.743,True,TotalCharges; tenure; is_month_to_month,Critical (top 10%)
7384-GHBPI,0.743,True,is_month_to_month; tenure; PaymentMethod_Electronic check,Critical (top 10%)
7526-BEZQB,0.743,True,is_month_to_month; TotalCharges; avg_monthly_spend,Critical (top 10%)
8245-UMPYT,0.742,True,is_month_to_month; MonthlyCharges; avg_monthly_spend,Critical (top 10%)
0684-AOSIH,0.742,True,tenure; is_month_to_month; avg_monthly_spend,Critical (top 10%)
2968-SSGAA,0.742,True,avg_monthly_spend; is_month_to_month; MonthlyCharges,Critical (top 10%)
6502-MJQAE,0.742,True,TotalCharges; tenure; is_month_to_month,Critical (top 10%)
3320-VEOYC,0.742,True,is_month_to_month; InternetService_Fiber optic; SeniorCitizen,Critical (top 10%)
7245-NIIWQ,0.741,True,is_month_to_month; tenure; OnlineSecurity_No,Critical (top 10%)
2737-WFVYW,0.741,True,is_month_to_month; tenure; TotalCharges,Critical (top 10%)
4603-JANFB,0.741,True,TotalCharges; tenure; is_month_to_month,Critical (top 10%)
9696-RMYBA,0.741,True,is_month_to_month; tenure; charge_delta,Critical (top 10%)
2897-DOVND,0.741,True,is_month_to_month; tenure; OnlineSecurity_No,Critical (top 10%)
7594-RQHXR,0.74,True,tenure; is_month_to_month; TotalCharges,Critical (top 10%)
3244-DCJWY,0.74,True,tenure; is_month_to_month; TotalCharges,Critical (top 10%)
7465-ZZRVX,0.74,True,tenure; is_month_to_month; TotalCharges,Critical (top 10%)
9451-LPGOO,0.74,True,is_month_to_month; tenure; avg_monthly_spend,Critical (top 10%)
5376-DEQCP,0.74,True,tenure; is_month_to_month; TotalCharges,Critical (top 10%)
2276-YDAVZ,0.739,True,is_month_to_month; tenure; avg_monthly_spend,Critical (top 10%)
5919-TMRGD,0.739,True,tenure; is_month_to_month; TotalCharges,Critical (top 10%)
5685-IIXLY,0.739,True,is_month_to_month; tenure; InternetService_Fiber optic,Critical (top 10%)
7044-YAACC,0.739,True,is_month_to_month; tenure; SeniorCitizen,Critical (top 10%)
0679-IDSTG,0.739,True,TotalCharges; tenure; is_month_to_month,Critical (top 10%)
5378-IKEEG,0.738,True,tenure; is_month_to_month; TotalCharges,Critical (top 10%)
3750-CKVKH,0.738,True,is_month_to_month; tenure; OnlineSecurity_No,Critical (top 10%)
9507-EXLTT,0.737,True,tenure; is_month_to_month; TotalCharges,Critical (top 10%)
9019-QVLZD,0.736,True,tenure; is_month_to_month; TotalCharges,Critical (top 10%)
6356-ELRKD,0.736,True,tenure; is_month_to_month; avg_monthly_spend,Critical (top 10%)
0925-VYDLG,0.736,True,is_month_to_month; tenure; OnlineSecurity_No,Critical (top 10%)
0306-JAELE,0.735,True,tenure; is_month_to_month; MonthlyCharges,Critical (top 10%)
6856-RAURS,0.735,True,is_month_to_month; tenure; OnlineSecurity_No,Critical (top 10%)
0345-HKJVM,0.735,True,is_month_to_month; tenure; avg_monthly_spend,Critical (top 10%)
9408-SSNVZ,0.735,True,is_month_to_month; tenure; InternetService_Fiber optic,Critical (top 10%)
3606-TWKGI,0.734,True,is_month_to_month; avg_monthly_spend; InternetService_Fiber optic,Critical (top 10%)
0375-HVGXO,0.734,True,tenure; is_month_to_month; TotalCharges,Critical (top 10%)
3411-WLRSQ,0.733,True,is_month_to_month; tenure; InternetService_Fiber optic,Critical (top 10%)
3452-GWUIN,0.732,True,is_month_to_month; avg_monthly_spend; InternetService_Fiber optic,Critical (top 10%)
1602-IJQQE,0.732,True,is_month_to_month; avg_monthly_spend; tenure,Critical (top 10%)
3276-HDUEG,0.732,True,tenure; is_month_to_month; TotalCharges,Critical (top 10%)
6772-KSATR,0.731,True,tenure; is_month_to_month; TotalCharges,Critical (top 10%)
6996-KNSML,0.731,True,tenure; is_month_to_month; TotalCharges,Critical (top 10%)
6372-RFVNS,0.731,True,tenure; is_month_to_month; TotalCharges,Critical (top 10%)
9221-OTIVJ,0.731,True,is_month_to_month; InternetService_Fiber optic; MultipleLines_No,Critical (top 10%)
1626-ERCMM,0.731,True,is_month_to_month; avg_monthly_spend; InternetService_Fiber optic,Critical (top 10%)
3643-AHCFP,0.73,True,is_month_to_month; tenure; avg_monthly_spend,Critical (top 10%)
3811-VBYBZ,0.73,True,MonthlyCharges; is_month_to_month; tenure,Critical (top 10%)
5095-AESKG,0.73,True,is_month_to_month; tenure; OnlineSecurity_No,Critical (top 10%)
0004-TLHLJ,0.73,True,is_month_to_month; tenure; InternetService_Fiber optic,Critical (top 10%)
3721-CNEYS,0.73,True,is_month_to_month; tenure; OnlineSecurity_No,Critical (top 10%)
0742-NXBGR,0.729,True,tenure; is_month_to_month; TotalCharges,Critical (top 10%)
4636-QRJKY,0.728,True,is_month_to_month; tenure; avg_monthly_spend,Critical (top 10%)
6060-DRTNL,0.728,True,is_month_to_month; tenure; SeniorCitizen,Critical (top 10%)
2737-YNGYW,0.728,True,is_month_to_month; tenure; avg_monthly_spend,Critical (top 10%)
3902-FOIGH,0.728,True,is_month_to_month; MonthlyCharges; avg_monthly_spend,Critical (top 10%)
5383-MMTWC,0.728,True,is_month_to_month; tenure; SeniorCitizen,Critical (top 10%)
3494-JCHRQ,0.728,True,tenure; is_month_to_month; TotalCharges,Critical (top 10%)
7409-KIUTL,0.727,True,tenure; is_month_to_month; TotalCharges,Critical (top 10%)
6400-BWQKW,0.727,True,is_month_to_month; tenure; InternetService_Fiber optic,Critical (top 10%)
2867-UIMSS,0.727,True,tenure; is_month_to_month; TotalCharges,Critical (top 10%)
7321-VGNKU,0.727,True,is_month_to_month; tenure; OnlineSecurity_No,Critical (top 10%)
5935-FCCNB,0.726,True,is_month_to_month; avg_monthly_spend; InternetService_Fiber optic,Critical (top 10%)
8413-VONUO,0.726,True,is_month_to_month; tenure; avg_monthly_spend,Critical (top 10%)
5519-NPHVG,0.725,True,is_month_to_month; InternetService_Fiber optic; TotalCharges,Critical (top 10%)
3765-JXVKY,0.725,True,tenure; is_month_to_month; TotalCharges,Critical (top 10%)
9134-CEQMF,0.724,True,is_month_to_month; tenure; TotalCharges,Critical (top 10%)
5393-RXQSZ,0.724,True,tenure; is_month_to_month; TotalCharges,Critical (top 10%)
9741-YLNTD,0.724,True,is_month_to_month; tenure; avg_monthly_spend,Critical (top 10%)
8266-VBFQL,0.724,True,is_month_to_month; tenure; TotalCharges,Critical (top 10%)
3096-GKWEB,0.723,True,is_month_to_month; avg_monthly_spend; InternetService_Fiber optic,Critical (top 10%)
0841-NULXI,0.723,True,tenure; is_month_to_month; TotalCharges,Critical (top 10%)
8337-UPOAQ,0.723,True,is_month_to_month; tenure; MultipleLines_No,Critical (top 10%)
4145-UQXUQ,0.723,True,is_month_to_month; tenure; avg_monthly_spend,Critical (top 10%)
6221-AVQYL,0.723,True,is_month_to_month; tenure; OnlineSecurity_No,Critical (top 10%)
6077-BDPXA,0.722,True,is_month_to_month; tenure; OnlineSecurity_No,Critical (top 10%)
7858-GTZSP,0.722,True,is_month_to_month; InternetService_Fiber optic; MultipleLines_No,Critical (top 10%)
8035-PWSEV,0.722,True,is_month_to_month; tenure; InternetService_Fiber optic,Critical (top 10%)
4021-RQSNY,0.721,True,is_month_to_month; avg_monthly_spend; MonthlyCharges,Critical (top 10%)
7693-LCKZL,0.721,True,is_month_to_month; tenure; MonthlyCharges,Critical (top 10%)
5275-SQEIZ,0.721,True,tenure; is_month_to_month; TotalCharges,Critical (top 10%)
6702-OHFWR,0.721,True,tenure; is_month_to_month; TotalCharges,Critical (top 10%)
3138-BKYAV,0.721,True,is_month_to_month; tenure; InternetService_Fiber optic,Critical (top 10%)
3420-ZDBMA,0.721,True,is_month_to_month; tenure; OnlineSecurity_No,Critical (top 10%)
2485-ITVKB,0.721,True,TotalCharges; is_month_to_month; tenure,Critical (top 10%)
5565-FILXA,0.721,True,is_month_to_month; avg_monthly_spend; MonthlyCharges,Critical (top 10%)
4078-SAYYN,0.721,True,is_month_to_month; TotalCharges; avg_monthly_spend,Critical (top 10%)
9189-JWSHV,0.72,True,is_month_to_month; avg_monthly_spend; InternetService_Fiber optic,Critical (top 10%)
2254-DLXRI,0.72,True,tenure; is_month_to_month; TotalCharges,Critical (top 10%)
8873-GLDMH,0.72,True,is_month_to_month; tenure; InternetService_Fiber optic,Critical (top 10%)
0235-KGSLC,0.72,True,tenure; is_month_to_month; TotalCharges,Critical (top 10%)
1564-NTYXF,0.719,True,is_month_to_month; TotalCharges; avg_monthly_spend,Critical (top 10%)
3389-YGYAI,0.719,True,is_month_to_month; avg_monthly_spend; tenure,Critical (top 10%)
6047-YHPVI,0.719,True,is_month_to_month; tenure; OnlineSecurity_No,Critical (top 10%)
8309-IEYJD,0.719,True,tenure; is_month_to_month; TotalCharges,Critical (top 10%)
0187-QSXOE,0.719,True,is_month_to_month; tenure; avg_monthly_spend,Critical (top 10%)
9250-WYPLL,0.718,True,is_month_to_month; tenure; avg_monthly_spend,Critical (top 10%)
6689-TCZHQ,0.718,True,is_month_to_month; tenure; SeniorCitizen,Critical (top 10%)
0793-TWELN,0.718,True,is_month_to_month; tenure; InternetService_Fiber optic,Critical (top 10%)
5134-IKDAY,0.717,True,TotalCharges; tenure; is_month_to_month,Critical (top 10%)
7932-WPTDS,0.717,True,tenure; is_month_to_month; TotalCharges,Critical (top 10%)
6969-MVBAI,0.717,True,is_month_to_month; tenure; avg_monthly_spend,Critical (top 10%)
6435-SRWBJ,0.716,True,is_month_to_month; tenure; avg_monthly_spend,Critical (top 10%)
6416-TVAIH,0.716,True,TotalCharges; tenure; is_month_to_month,Critical (top 10%)
2777-PHDEI,0.716,True,tenure; is_month_to_month; TotalCharges,Critical (top 10%)
2472-OVKUP,0.716,True,is_month_to_month; tenure; avg_monthly_spend,Critical (top 10%)
8111-RKSPX,0.715,True,is_month_to_month; tenure; TotalCharges,Critical (top 10%)
8945-GRKHX,0.715,True,tenure; is_month_to_month; TotalCharges,Critical (top 10%)
5673-FSSMF,0.715,True,tenure; is_month_to_month; TotalCharges,Critical (top 10%)
0488-GSLFR,0.715,True,TotalCharges; tenure; is_month_to_month,Critical (top 10%)
0390-DCFDQ,0.715,True,tenure; is_month_to_month; TotalCharges,Critical (top 10%)
4290-BSXUX,0.714,True,is_month_to_month; tenure; MonthlyCharges,Critical (top 10%)
7198-GLXTC,0.714,True,is_month_to_month; tenure; MonthlyCharges,Critical (top 10%)
4702-IOQDC,0.713,True,tenure; is_month_to_month; TotalCharges,Critical (top 10%)
1853-UDXBW,0.713,True,tenure; is_month_to_month; TotalCharges,Critical (top 10%)
3249-ZPQRG,0.713,True,is_month_to_month; tenure; avg_monthly_spend,Critical (top 10%)
2369-UAPKZ,0.712,True,is_month_to_month; tenure; charge_delta,Critical (top 10%)
0822-GAVAP,0.712,True,TotalCharges; is_month_to_month; tenure,Critical (top 10%)
6424-ELEYH,0.712,True,is_month_to_month; tenure; MultipleLines_No,Critical (top 10%)
6376-GAHQE,0.712,True,is_month_to_month; tenure; OnlineSecurity_No,Critical (top 10%)
6615-NGGZJ,0.712,True,is_month_to_month; MonthlyCharges; avg_monthly_spend,Critical (top 10%)
5570-PTWEH,0.712,True,is_month_to_month; tenure; MultipleLines_No,Critical (top 10%)
6688-UZPWD,0.712,True,is_month_to_month; TotalCharges; MonthlyCharges,Critical (top 10%)
5339-PXDVH,0.711,True,is_month_to_month; tenure; avg_monthly_spend,Critical (top 10%)
5564-NEMQO,0.711,True,tenure; is_month_to_month; TotalCharges,Critical (top 10%)
6137-NICCO,0.711,True,is_month_to_month; tenure; avg_monthly_spend,Critical (top 10%)
3091-FYHKI,0.711,True,tenure; is_month_to_month; TotalCharges,Critical (top 10%)
1031-IIDEO,0.711,True,tenure; is_month_to_month; TotalCharges,Critical (top 10%)
7568-PODML,0.711,True,tenure; is_month_to_month; TotalCharges,Critical (top 10%)
3420-YJLQT,0.711,True,is_month_to_month; tenure; MonthlyCharges,Critical (top 10%)
3422-LYEPQ,0.71,True,tenure; is_month_to_month; TotalCharges,Critical (top 10%)
0508-OOLTO,0.71,True,is_month_to_month; tenure; OnlineSecurity_No,Critical (top 10%)
4482-EWFMI,0.71,True,is_month_to_month; tenure; OnlineSecurity_No,Critical (top 10%)
3329-WDIOK,0.709,True,is_month_to_month; tenure; PaymentMethod_Electronic check,Critical (top 10%)
5186-SAMNZ,0.709,True,TotalCharges; tenure; is_month_to_month,Critical (top 10%)
5196-SGOAK,0.708,True,tenure; is_month_to_month; TotalCharges,Critical (top 10%)
3074-GQWYX,0.708,True,is_month_to_month; tenure; OnlineSecurity_No,Critical (top 10%)
4770-UEZOX,0.708,True,is_month_to_month; tenure; OnlineSecurity_No,Critical (top 10%)
2135-DQWAQ,0.708,True,is_month_to_month; tenure; avg_monthly_spend,Critical (top 10%)
0378-TOVMS,0.707,True,is_month_to_month; tenure; TotalCharges,Critical (top 10%)
3453-RTHJQ,0.707,True,is_month_to_month; tenure; OnlineSecurity_No,Critical (top 10%)
2800-VEQXM,0.707,True,is_month_to_month; tenure; OnlineSecurity_No,Critical (top 10%)
4060-LDNLU,0.707,True,is_month_to_month; tenure; InternetService_Fiber optic,Critical (top 10%)
3871-IKPYH,0.707,True,TotalCharges; tenure; is_month_to_month,Critical (top 10%)
3621-CEOVK,0.706,True,is_month_to_month; MonthlyCharges; InternetService_Fiber optic,Critical (top 10%)
4094-NSEDU,0.705,True,is_month_to_month; avg_monthly_spend; InternetService_Fiber optic,Critical (top 10%)
4919-IKATY,0.705,True,is_month_to_month; tenure; avg_monthly_spend,Critical (top 10%)
0680-DFNNY,0.705,True,is_month_to_month; MonthlyCharges; avg_monthly_spend,Critical (top 10%)
0236-HFWSV,0.704,True,is_month_to_month; InternetService_Fiber optic; MultipleLines_No,Critical (top 10%)
9050-IKDZA,0.704,True,is_month_to_month; tenure; SeniorCitizen,Critical (top 10%)
5956-YHHRX,0.704,True,is_month_to_month; InternetService_Fiber optic; MultipleLines_No,Critical (top 10%)
7779-LGOVN,0.704,True,is_month_to_month; tenure; charge_delta,Critical (top 10%)
4550-EVXNY,0.704,True,TotalCharges; tenure; is_month_to_month,Critical (top 10%)
0916-QOFDP,0.704,True,is_month_to_month; InternetService_Fiber optic; SeniorCitizen,Critical (top 10%)
6786-OBWQR,0.704,True,is_month_to_month; tenure; OnlineSecurity_No,Critical (top 10%)
3908-BLSYF,0.703,True,is_month_to_month; tenure; avg_monthly_spend,Critical (top 10%)
6275-YDUVO,0.703,True,is_month_to_month; tenure; TotalCharges,Critical (top 10%)
2038-OEQZH,0.703,True,is_month_to_month; tenure; TotalCharges,Critical (top 10%)
5399-ZIMKF,0.703,True,is_month_to_month; tenure; OnlineSecurity_No,Critical (top 10%)
6110-OHIHY,0.703,True,is_month_to_month; tenure; avg_monthly_spend,Critical (top 10%)
0655-RBDUG,0.703,True,MonthlyCharges; avg_monthly_spend; is_month_to_month,Critical (top 10%)
4813-HQMGZ,0.702,True,is_month_to_month; tenure; avg_monthly_spend,Critical (top 10%)
4115-NZRKS,0.702,True,is_month_to_month; tenure; InternetService_Fiber optic,Critical (top 10%)
8943-URTMR,0.702,True,is_month_to_month; tenure; MonthlyCharges,Critical (top 10%)
0023-HGHWL,0.702,True,tenure; is_month_to_month; TotalCharges,Critical (top 10%)
9633-XQABV,0.701,True,is_month_to_month; tenure; OnlineSecurity_No,Critical (top 10%)
2058-DCJBE,0.701,True,is_month_to_month; tenure; OnlineSecurity_No,Critical (top 10%)
7969-AULMZ,0.7,True,MonthlyCharges; is_month_to_month; avg_monthly_spend,Critical (top 10%)
6407-UTSLV,0.7,True,is_month_to_month; tenure; SeniorCitizen,Critical (top 10%)
7156-MHUGY,0.7,True,is_month_to_month; TotalCharges; avg_monthly_spend,Critical (top 10%)
8380-PEFPE,0.7,True,tenure; is_month_to_month; TotalCharges,Critical (top 10%)
3296-SILRA,0.699,True,tenure; is_month_to_month; TotalCharges,Critical (top 10%)
2568-BRGYX,0.699,True,is_month_to_month; tenure; OnlineSecurity_No,Critical (top 10%)
8821-XNHVZ,0.699,True,tenure; is_month_to_month; TotalCharges,Critical (top 10%)
9360-OMDZZ,0.699,True,is_month_to_month; InternetService_Fiber optic; OnlineSecurity_No,Critical (top 10%)
3776-EKTKM,0.699,True,tenure; is_month_to_month; TotalCharges,Critical (top 10%)
4369-HTUIF,0.698,True,is_month_to_month; tenure; avg_monthly_spend,Critical (top 10%)
7908-QCBCA,0.698,True,TotalCharges; tenure; is_month_to_month,Critical (top 10%)
6918-UMQCG,0.698,True,is_month_to_month; tenure; MonthlyCharges,Critical (top 10%)
0685-MLYYM,0.698,True,is_month_to_month; tenure; OnlineSecurity_No,Critical (top 10%)
0432-CAJZV,0.698,True,is_month_to_month; tenure; OnlineSecurity_No,Critical (top 10%)
9919-KNPOO,0.698,True,is_month_to_month; avg_monthly_spend; InternetService_Fiber optic,Critical (top 10%)
3677-IYRBF,0.697,True,is_month_to_month; tenure; TotalCharges,Critical (top 10%)
5382-SOYZL,0.697,True,is_month_to_month; InternetService_Fiber optic; MultipleLines_No,Critical (top 10%)
3957-LXOLK,0.697,True,is_month_to_month; MonthlyCharges; avg_monthly_spend,Critical (top 10%)
6100-QQHEB,0.697,True,is_month_to_month; InternetService_Fiber optic; PaymentMethod_Electronic check,Critical (top 10%)
8931-GJJIQ,0.697,True,is_month_to_month; avg_monthly_spend; tenure,Critical (top 10%)
9253-QXKBE,0.696,True,is_month_to_month; InternetService_Fiber optic; SeniorCitizen,Critical (top 10%)
5955-ERIHD,0.696,True,is_month_to_month; avg_monthly_spend; InternetService_Fiber optic,Critical (top 10%)
5995-SNNEW,0.696,True,is_month_to_month; avg_monthly_spend; MonthlyCharges,Critical (top 10%)
2985-FMWYF,0.696,True,is_month_to_month; avg_monthly_spend; InternetService_Fiber optic,Critical (top 10%)
8714-CTZJW,0.696,True,is_month_to_month; tenure; InternetService_Fiber optic,Critical (top 10%)
2027-FECZV,0.695,True,is_month_to_month; InternetService_Fiber optic; avg_monthly_spend,Critical (top 10%)
5244-IRFIH,0.695,True,is_month_to_month; avg_monthly_spend; InternetService_Fiber optic,Critical (top 10%)
7890-VYYWG,0.695,True,is_month_to_month; tenure; SeniorCitizen,Critical (top 10%)
4274-OWWYO,0.695,True,tenure; is_month_to_month; TotalCharges,Critical (top 10%)
1448-PWKYE,0.694,True,tenure; is_month_to_month; TotalCharges,Critical (top 10%)
9840-DVNDC,0.694,True,is_month_to_month; tenure; InternetService_Fiber optic,Critical (top 10%)
3877-JRJIP,0.694,True,tenure; TotalCharges; is_month_to_month,Critical (top 10%)
2024-BASKD,0.694,True,tenure; is_month_to_month; TotalCharges,Critical (top 10%)
1925-TIBLE,0.693,True,is_month_to_month; tenure; avg_monthly_spend,Critical (top 10%)
6979-ZNSFF,0.693,True,is_month_to_month; avg_monthly_spend; tenure,Critical (top 10%)
0455-XFASS,0.693,True,is_month_to_month; tenure; OnlineSecurity_No,Critical (top 10%)
8382-SHQEH,0.693,True,is_month_to_month; avg_monthly_spend; tenure,Critical (top 10%)
6860-YRJZP,0.693,True,is_month_to_month; tenure; MultipleLines_No,Critical (top 10%)
2215-ZAFGX,0.692,True,is_month_to_month; avg_monthly_spend; tenure,Critical (top 10%)
5318-IXUZF,0.692,True,is_month_to_month; tenure; avg_monthly_spend,Critical (top 10%)
3223-DWFIO,0.692,True,is_month_to_month; SeniorCitizen; tenure,Critical (top 10%)
3317-HRTNN,0.692,True,is_month_to_month; tenure; SeniorCitizen,Critical (top 10%)
0195-IESCP,0.692,True,is_month_to_month; tenure; avg_monthly_spend,Critical (top 10%)
7615-ESMYF,0.691,True,is_month_to_month; tenure; TotalCharges,Critical (top 10%)
7326-RIGQZ,0.691,True,is_month_to_month; tenure; InternetService_Fiber optic,Critical (top 10%)
1173-XZPYF,0.691,True,is_month_to_month; charge_delta; InternetService_Fiber optic,Critical (top 10%)
1768-ZAIFU,0.691,True,tenure; is_month_to_month; TotalCharges,Critical (top 10%)
2205-YMZZJ,0.691,True,is_month_to_month; tenure; SeniorCitizen,Critical (top 10%)
2674-MIAHT,0.691,True,is_month_to_month; tenure; InternetService_Fiber optic,Critical (top 10%)
2868-SNELZ,0.69,True,is_month_to_month; tenure; TotalCharges,Critical (top 10%)
0225-ZORZP,0.69,True,is_month_to_month; tenure; OnlineSecurity_No,Critical (top 10%)
6432-TWQLB,0.689,True,is_month_to_month; tenure; InternetService_Fiber optic,Critical (top 10%)
9809-IMGCQ,0.688,True,is_month_to_month; avg_monthly_spend; MonthlyCharges,Critical (top 10%)
5119-NZPTV,0.688,True,is_month_to_month; tenure; SeniorCitizen,Critical (top 10%)
8625-AZYZY,0.688,True,avg_monthly_spend; is_month_to_month; MonthlyCharges,Critical (top 10%)
5091-HFAZW,0.686,True,is_month_to_month; tenure; avg_monthly_spend,Critical (top 10%)
0094-OIFMO,0.686,True,is_month_to_month; avg_monthly_spend; TotalCharges,Critical (top 10%)
5429-LWCMV,0.686,True,is_month_to_month; InternetService_Fiber optic; avg_monthly_spend,Critical (top 10%)
2013-SGDXK,0.685,True,tenure; is_month_to_month; TotalCharges,Critical (top 10%)
0258-NOKBL,0.685,True,is_month_to_month; tenure; avg_monthly_spend,Critical (top 10%)
3049-NDXFL,0.685,True,tenure; is_month_to_month; TotalCharges,Critical (top 10%)
3440-JPSCL,0.685,True,MonthlyCharges; is_month_to_month; tenure,Critical (top 10%)
9444-JTXHZ,0.685,True,tenure; is_month_to_month; TotalCharges,Critical (top 10%)
9617-INGJY,0.685,True,tenure; is_month_to_month; TotalCharges,Critical (top 10%)
6892-XPFPU,0.685,True,is_month_to_month; avg_monthly_spend; MonthlyCharges,Critical (top 10%)
9290-SHCMB,0.684,True,is_month_to_month; avg_monthly_spend; MonthlyCharges,Critical (top 10%)
2672-DZUOY,0.684,True,tenure; is_month_to_month; TotalCharges,Critical (top 10%)
3050-GBUSH,0.684,True,is_month_to_month; tenure; OnlineSecurity_No,Critical (top 10%)
7209-JCUDS,0.684,True,is_month_to_month; avg_monthly_spend; InternetService_Fiber optic,Critical (top 10%)
2691-NZETQ,0.684,True,is_month_to_month; avg_monthly_spend; tenure,Critical (top 10%)
9094-AZPHK,0.684,True,MonthlyCharges; is_month_to_month; avg_monthly_spend,Critical (top 10%)
4450-DLLMH,0.684,True,is_month_to_month; tenure; OnlineSecurity_No,Critical (top 10%)
5583-SXDAG,0.683,True,tenure; is_month_to_month; TotalCharges,Critical (top 10%)
9402-ORRAH,0.683,True,is_month_to_month; avg_monthly_spend; InternetService_Fiber optic,Critical (top 10%)
6328-ZPBGN,0.683,True,is_month_to_month; SeniorCitizen; InternetService_Fiber optic,Critical (top 10%)
3669-LVWZB,0.683,True,is_month_to_month; tenure; OnlineSecurity_No,Critical (top 10%)
0231-LXVAP,0.683,True,is_month_to_month; tenure; TotalCharges,Critical (top 10%)
6683-VLCTZ,0.683,True,MonthlyCharges; is_month_to_month; InternetService_Fiber optic,Critical (top 10%)
2371-JQHZZ,0.683,True,is_month_to_month; avg_monthly_spend; InternetService_Fiber optic,Critical (top 10%)
7598-UAASY,0.682,True,is_month_to_month; tenure; TotalCharges,Critical (top 10%)
7402-EYFXX,0.681,True,is_month_to_month; InternetService_Fiber optic; SeniorCitizen,Critical (top 10%)
4597-NUCQV,0.681,True,is_month_to_month; avg_monthly_spend; MonthlyCharges,Critical (top 10%)
8290-YWKHZ,0.681,True,is_month_to_month; SeniorCitizen; InternetService_Fiber optic,Critical (top 10%)
8087-LGYHQ,0.68,True,is_month_to_month; tenure; InternetService_Fiber optic,Critical (top 10%)
0923-PNFUB,0.68,True,is_month_to_month; tenure; avg_monthly_spend,Critical (top 10%)
7249-WBIYX,0.68,True,is_month_to_month; tenure; InternetService_Fiber optic,Critical (top 10%)
2430-USGXP,0.68,True,is_month_to_month; MonthlyCharges; InternetService_Fiber optic,Critical (top 10%)
2815-CPTUL,0.68,True,is_month_to_month; tenure; SeniorCitizen,Critical (top 10%)
4514-GFCFI,0.679,True,is_month_to_month; avg_monthly_spend; InternetService_Fiber optic,Critical (top 10%)
2077-MPJQO,0.679,True,is_month_to_month; tenure; MultipleLines_No,Critical (top 10%)
1740-CSDJP,0.679,True,tenure; is_month_to_month; TotalCharges,Critical (top 10%)
4029-HPFVY,0.679,True,is_month_to_month; tenure; OnlineSecurity_No,Critical (top 10%)
1658-TJVOA,0.679,True,is_month_to_month; tenure; InternetService_Fiber optic,Critical (top 10%)
3066-RRJIO,0.679,True,tenure; is_month_to_month; TotalCharges,Critical (top 10%)
4439-JMPMT,0.678,True,is_month_to_month; tenure; avg_monthly_spend,Critical (top 10%)
8118-LSUEL,0.678,True,is_month_to_month; MonthlyCharges; InternetService_Fiber optic,Critical (top 10%)
8132-YPVBX,0.678,True,is_month_to_month; tenure; avg_monthly_spend,Critical (top 10%)
8875-AKBYH,0.677,True,is_month_to_month; avg_monthly_spend; MultipleLines_No,Critical (top 10%)
2262-SLNVK,0.676,True,tenure; is_month_to_month; TotalCharges,Critical (top 10%)
5889-LFOLL,0.675,True,is_month_to_month; avg_monthly_spend; charge_delta,Critical (top 10%)
8485-GJCDN,0.675,True,is_month_to_month; tenure; SeniorCitizen,Critical (top 10%)
4735-ASGMA,0.674,True,is_month_to_month; MonthlyCharges; InternetService_Fiber optic,Critical (top 10%)
5883-GTGVD,0.674,True,MonthlyCharges; is_month_to_month; avg_monthly_spend,Critical (top 10%)
8168-UQWWF,0.673,True,MonthlyCharges; is_month_to_month; avg_monthly_spend,Critical (top 10%)
0411-EZJZE,0.673,True,is_month_to_month; tenure; PaymentMethod_Electronic check,Critical (top 10%)
5032-MIYKT,0.673,True,tenure; is_month_to_month; TotalCharges,Critical (top 10%)
9576-ANLXO,0.673,True,is_month_to_month; tenure; OnlineSecurity_No,Critical (top 10%)
6215-NQCPY,0.673,True,MonthlyCharges; is_month_to_month; avg_monthly_spend,Critical (top 10%)
4983-CCWMC,0.673,True,is_month_to_month; tenure; charge_delta,Critical (top 10%)
9095-HFAFX,0.672,True,is_month_to_month; tenure; InternetService_Fiber optic,Critical (top 10%)
6705-LXORM,0.672,True,is_month_to_month; SeniorCitizen; tenure,Critical (top 10%)
7079-QRCBC,0.672,True,is_month_to_month; MonthlyCharges; avg_monthly_spend,Critical (top 10%)
6140-QNRQQ,0.672,True,tenure; is_month_to_month; TotalCharges,Critical (top 10%)
2905-KFQUV,0.672,True,is_month_to_month; tenure; OnlineSecurity_No,Critical (top 10%)
9172-ANCRX,0.672,True,is_month_to_month; MonthlyCharges; tenure,Critical (top 10%)
7379-FNIUJ,0.671,True,is_month_to_month; MonthlyCharges; tenure,Critical (top 10%)
6101-IMRMM,0.671,True,is_month_to_month; avg_monthly_spend; tenure,Critical (top 10%)
1960-UYCNN,0.671,True,is_month_to_month; avg_monthly_spend; InternetService_Fiber optic,Critical (top 10%)
6711-FLDFB,0.67,True,is_month_to_month; tenure; MultipleLines_No,Critical (top 10%)
6956-SMUCM,0.67,True,is_month_to_month; MonthlyCharges; tenure,Critical (top 10%)
7365-BVCJH,0.67,True,tenure; is_month_to_month; TotalCharges,Critical (top 10%)
2612-RANWT,0.67,True,MonthlyCharges; is_month_to_month; TotalCharges,Critical (top 10%)
8617-ENBDS,0.67,True,is_month_to_month; tenure; OnlineSecurity_No,Critical (top 10%)
2876-GZYZC,0.669,True,is_month_to_month; avg_monthly_spend; OnlineSecurity_No,Critical (top 10%)
4585-HETAI,0.669,True,is_month_to_month; tenure; TotalCharges,Critical (top 10%)
7508-MYBOG,0.669,True,is_month_to_month; avg_monthly_spend; InternetService_Fiber optic,Critical (top 10%)
2856-HYAPG,0.669,True,TotalCharges; tenure; is_month_to_month,Critical (top 10%)
4112-LUEIZ,0.669,True,is_month_to_month; tenure; InternetService_Fiber optic,Critical (top 10%)
0219-YTZUE,0.669,True,is_month_to_month; tenure; avg_monthly_spend,Critical (top 10%)
6583-KQJLK,0.668,True,is_month_to_month; InternetService_Fiber optic; SeniorCitizen,Critical (top 10%)
9334-GWGOW,0.668,True,is_month_to_month; tenure; SeniorCitizen,Critical (top 10%)
5698-BQJOH,0.668,True,is_month_to_month; avg_monthly_spend; tenure,Critical (top 10%)
1567-DSCIC,0.668,True,is_month_to_month; tenure; InternetService_Fiber optic,Critical (top 10%)
1024-GUALD,0.668,True,tenure; is_month_to_month; TotalCharges,Critical (top 10%)
5054-IEXZT,0.667,True,is_month_to_month; tenure; TotalCharges,Critical (top 10%)
3398-FSHON,0.667,True,is_month_to_month; TotalCharges; InternetService_Fiber optic,Critical (top 10%)
1010-DIAUQ,0.667,True,is_month_to_month; tenure; MonthlyCharges,Critical (top 10%)
0365-BZUWY,0.667,True,is_month_to_month; avg_monthly_spend; MonthlyCharges,Critical (top 10%)
7538-GWHML,0.667,True,is_month_to_month; tenure; TotalCharges,Critical (top 10%)
2642-DTVCO,0.667,True,is_month_to_month; tenure; avg_monthly_spend,Critical (top 10%)
1915-IOFGU,0.666,True,tenure; is_month_to_month; TotalCharges,Critical (top 10%)
7153-OANIO,0.666,True,tenure; is_month_to_month; TotalCharges,Critical (top 10%)
7613-LLQFO,0.666,True,is_month_to_month; avg_monthly_spend; MultipleLines_No,Critical (top 10%)
9330-IJWIO,0.666,True,is_month_to_month; MonthlyCharges; avg_monthly_spend,Critical (top 10%)
3473-XIIIT,0.666,True,MonthlyCharges; is_month_to_month; avg_monthly_spend,Critical (top 10%)
7392-YYPYJ,0.666,True,is_month_to_month; MonthlyCharges; InternetService_Fiber optic,Critical (top 10%)
2079-FBMZK,0.666,True,is_month_to_month; tenure; InternetService_Fiber optic,Critical (top 10%)
1334-FJSVR,0.666,True,tenure; is_month_to_month; TotalCharges,Critical (top 10%)
8433-WXGNA,0.666,True,is_month_to_month; avg_monthly_spend; tenure,Critical (top 10%)
2325-NBPZG,0.665,True,is_month_to_month; tenure; InternetService_Fiber optic,Critical (top 10%)
1636-NTNCO,0.665,True,is_month_to_month; tenure; MultipleLines_No,Critical (top 10%)
0506-LVNGN,0.665,True,is_month_to_month; tenure; SeniorCitizen,Critical (top 10%)
4815-GBTCD,0.665,True,is_month_to_month; tenure; PaymentMethod_Electronic check,Critical (top 10%)
2984-MIIZL,0.665,True,is_month_to_month; tenure; TotalCharges,Critical (top 10%)
5293-WXJAK,0.665,True,is_month_to_month; avg_monthly_spend; TotalCharges,Critical (top 10%)
2969-QWUBZ,0.664,True,is_month_to_month; tenure; TotalCharges,Critical (top 10%)
3338-CVVEH,0.664,True,is_month_to_month; TotalCharges; InternetService_Fiber optic,Critical (top 10%)
9940-RHLFB,0.664,True,tenure; is_month_to_month; TotalCharges,Critical (top 10%)
1450-GALXR,0.664,True,MonthlyCharges; avg_monthly_spend; is_month_to_month,Critical (top 10%)
0581-BXBUB,0.664,True,is_month_to_month; tenure; InternetService_Fiber optic,Critical (top 10%)
8225-BTJAU,0.663,True,is_month_to_month; charge_delta; InternetService_Fiber optic,Critical (top 10%)
0928-JMXNP,0.663,True,is_month_to_month; tenure; PaymentMethod_Electronic check,Critical (top 10%)
5288-AHOUP,0.663,True,is_month_to_month; InternetService_Fiber optic; SeniorCitizen,Critical (top 10%)
7029-RPUAV,0.662,True,is_month_to_month; MonthlyCharges; avg_monthly_spend,Critical (top 10%)
8042-JVNFH,0.662,True,tenure; is_month_to_month; TotalCharges,Critical (top 10%)
9185-TQCVP,0.662,True,is_month_to_month; TotalCharges; InternetService_Fiber optic,Critical (top 10%)
4298-OYIFC,0.661,True,is_month_to_month; avg_monthly_spend; MonthlyCharges,Critical (top 10%)
4123-DVHPH,0.661,True,is_month_to_month; tenure; avg_monthly_spend,Critical (top 10%)
0388-EOPEX,0.661,True,is_month_to_month; tenure; PaymentMethod_Electronic check,Critical (top 10%)
3841-CONLJ,0.661,True,tenure; is_month_to_month; TotalCharges,Critical (top 10%)
5366-IJEQJ,0.661,True,is_month_to_month; charge_delta; InternetService_Fiber optic,Critical (top 10%)
2260-USTRB,0.66,True,is_month_to_month; tenure; SeniorCitizen,Critical (top 10%)
4505-EXZHB,0.66,True,is_month_to_month; SeniorCitizen; tenure,Critical (top 10%)
8510-AWCXC,0.66,True,is_month_to_month; avg_monthly_spend; MonthlyCharges,Critical (top 10%)
6910-HADCM,0.66,True,tenure; is_month_to_month; TotalCharges,Critical (top 10%)
6029-WTIPC,0.659,True,is_month_to_month; avg_monthly_spend; InternetService_Fiber optic,Critical (top 10%)
8357-EQXFO,0.659,True,is_month_to_month; avg_monthly_spend; tenure,Critical (top 10%)
0746-JTRFU,0.659,True,is_month_to_month; tenure; TotalCharges,Critical (top 10%)
6986-IXNDM,0.659,True,is_month_to_month; avg_monthly_spend; InternetService_Fiber optic,Critical (top 10%)
0871-URUWO,0.659,True,is_month_to_month; avg_monthly_spend; MonthlyCharges,Critical (top 10%)
3292-PBZEJ,0.659,True,is_month_to_month; TotalCharges; InternetService_Fiber optic,Critical (top 10%)
3855-ONCAR,0.658,True,is_month_to_month; tenure; InternetService_Fiber optic,Critical (top 10%)
7130-VTEWQ,0.658,True,is_month_to_month; charge_delta; tenure,Critical (top 10%)
0772-GYEQQ,0.658,True,is_month_to_month; tenure; charge_delta,High (next 20%)
6175-IRFIT,0.658,True,is_month_to_month; tenure; avg_monthly_spend,High (next 20%)
7767-UXAGJ,0.657,True,tenure; is_month_to_month; TotalCharges,High (next 20%)
9399-APLBT,0.657,True,tenure; is_month_to_month; TotalCharges,High (next 20%)
3376-BMGFE,0.657,True,is_month_to_month; tenure; InternetService_Fiber optic,High (next 20%)
1866-RZZQS,0.657,True,is_month_to_month; MonthlyCharges; avg_monthly_spend,High (next 20%)
6715-OFDBP,0.657,True,is_month_to_month; tenure; charge_delta,High (next 20%)
4854-CIDCF,0.657,True,is_month_to_month; SeniorCitizen; tenure,High (next 20%)
7295-JOMMD,0.656,True,MonthlyCharges; tenure; is_month_to_month,High (next 20%)
5712-PTIWW,0.656,True,is_month_to_month; tenure; MonthlyCharges,High (next 20%)
8676-TRMJS,0.656,True,is_month_to_month; tenure; TotalCharges,High (next 20%)
4759-TRPLW,0.656,True,tenure; is_month_to_month; TotalCharges,High (next 20%)
3797-VTIDR,0.656,True,tenure; is_month_to_month; TotalCharges,High (next 20%)
3801-HMYNL,0.656,True,tenure; is_month_to_month; TotalCharges,High (next 20%)
5729-KLZAR,0.656,True,is_month_to_month; tenure; OnlineSecurity_No,High (next 20%)
3177-LASXD,0.655,True,tenure; is_month_to_month; TotalCharges,High (next 20%)
8063-GBATB,0.655,True,is_month_to_month; avg_monthly_spend; InternetService_Fiber optic,High (next 20%)
3748-FVMZZ,0.655,True,is_month_to_month; tenure; PaymentMethod_Electronic check,High (next 20%)
3496-LFSZU,0.655,True,is_month_to_month; tenure; OnlineSecurity_No,High (next 20%)
5442-BHQNG,0.655,True,is_month_to_month; tenure; TotalCharges,High (next 20%)
8937-RDTHP,0.655,True,tenure; is_month_to_month; TotalCharges,High (next 20%)
2107-FBPTK,0.655,True,is_month_to_month; avg_monthly_spend; InternetService_Fiber optic,High (next 20%)
7952-OBOYL,0.654,True,is_month_to_month; tenure; OnlineSecurity_No,High (next 20%)
4236-XPXAV,0.654,True,MonthlyCharges; tenure; is_month_to_month,High (next 20%)
2845-AFFTX,0.654,True,is_month_to_month; MonthlyCharges; avg_monthly_spend,High (next 20%)
0396-YCHWO,0.654,True,is_month_to_month; InternetService_Fiber optic; OnlineSecurity_No,High (next 20%)
6338-AVWCY,0.654,True,is_month_to_month; tenure; OnlineSecurity_No,High (next 20%)
1062-LHZOD,0.651,True,TotalCharges; tenure; is_month_to_month,High (next 20%)
1086-LXKFY,0.651,True,TotalCharges; tenure; is_month_to_month,High (next 20%)
5043-TRZWM,0.651,True,tenure; is_month_to_month; TotalCharges,High (next 20%)
8650-RHRKE,0.651,True,is_month_to_month; tenure; PaymentMethod_Electronic check,High (next 20%)
6507-ZJSUR,0.651,True,is_month_to_month; InternetService_Fiber optic; avg_monthly_spend,High (next 20%)
5216-WASFJ,0.651,True,is_month_to_month; avg_monthly_spend; charge_delta,High (next 20%)
5649-ANRML,0.651,True,tenure; is_month_to_month; MonthlyCharges,High (next 20%)
6680-WKXRZ,0.651,True,is_month_to_month; tenure; InternetService_Fiber optic,High (next 20%)
7590-VHVEG,0.651,True,tenure; is_month_to_month; TotalCharges,High (next 20%)
5348-CAGXB,0.65,True,is_month_to_month; InternetService_Fiber optic; PaymentMethod_Electronic check,High (next 20%)
6331-EWIEB,0.65,True,is_month_to_month; avg_monthly_spend; InternetService_Fiber optic,High (next 20%)
8120-JDCAM,0.65,True,is_month_to_month; tenure; InternetService_Fiber optic,High (next 20%)
1579-KLYDT,0.65,True,is_month_to_month; tenure; avg_monthly_spend,High (next 20%)
2041-JIJCI,0.65,True,is_month_to_month; tenure; OnlineSecurity_No,High (next 20%)
3254-YRILK,0.65,True,is_month_to_month; avg_monthly_spend; OnlineSecurity_No,High (next 20%)
7571-YXDAD,0.649,True,is_month_to_month; tenure; TotalCharges,High (next 20%)
3990-QYKBE,0.649,True,is_month_to_month; avg_monthly_spend; InternetService_Fiber optic,High (next 20%)
6645-MXQJT,0.649,True,is_month_to_month; tenure; avg_monthly_spend,High (next 20%)
0812-WUPTB,0.649,True,tenure; is_month_to_month; TotalCharges,High (next 20%)
2619-WFQWU,0.649,True,tenure; is_month_to_month; TotalCharges,High (next 20%)
9985-MWVIX,0.649,True,tenure; is_month_to_month; TotalCharges,High (next 20%)
6127-ISGTU,0.649,True,is_month_to_month; avg_monthly_spend; charge_delta,High (next 20%)
8397-MVTAZ,0.649,True,MonthlyCharges; is_month_to_month; avg_monthly_spend,High (next 20%)
3372-KWFBM,0.649,True,is_month_to_month; InternetService_Fiber optic; SeniorCitizen,High (next 20%)
2840-XANRC,0.648,True,is_month_to_month; avg_monthly_spend; InternetService_Fiber optic,High (next 20%)
9514-JDSKI,0.648,True,tenure; is_month_to_month; TotalCharges,High (next 20%)
9279-CJEOJ,0.648,True,is_month_to_month; InternetService_Fiber optic; SeniorCitizen,High (next 20%)
0011-IGKFF,0.648,True,is_month_to_month; MonthlyCharges; avg_monthly_spend,High (next 20%)
4958-XCBDQ,0.647,True,is_month_to_month; avg_monthly_spend; MonthlyCharges,High (next 20%)
0968-GSIKN,0.647,True,tenure; is_month_to_month; TotalCharges,High (next 20%)
5928-QLDHB,0.647,True,is_month_to_month; tenure; InternetService_Fiber optic,High (next 20%)
6993-OHLXR,0.646,True,is_month_to_month; tenure; OnlineSecurity_No,High (next 20%)
2645-QTLMB,0.646,True,is_month_to_month; avg_monthly_spend; tenure,High (next 20%)
7234-FECYN,0.646,True,is_month_to_month; MonthlyCharges; tenure,High (next 20%)
3317-VLGQT,0.646,True,is_month_to_month; InternetService_Fiber optic; OnlineSecurity_No,High (next 20%)
6260-ONULR,0.646,True,tenure; is_month_to_month; TotalCharges,High (next 20%)
3629-ZNKXA,0.645,True,is_month_to_month; avg_monthly_spend; MonthlyCharges,High (next 20%)
6851-WEFYX,0.645,True,is_month_to_month; MonthlyCharges; InternetService_Fiber optic,High (next 20%)
1254-IZEYF,0.645,True,is_month_to_month; MonthlyCharges; avg_monthly_spend,High (next 20%)
0325-XBFAC,0.644,True,is_month_to_month; avg_monthly_spend; tenure,High (next 20%)
6543-XRMYR,0.644,True,is_month_to_month; MonthlyCharges; avg_monthly_spend,High (next 20%)
2657-VPXTA,0.644,True,is_month_to_month; avg_monthly_spend; OnlineSecurity_No,High (next 20%)
1212-GLHMD,0.643,True,is_month_to_month; tenure; avg_monthly_spend,High (next 20%)
4445-ZJNMU,0.643,True,MonthlyCharges; is_month_to_month; avg_monthly_spend,High (next 20%)
8541-QVFKM,0.643,True,is_month_to_month; tenure; InternetService_Fiber optic,High (next 20%)
2929-ERCFZ,0.643,True,is_month_to_month; tenure; MonthlyCharges,High (next 20%)
5117-IFGPS,0.643,True,is_month_to_month; SeniorCitizen; InternetService_Fiber optic,High (next 20%)
7284-BUYEC,0.642,True,is_month_to_month; tenure; OnlineSecurity_No,High (next 20%)
5937-EORGB,0.642,True,is_month_to_month; avg_monthly_spend; InternetService_Fiber optic,High (next 20%)
2754-SDJRD,0.642,True,MonthlyCharges; is_month_to_month; InternetService_Fiber optic,High (next 20%)
0330-IVZHA,0.642,True,is_month_to_month; tenure; InternetService_Fiber optic,High (next 20%)
6210-KBBPI,0.642,True,MonthlyCharges; is_month_to_month; avg_monthly_spend,High (next 20%)
2180-DXNEG,0.642,True,is_month_to_month; MonthlyCharges; InternetService_Fiber optic,High (next 20%)
6899-PPEEA,0.641,True,is_month_to_month; MonthlyCharges; avg_monthly_spend,High (next 20%)
0840-DFEZH,0.641,True,is_month_to_month; tenure; InternetService_Fiber optic,High (next 20%)
4741-WWJQZ,0.641,True,is_month_to_month; tenure; InternetService_Fiber optic,High (next 20%)
0939-YAPAF,0.64,True,is_month_to_month; avg_monthly_spend; MonthlyCharges,High (next 20%)
4257-GAESD,0.64,True,is_month_to_month; OnlineSecurity_No; tenure,High (next 20%)
2740-TVLFN,0.64,True,tenure; is_month_to_month; TotalCharges,High (next 20%)
9822-OAOVB,0.64,True,tenure; is_month_to_month; TotalCharges,High (next 20%)
2845-HSJCY,0.64,True,is_month_to_month; InternetService_Fiber optic; OnlineSecurity_No,High (next 20%)
6198-RTPMF,0.639,True,is_month_to_month; avg_monthly_spend; InternetService_Fiber optic,High (next 20%)
9734-UYXQI,0.639,True,is_month_to_month; tenure; TotalCharges,High (next 20%)
4629-NRXKX,0.639,True,is_month_to_month; tenure; TotalCharges,High (next 20%)
2809-ZMYOQ,0.639,True,is_month_to_month; avg_monthly_spend; InternetService_Fiber optic,High (next 20%)
2439-LYPMQ,0.638,True,is_month_to_month; avg_monthly_spend; MonthlyCharges,High (next 20%)
4039-HEUNW,0.638,True,is_month_to_month; avg_monthly_spend; MonthlyCharges,High (next 20%)
7831-QGOXH,0.637,True,is_month_to_month; avg_monthly_spend; InternetService_Fiber optic,High (next 20%)
0420-HLGXF,0.636,True,is_month_to_month; avg_monthly_spend; MonthlyCharges,High (next 20%)
9391-EOYLI,0.636,True,is_month_to_month; SeniorCitizen; InternetService_Fiber optic,High (next 20%)
6086-ESGRL,0.636,True,tenure; is_month_to_month; TotalCharges,High (next 20%)
2665-NPTGL,0.636,True,is_month_to_month; MonthlyCharges; InternetService_Fiber optic,High (next 20%)
4484-CGXFK,0.636,True,is_month_to_month; tenure; OnlineSecurity_No,High (next 20%)
2272-QAGFO,0.635,True,is_month_to_month; MultipleLines_No; InternetService_Fiber optic,High (next 20%)
1496-GGSUK,0.635,True,tenure; is_month_to_month; TotalCharges,High (next 20%)
7354-OIJLX,0.635,True,is_month_to_month; InternetService_Fiber optic; MultipleLines_No,High (next 20%)
5357-TZHPP,0.635,True,is_month_to_month; tenure; InternetService_Fiber optic,High (next 20%)
3393-FMZPV,0.634,True,is_month_to_month; MonthlyCharges; avg_monthly_spend,High (next 20%)
8519-IMDHU,0.634,True,is_month_to_month; InternetService_Fiber optic; OnlineSecurity_No,High (next 20%)
0876-WDUUZ,0.634,True,is_month_to_month; tenure; MonthlyCharges,High (next 20%)
7028-DVOIQ,0.633,True,is_month_to_month; MonthlyCharges; InternetService_Fiber optic,High (next 20%)
3001-UNBTL,0.633,True,is_month_to_month; avg_monthly_spend; InternetService_Fiber optic,High (next 20%)
9685-WKZGT,0.633,True,is_month_to_month; SeniorCitizen; InternetService_Fiber optic,High (next 20%)
2568-OIADY,0.633,True,avg_monthly_spend; is_month_to_month; MonthlyCharges,High (next 20%)
5832-XKAES,0.632,True,is_month_to_month; tenure; OnlineSecurity_No,High (next 20%)
3318-OSATS,0.632,True,is_month_to_month; avg_monthly_spend; InternetService_Fiber optic,High (next 20%)
8481-YYXWG,0.632,True,is_month_to_month; tenure; avg_monthly_spend,High (next 20%)
0515-YPMCW,0.632,True,tenure; is_month_to_month; TotalCharges,High (next 20%)
1184-PJVDB,0.632,True,is_month_to_month; avg_monthly_spend; OnlineSecurity_No,High (next 20%)
5261-QSHQM,0.631,True,is_month_to_month; tenure; PaymentMethod_Electronic check,High (next 20%)
5628-FCGYG,0.631,True,is_month_to_month; avg_monthly_spend; PaymentMethod_Electronic check,High (next 20%)
4763-PGDPO,0.631,True,is_month_to_month; tenure; InternetService_Fiber optic,High (next 20%)
9840-EFJQB,0.63,True,tenure; is_month_to_month; TotalCharges,High (next 20%)
8263-JQAIK,0.63,True,is_month_to_month; tenure; TotalCharges,High (next 20%)
8417-FMLZI,0.63,True,is_month_to_month; tenure; InternetService_Fiber optic,High (next 20%)
1704-NRWYE,0.63,True,is_month_to_month; avg_monthly_spend; tenure,High (next 20%)
0139-IVFJG,0.629,True,is_month_to_month; avg_monthly_spend; tenure,High (next 20%)
2057-ZBLPD,0.629,True,is_month_to_month; InternetService_Fiber optic; avg_monthly_spend,High (next 20%)
6116-RFVHN,0.629,True,is_month_to_month; avg_monthly_spend; InternetService_Fiber optic,High (next 20%)
2754-VDLTR,0.629,True,is_month_to_month; avg_monthly_spend; tenure,High (next 20%)
3538-WZPHD,0.629,True,is_month_to_month; tenure; TotalCharges,High (next 20%)
4822-YCXMX,0.629,True,is_month_to_month; InternetService_Fiber optic; PaymentMethod_Electronic check,High (next 20%)
5445-UTODQ,0.628,True,is_month_to_month; tenure; avg_monthly_spend,High (next 20%)
7595-EUIVN,0.628,True,tenure; is_month_to_month; TotalCharges,High (next 20%)
6923-JHPMP,0.627,True,is_month_to_month; tenure; InternetService_Fiber optic,High (next 20%)
3001-CBHLQ,0.627,True,is_month_to_month; avg_monthly_spend; InternetService_Fiber optic,High (next 20%)
9606-PBKBQ,0.627,True,is_month_to_month; avg_monthly_spend; SeniorCitizen,High (next 20%)
8107-KNCIM,0.627,True,is_month_to_month; SeniorCitizen; InternetService_Fiber optic,High (next 20%)
7363-QTBIW,0.627,True,is_month_to_month; avg_monthly_spend; OnlineSecurity_No,High (next 20%)
4124-MMETB,0.627,True,is_month_to_month; avg_monthly_spend; InternetService_Fiber optic,High (next 20%)
5219-YIPTK,0.627,True,is_month_to_month; avg_monthly_spend; InternetService_Fiber optic,High (next 20%)
1122-JWTJW,0.626,True,tenure; is_month_to_month; TotalCharges,High (next 20%)
8868-WOZGU,0.626,True,avg_monthly_spend; is_month_to_month; InternetService_Fiber optic,High (next 20%)
2919-HBCJO,0.626,True,is_month_to_month; tenure; avg_monthly_spend,High (next 20%)
0480-BIXDE,0.625,True,is_month_to_month; MonthlyCharges; InternetService_Fiber optic,High (next 20%)
1104-TNLZA,0.625,True,avg_monthly_spend; is_month_to_month; MonthlyCharges,High (next 20%)
7780-OTDSO,0.625,True,MonthlyCharges; is_month_to_month; avg_monthly_spend,High (next 20%)
2468-SJFLM,0.624,True,is_month_to_month; tenure; TotalCharges,High (next 20%)
3030-YDNRM,0.624,True,is_month_to_month; tenure; PaymentMethod_Electronic check,High (next 20%)
8313-NDOIA,0.624,True,is_month_to_month; avg_monthly_spend; InternetService_Fiber optic,High (next 20%)
3951-NJCVI,0.624,True,is_month_to_month; avg_monthly_spend; SeniorCitizen,High (next 20%)
8634-MPHTR,0.624,True,MonthlyCharges; is_month_to_month; avg_monthly_spend,High (next 20%)
0722-SVSFK,0.623,True,is_month_to_month; avg_monthly_spend; MonthlyCharges,High (next 20%)
4919-MOAVT,0.623,True,is_month_to_month; tenure; OnlineSecurity_No,High (next 20%)
9314-IJWSQ,0.623,True,is_month_to_month; avg_monthly_spend; charge_delta,High (next 20%)
9121-PHQSR,0.623,True,is_month_to_month; avg_monthly_spend; InternetService_Fiber optic,High (next 20%)
2123-AGEEN,0.622,True,is_month_to_month; tenure; avg_monthly_spend,High (next 20%)
2080-GKCWQ,0.622,True,is_month_to_month; tenure; InternetService_Fiber optic,High (next 20%)
5960-MVTUK,0.622,True,is_month_to_month; tenure; TotalCharges,High (next 20%)
0248-IPDFW,0.622,True,tenure; is_month_to_month; TotalCharges,High (next 20%)
1751-NCDLI,0.622,True,is_month_to_month; MonthlyCharges; avg_monthly_spend,High (next 20%)
5122-CYFXA,0.622,True,is_month_to_month; tenure; OnlineSecurity_No,High (next 20%)
5760-FXFVO,0.622,True,is_month_to_month; avg_monthly_spend; tenure,High (next 20%)
5168-MSWXT,0.622,True,is_month_to_month; avg_monthly_spend; tenure,High (next 20%)
1078-TDCRN,0.622,True,is_month_to_month; tenure; SeniorCitizen,High (next 20%)
0616-ATFGB,0.621,True,tenure; is_month_to_month; TotalCharges,High (next 20%)
4282-YMKNA,0.621,True,is_month_to_month; tenure; InternetService_Fiber optic,High (next 20%)
9565-DJPIB,0.621,True,is_month_to_month; tenure; avg_monthly_spend,High (next 20%)
0168-XZKBB,0.621,True,is_month_to_month; InternetService_Fiber optic; PaymentMethod_Electronic check,High (next 20%)
4706-AXVKM,0.62,True,is_month_to_month; SeniorCitizen; InternetService_Fiber optic,High (next 20%)
8640-SDGKB,0.62,True,is_month_to_month; tenure; PaymentMethod_Electronic check,High (next 20%)
2608-BHKFN,0.62,True,is_month_to_month; tenure; InternetService_Fiber optic,High (next 20%)
5299-RULOA,0.619,True,avg_monthly_spend; is_month_to_month; MonthlyCharges,High (next 20%)
1666-JXLKU,0.619,True,is_month_to_month; MonthlyCharges; avg_monthly_spend,High (next 20%)
6393-WRYZE,0.619,True,is_month_to_month; avg_monthly_spend; MonthlyCharges,High (next 20%)
5669-SRAIP,0.619,True,is_month_to_month; tenure; TotalCharges,High (next 20%)
6326-MTTXK,0.618,True,is_month_to_month; MonthlyCharges; avg_monthly_spend,High (next 20%)
7145-FEJWU,0.618,True,avg_monthly_spend; is_month_to_month; InternetService_Fiber optic,High (next 20%)
0817-HSUSE,0.618,True,tenure; is_month_to_month; TotalCharges,High (next 20%)
2920-RNCEZ,0.618,True,tenure; is_month_to_month; TotalCharges,High (next 20%)
3199-XGZCY,0.618,True,is_month_to_month; tenure; InternetService_Fiber optic,High (next 20%)
9734-YWGEX,0.618,True,is_month_to_month; MonthlyCharges; avg_monthly_spend,High (next 20%)
3565-UNOCC,0.617,True,avg_monthly_spend; is_month_to_month; MonthlyCharges,High (next 20%)
7479-NITWS,0.617,True,is_month_to_month; tenure; avg_monthly_spend,High (next 20%)
5501-TVMGM,0.617,True,tenure; is_month_to_month; TotalCharges,High (next 20%)
4285-GYRQC,0.617,True,is_month_to_month; tenure; avg_monthly_spend,High (next 20%)
0661-XEYAN,0.617,True,tenure; is_month_to_month; TotalCharges,High (next 20%)
7240-ETPTR,0.617,True,is_month_to_month; tenure; PaymentMethod_Electronic check,High (next 20%)
8734-DKSTZ,0.617,True,is_month_to_month; avg_monthly_spend; InternetService_Fiber optic,High (next 20%)
2862-PFNIK,0.616,True,tenure; is_month_to_month; TotalCharges,High (next 20%)
3916-NRPAP,0.615,True,is_month_to_month; tenure; avg_monthly_spend,High (next 20%)
7786-WBJYI,0.615,True,is_month_to_month; tenure; InternetService_Fiber optic,High (next 20%)
3753-TSEMP,0.615,True,is_month_to_month; avg_monthly_spend; InternetService_Fiber optic,High (next 20%)
8065-YKXKD,0.615,True,is_month_to_month; MultipleLines_No; InternetService_Fiber optic,High (next 20%)
2688-BHGOG,0.615,True,is_month_to_month; tenure; InternetService_Fiber optic,High (next 20%)
4612-SSVHJ,0.615,True,is_month_to_month; InternetService_Fiber optic; avg_monthly_spend,High (next 20%)
2454-RPBRZ,0.614,True,MonthlyCharges; is_month_to_month; TotalCharges,High (next 20%)
0122-OAHPZ,0.614,True,is_month_to_month; tenure; InternetService_Fiber optic,High (next 20%)
7854-FOKSF,0.614,True,tenure; is_month_to_month; TotalCharges,High (next 20%)
2424-WVHPL,0.614,True,is_month_to_month; tenure; TotalCharges,High (next 20%)
3217-FZDMN,0.613,True,is_month_to_month; tenure; avg_monthly_spend,High (next 20%)
1309-BXVOQ,0.613,True,avg_monthly_spend; is_month_to_month; MonthlyCharges,High (next 20%)
7394-FKDNK,0.613,True,is_month_to_month; avg_monthly_spend; tenure,High (next 20%)
4433-JCGCG,0.613,True,avg_monthly_spend; is_month_to_month; MonthlyCharges,High (next 20%)
4398-HSCJH,0.613,True,is_month_to_month; tenure; PaymentMethod_Electronic check,High (next 20%)
6712-OAWRH,0.613,True,is_month_to_month; InternetService_Fiber optic; SeniorCitizen,High (next 20%)
5167-GBFRE,0.613,True,is_month_to_month; tenure; SeniorCitizen,High (next 20%)
1024-VRZHF,0.612,True,is_month_to_month; MultipleLines_No; InternetService_Fiber optic,High (next 20%)
8543-MSDMF,0.612,True,is_month_to_month; tenure; PaymentMethod_Electronic check,High (next 20%)
5229-PRWKT,0.612,True,is_month_to_month; tenure; InternetService_Fiber optic,High (next 20%)
8040-MNRTF,0.612,True,tenure; is_month_to_month; TotalCharges,High (next 20%)
4631-OACRM,0.612,True,is_month_to_month; TotalCharges; SeniorCitizen,High (next 20%)
8699-ASUFO,0.612,True,is_month_to_month; tenure; InternetService_Fiber optic,High (next 20%)
5959-BELXA,0.612,True,is_month_to_month; avg_monthly_spend; SeniorCitizen,High (next 20%)
3247-ZVOUO,0.612,True,is_month_to_month; SeniorCitizen; avg_monthly_spend,High (next 20%)
4385-GZQXV,0.612,True,is_month_to_month; avg_monthly_spend; charge_delta,High (next 20%)
6087-MVHJH,0.611,True,is_month_to_month; InternetService_Fiber optic; MultipleLines_No,High (next 20%)
8111-SLLHI,0.611,True,is_month_to_month; MonthlyCharges; OnlineSecurity_No,High (next 20%)
3186-BAXNB,0.61,True,is_month_to_month; tenure; TotalCharges,High (next 20%)
3063-QFSZL,0.61,True,tenure; is_month_to_month; TotalCharges,High (next 20%)
1195-OIYEJ,0.61,True,is_month_to_month; TotalCharges; InternetService_Fiber optic,High (next 20%)
3866-MDTUB,0.61,True,is_month_to_month; tenure; TotalCharges,High (next 20%)
0612-RTZZA,0.609,True,tenure; is_month_to_month; SeniorCitizen,High (next 20%)
3583-EKAPL,0.609,True,tenure; is_month_to_month; TotalCharges,High (next 20%)
4137-BTIKL,0.609,True,is_month_to_month; tenure; avg_monthly_spend,High (next 20%)
7242-QZLXF,0.609,True,tenure; is_month_to_month; TotalCharges,High (next 20%)
5138-WVKYJ,0.608,True,is_month_to_month; MonthlyCharges; avg_monthly_spend,High (next 20%)
4817-VYYWS,0.608,True,is_month_to_month; avg_monthly_spend; MonthlyCharges,High (next 20%)
1268-ASBGA,0.608,True,is_month_to_month; avg_monthly_spend; InternetService_Fiber optic,High (next 20%)
6994-KERXL,0.608,True,is_month_to_month; tenure; OnlineSecurity_No,High (next 20%)
8017-LXHFA,0.607,True,is_month_to_month; InternetService_Fiber optic; avg_monthly_spend,High (next 20%)
1200-TUZHR,0.607,True,is_month_to_month; avg_monthly_spend; tenure,High (next 20%)
7315-WYOAW,0.607,True,is_month_to_month; MonthlyCharges; avg_monthly_spend,High (next 20%)
6595-YGXIT,0.606,True,is_month_to_month; InternetService_Fiber optic; MultipleLines_No,High (next 20%)
4325-NFSKC,0.606,True,is_month_to_month; InternetService_Fiber optic; avg_monthly_spend,High (next 20%)
4283-FUTGF,0.606,True,is_month_to_month; PaymentMethod_Electronic check; InternetService_Fiber optic,High (next 20%)
8374-XGEJJ,0.606,True,is_month_to_month; avg_monthly_spend; MonthlyCharges,High (next 20%)
3045-XETSH,0.606,True,is_month_to_month; avg_monthly_spend; tenure,High (next 20%)
1766-GKNMI,0.606,True,is_month_to_month; avg_monthly_spend; InternetService_Fiber optic,High (next 20%)
4873-ILOLJ,0.606,True,is_month_to_month; avg_monthly_spend; InternetService_Fiber optic,High (next 20%)
2026-TGDHM,0.605,True,is_month_to_month; tenure; InternetService_Fiber optic,High (next 20%)
6000-APYLU,0.605,True,is_month_to_month; tenure; InternetService_Fiber optic,High (next 20%)
9208-OLGAQ,0.605,True,is_month_to_month; InternetService_Fiber optic; SeniorCitizen,High (next 20%)
8739-WWKDU,0.605,True,is_month_to_month; InternetService_Fiber optic; SeniorCitizen,High (next 20%)
3966-HRMZA,0.605,True,is_month_to_month; SeniorCitizen; tenure,High (next 20%)
7137-RYLPP,0.604,True,is_month_to_month; InternetService_Fiber optic; PaymentMethod_Electronic check,High (next 20%)
3932-CMDTD,0.604,True,MonthlyCharges; tenure; TotalCharges,High (next 20%)
1571-SAVHK,0.604,True,MonthlyCharges; is_month_to_month; avg_monthly_spend,High (next 20%)
8404-GFGCZ,0.604,True,is_month_to_month; tenure; OnlineSecurity_No,High (next 20%)
3106-ULWFW,0.604,True,is_month_to_month; tenure; InternetService_Fiber optic,High (next 20%)
0872-NXJYS,0.604,True,is_month_to_month; charge_delta; tenure,High (next 20%)
7994-UYIVZ,0.603,True,is_month_to_month; tenure; avg_monthly_spend,High (next 20%)
6005-OBZPH,0.603,True,is_month_to_month; InternetService_Fiber optic; SeniorCitizen,High (next 20%)
0576-WNXXC,0.603,True,is_month_to_month; SeniorCitizen; InternetService_Fiber optic,High (next 20%)
0221-WMXNQ,0.602,True,is_month_to_month; SeniorCitizen; tenure,High (next 20%)
7802-EFKNY,0.602,True,is_month_to_month; tenure; PaymentMethod_Electronic check,High (next 20%)
1508-DFXCU,0.602,True,is_month_to_month; InternetService_Fiber optic; PaymentMethod_Electronic check,High (next 20%)
9415-DPEWS,0.602,True,is_month_to_month; PaymentMethod_Electronic check; InternetService_Fiber optic,High (next 20%)
6437-UKHMV,0.602,True,is_month_to_month; avg_monthly_spend; tenure,High (next 20%)
5980-NOPLP,0.602,True,is_month_to_month; MonthlyCharges; avg_monthly_spend,High (next 20%)
8276-MQBYC,0.601,True,is_month_to_month; MonthlyCharges; SeniorCitizen,High (next 20%)
2357-COQEK,0.601,True,is_month_to_month; avg_monthly_spend; InternetService_Fiber optic,High (next 20%)
2080-CAZNM,0.601,True,is_month_to_month; avg_monthly_spend; SeniorCitizen,High (next 20%)
4998-IKFSE,0.601,True,is_month_to_month; avg_monthly_spend; InternetService_Fiber optic,High (next 20%)
9992-RRAMN,0.601,True,is_month_to_month; charge_delta; avg_monthly_spend,High (next 20%)
1746-TGTWV,0.601,True,tenure; is_month_to_month; TotalCharges,High (next 20%)
2249-YPRNG,0.601,True,is_month_to_month; MonthlyCharges; InternetService_Fiber optic,High (next 20%)
7206-PQBBZ,0.601,True,is_month_to_month; InternetService_Fiber optic; OnlineSecurity_No,High (next 20%)
9894-EZEWG,0.601,True,tenure; is_month_to_month; TotalCharges,High (next 20%)
3211-AAPKX,0.6,True,MonthlyCharges; avg_monthly_spend; is_month_to_month,High (next 20%)
9647-ERGBE,0.6,True,is_month_to_month; MonthlyCharges; avg_monthly_spend,High (next 20%)
3672-YITQD,0.6,True,is_month_to_month; avg_monthly_spend; InternetService_Fiber optic,High (next 20%)
1565-RHDJD,0.6,True,is_month_to_month; tenure; avg_monthly_spend,High (next 20%)
7517-LDMPS,0.6,True,is_month_to_month; avg_monthly_spend; InternetService_Fiber optic,High (next 20%)
5482-PLVPE,0.6,True,is_month_to_month; SeniorCitizen; tenure,High (next 20%)
8212-DJRCH,0.599,True,is_month_to_month; tenure; avg_monthly_spend,High (next 20%)
4521-YEEHE,0.599,True,is_month_to_month; PaymentMethod_Electronic check; InternetService_Fiber optic,High (next 20%)
8808-ELEHO,0.599,True,is_month_to_month; tenure; SeniorCitizen,High (next 20%)
1028-FFNJK,0.599,True,is_month_to_month; MonthlyCharges; InternetService_Fiber optic,High (next 20%)
0709-TVGUR,0.598,True,is_month_to_month; SeniorCitizen; tenure,High (next 20%)
0148-DCDOS,0.598,True,is_month_to_month; avg_monthly_spend; InternetService_Fiber optic,High (next 20%)
0115-TFERT,0.598,True,is_month_to_month; charge_delta; InternetService_Fiber optic,High (next 20%)
2025-JKFWI,0.597,True,MonthlyCharges; is_month_to_month; avg_monthly_spend,High (next 20%)
9136-ALYBR,0.597,True,tenure; is_month_to_month; TotalCharges,High (next 20%)
8709-KRDVL,0.597,True,is_month_to_month; MonthlyCharges; avg_monthly_spend,High (next 20%)
5519-YLDGW,0.597,True,avg_monthly_spend; is_month_to_month; MonthlyCharges,High (next 20%)
5543-QDCRY,0.597,True,is_month_to_month; tenure; OnlineSecurity_No,High (next 20%)
5940-NFXKV,0.596,True,is_month_to_month; InternetService_Fiber optic; PaymentMethod_Electronic check,High (next 20%)
7881-EVUAD,0.596,True,is_month_to_month; tenure; PaymentMethod_Electronic check,High (next 20%)
5940-AHUHD,0.596,True,tenure; is_month_to_month; TotalCharges,High (next 20%)
8687-BAFGU,0.596,True,is_month_to_month; tenure; TotalCharges,High (next 20%)
0524-IAVZO,0.595,True,is_month_to_month; avg_monthly_spend; InternetService_Fiber optic,High (next 20%)
1891-UAWWU,0.595,True,is_month_to_month; InternetService_Fiber optic; MultipleLines_No,High (next 20%)
5480-HPRRX,0.595,True,is_month_to_month; tenure; TotalCharges,High (next 20%)
3999-QGRJH,0.595,True,is_month_to_month; tenure; InternetService_Fiber optic,High (next 20%)
0674-DGMAQ,0.595,True,is_month_to_month; avg_monthly_spend; SeniorCitizen,High (next 20%)
4301-VVZKA,0.594,True,is_month_to_month; PaymentMethod_Electronic check; InternetService_Fiber optic,High (next 20%)
5842-POCOP,0.594,True,is_month_to_month; tenure; avg_monthly_spend,High (next 20%)
5884-GCYMI,0.594,True,TotalCharges; tenure; is_month_to_month,High (next 20%)
5909-ECHUI,0.594,True,tenure; is_month_to_month; TotalCharges,High (next 20%)
7159-FVYPK,0.592,True,is_month_to_month; tenure; OnlineSecurity_No,High (next 20%)
3585-ISXZP,0.592,True,is_month_to_month; tenure; InternetService_Fiber optic,High (next 20%)
7853-OETYL,0.592,True,is_month_to_month; tenure; PaymentMethod_Electronic check,High (next 20%)
7861-UVUFT,0.592,True,is_month_to_month; avg_monthly_spend; InternetService_Fiber optic,High (next 20%)
2504-DSHIH,0.592,True,is_month_to_month; SeniorCitizen; InternetService_Fiber optic,High (next 20%)
9643-AVVWI,0.591,True,is_month_to_month; tenure; MonthlyCharges,High (next 20%)
8648-PFRMP,0.591,True,is_month_to_month; PaymentMethod_Electronic check; MultipleLines_No,High (next 20%)
9747-DDZOS,0.591,True,tenure; is_month_to_month; TotalCharges,High (next 20%)
6034-YMTOB,0.591,True,is_month_to_month; tenure; InternetService_Fiber optic,High (next 20%)
9572-WUKSB,0.59,True,is_month_to_month; tenure; PaymentMethod_Electronic check,High (next 20%)
4512-ZUIYL,0.59,True,is_month_to_month; tenure; OnlineSecurity_No,High (next 20%)
3834-XUIFC,0.59,True,is_month_to_month; tenure; avg_monthly_spend,High (next 20%)
1016-DJTSV,0.59,True,is_month_to_month; InternetService_Fiber optic; tenure,High (next 20%)
4633-MKHYU,0.59,True,is_month_to_month; tenure; avg_monthly_spend,High (next 20%)
5380-WJKOV,0.59,True,is_month_to_month; avg_monthly_spend; InternetService_Fiber optic,High (next 20%)
5028-GZLDO,0.589,True,is_month_to_month; tenure; charge_delta,High (next 20%)
5857-TYBCJ,0.589,True,is_month_to_month; InternetService_Fiber optic; avg_monthly_spend,High (next 20%)
7142-HVGBG,0.589,True,is_month_to_month; avg_monthly_spend; MonthlyCharges,High (next 20%)
0988-JRWWP,0.589,True,is_month_to_month; tenure; OnlineSecurity_No,High (next 20%)
7638-QVMVY,0.589,True,is_month_to_month; tenure; InternetService_Fiber optic,High (next 20%)
4367-NHWMM,0.589,True,tenure; is_month_to_month; TotalCharges,High (next 20%)
7537-RBWEA,0.589,True,tenure; is_month_to_month; TotalCharges,High (next 20%)
0511-JTEOY,0.589,True,tenure; is_month_to_month; TotalCharges,High (next 20%)
8010-EZLOU,0.588,True,is_month_to_month; InternetService_Fiber optic; SeniorCitizen,High (next 20%)
5364-XYIRR,0.588,True,is_month_to_month; avg_monthly_spend; charge_delta,High (next 20%)
6267-DCFFZ,0.587,True,is_month_to_month; InternetService_Fiber optic; SeniorCitizen,High (next 20%)
9743-DQKQW,0.587,True,is_month_to_month; tenure; TotalCharges,High (next 20%)
9600-UDOPK,0.586,True,is_month_to_month; avg_monthly_spend; InternetService_Fiber optic,High (next 20%)
6166-ILMNY,0.586,True,is_month_to_month; tenure; TotalCharges,High (next 20%)
8325-QRPZR,0.586,True,is_month_to_month; tenure; InternetService_Fiber optic,High (next 20%)
9048-JVYVF,0.586,True,is_month_to_month; tenure; OnlineSecurity_No,High (next 20%)
4030-VPZBD,0.585,True,TotalCharges; is_month_to_month; tenure,High (next 20%)
1641-RQDAY,0.585,True,is_month_to_month; avg_monthly_spend; MonthlyCharges,High (next 20%)
4816-JBHOV,0.585,True,is_month_to_month; tenure; TotalCharges,High (next 20%)
4291-SHSBH,0.585,True,is_month_to_month; tenure; InternetService_Fiber optic,High (next 20%)
9190-MFJLN,0.584,True,is_month_to_month; MonthlyCharges; avg_monthly_spend,High (next 20%)
9846-GKXAS,0.584,True,is_month_to_month; tenure; InternetService_Fiber optic,High (next 20%)
8445-DNBAE,0.583,True,tenure; is_month_to_month; TotalCharges,High (next 20%)
2034-CGRHZ,0.583,True,is_month_to_month; avg_monthly_spend; MonthlyCharges,High (next 20%)
6833-JMZYP,0.583,True,is_month_to_month; avg_monthly_spend; InternetService_Fiber optic,High (next 20%)
3223-WZWJM,0.583,True,is_month_to_month; avg_monthly_spend; InternetService_Fiber optic,High (next 20%)
8443-WVPSS,0.583,True,MonthlyCharges; is_month_to_month; tenure,High (next 20%)
9054-FOWNV,0.583,True,is_month_to_month; PaymentMethod_Electronic check; avg_monthly_spend,High (next 20%)
6778-YSNIH,0.582,True,is_month_to_month; tenure; OnlineSecurity_No,High (next 20%)
1867-BDVFH,0.582,True,is_month_to_month; InternetService_Fiber optic; MultipleLines_No,High (next 20%)
4110-PFEUZ,0.582,True,TotalCharges; tenure; is_month_to_month,High (next 20%)
1379-FRVEB,0.582,True,is_month_to_month; avg_monthly_spend; InternetService_Fiber optic,High (next 20%)
9903-LYSAB,0.582,True,is_month_to_month; InternetService_Fiber optic; PaymentMethod_Electronic check,High (next 20%)
4716-HHKQH,0.582,True,is_month_to_month; MonthlyCharges; InternetService_Fiber optic,High (next 20%)
9801-GDWGV,0.582,True,is_month_to_month; avg_monthly_spend; InternetService_Fiber optic,High (next 20%)
8800-JOOCF,0.581,True,is_month_to_month; InternetService_Fiber optic; PaymentMethod_Electronic check,High (next 20%)
3597-MVHJT,0.581,True,is_month_to_month; InternetService_Fiber optic; avg_monthly_spend,High (next 20%)
8949-JTMAY,0.581,True,is_month_to_month; avg_monthly_spend; MonthlyCharges,High (next 20%)
5655-JSMZM,0.58,True,is_month_to_month; MonthlyCharges; InternetService_Fiber optic,High (next 20%)
4884-ZTHVF,0.58,True,is_month_to_month; tenure; avg_monthly_spend,High (next 20%)
6599-SFQVE,0.58,True,is_month_to_month; tenure; OnlineSecurity_No,High (next 20%)
4289-DTDKW,0.58,True,is_month_to_month; avg_monthly_spend; MonthlyCharges,High (next 20%)
3588-WSTTJ,0.58,True,is_month_to_month; avg_monthly_spend; MonthlyCharges,High (next 20%)
6959-UWKHF,0.58,True,tenure; is_month_to_month; TotalCharges,High (next 20%)
4822-NGOCH,0.579,True,is_month_to_month; InternetService_Fiber optic; PaymentMethod_Electronic check,High (next 20%)
5228-EXCET,0.579,True,is_month_to_month; InternetService_Fiber optic; OnlineSecurity_No,High (next 20%)
1112-CUNAO,0.579,True,is_month_to_month; avg_monthly_spend; InternetService_Fiber optic,High (next 20%)
6907-NZZIJ,0.579,True,is_month_to_month; MonthlyCharges; avg_monthly_spend,High (next 20%)
0447-RXSGD,0.578,True,MonthlyCharges; is_month_to_month; avg_monthly_spend,High (next 20%)
1342-JPNKI,0.578,True,is_month_to_month; tenure; avg_monthly_spend,High (next 20%)
5599-HVLTW,0.578,True,is_month_to_month; SeniorCitizen; InternetService_Fiber optic,High (next 20%)
2626-URJFX,0.577,True,is_month_to_month; tenure; OnlineSecurity_No,High (next 20%)
3717-OEAUQ,0.577,True,is_month_to_month; tenure; OnlineSecurity_No,High (next 20%)
0946-CLJTI,0.577,True,is_month_to_month; MonthlyCharges; avg_monthly_spend,High (next 20%)
0519-XUZJU,0.577,True,tenure; is_month_to_month; TotalCharges,High (next 20%)
7714-YXSMB,0.577,True,is_month_to_month; avg_monthly_spend; InternetService_Fiber optic,High (next 20%)
0125-LZQXK,0.577,True,is_month_to_month; avg_monthly_spend; MonthlyCharges,High (next 20%)
0151-ONTOV,0.576,True,tenure; is_month_to_month; TotalCharges,High (next 20%)
3754-DXMRT,0.576,True,is_month_to_month; tenure; TotalCharges,High (next 20%)
4572-DVCGN,0.576,True,is_month_to_month; avg_monthly_spend; OnlineSecurity_No,High (next 20%)
4587-NUKOX,0.576,True,is_month_to_month; tenure; avg_monthly_spend,High (next 20%)
4277-PVRAN,0.576,True,is_month_to_month; avg_monthly_spend; tenure,High (next 20%)
6319-IEJWJ,0.576,True,is_month_to_month; InternetService_Fiber optic; PaymentMethod_Electronic check,High (next 20%)
2860-RANUS,0.576,True,is_month_to_month; InternetService_Fiber optic; SeniorCitizen,High (next 20%)
9430-FRQOC,0.576,True,tenure; is_month_to_month; TotalCharges,High (next 20%)
6032-IGALN,0.575,True,tenure; is_month_to_month; TotalCharges,High (next 20%)
0491-KAPQG,0.575,True,is_month_to_month; PaymentMethod_Electronic check; InternetService_Fiber optic,High (next 20%)
7892-POOKP,0.575,True,is_month_to_month; charge_delta; InternetService_Fiber optic,High (next 20%)
9494-MRNYX,0.574,True,is_month_to_month; InternetService_Fiber optic; MultipleLines_No,High (next 20%)
4195-NZGTA,0.574,True,tenure; is_month_to_month; TotalCharges,High (next 20%)
2398-YPMUR,0.574,True,is_month_to_month; SeniorCitizen; InternetService_Fiber optic,High (next 20%)
4501-EQDRN,0.574,True,TotalCharges; tenure; is_month_to_month,High (next 20%)
4598-XLKNJ,0.574,True,is_month_to_month; MonthlyCharges; avg_monthly_spend,High (next 20%)
2774-LVQUS,0.574,True,is_month_to_month; charge_delta; InternetService_Fiber optic,High (next 20%)
6088-BXMRG,0.573,True,is_month_to_month; MonthlyCharges; InternetService_Fiber optic,High (next 20%)
4583-PARNH,0.573,True,is_month_to_month; InternetService_Fiber optic; OnlineSecurity_No,High (next 20%)
7625-XCQRH,0.573,True,is_month_to_month; InternetService_Fiber optic; PaymentMethod_Electronic check,High (next 20%)
8621-MNIHH,0.573,True,is_month_to_month; avg_monthly_spend; SeniorCitizen,High (next 20%)
8818-DOPVL,0.573,True,avg_monthly_spend; is_month_to_month; InternetService_Fiber optic,High (next 20%)
9436-ZBZCT,0.572,True,is_month_to_month; TotalCharges; InternetService_Fiber optic,High (next 20%)
7511-YMXVQ,0.572,True,is_month_to_month; tenure; PaymentMethod_Electronic check,High (next 20%)
5019-GQVCR,0.572,True,is_month_to_month; avg_monthly_spend; InternetService_Fiber optic,High (next 20%)
6212-ATMLK,0.572,True,is_month_to_month; avg_monthly_spend; InternetService_Fiber optic,High (next 20%)
4412-YLTKF,0.572,True,is_month_to_month; InternetService_Fiber optic; PaymentMethod_Electronic check,High (next 20%)
9227-LUNBG,0.572,True,tenure; is_month_to_month; TotalCharges,High (next 20%)
3336-JORSO,0.571,True,is_month_to_month; InternetService_Fiber optic; PaymentMethod_Electronic check,High (next 20%)
0689-NKYLF,0.571,True,is_month_to_month; InternetService_Fiber optic; PaymentMethod_Electronic check,High (next 20%)
0147-ESWWR,0.571,True,is_month_to_month; avg_monthly_spend; InternetService_Fiber optic,High (next 20%)
9638-JIQYA,0.571,True,is_month_to_month; tenure; TotalCharges,High (next 20%)
5119-KEPFY,0.571,True,is_month_to_month; avg_monthly_spend; InternetService_Fiber optic,High (next 20%)
4236-UJPWO,0.571,True,is_month_to_month; tenure; TotalCharges,High (next 20%)
9763-PDTKK,0.571,True,tenure; is_month_to_month; MonthlyCharges,High (next 20%)
0928-XUTSN,0.571,True,is_month_to_month; InternetService_Fiber optic; OnlineSecurity_No,High (next 20%)
6629-CZTTH,0.57,True,tenure; is_month_to_month; TotalCharges,High (next 20%)
0674-EYYZV,0.57,True,tenure; is_month_to_month; TotalCharges,High (next 20%)
9912-GVSEQ,0.57,True,is_month_to_month; SeniorCitizen; InternetService_Fiber optic,High (next 20%)
4559-UWIHT,0.569,True,is_month_to_month; avg_monthly_spend; InternetService_Fiber optic,High (next 20%)
8708-XPXHZ,0.568,True,is_month_to_month; avg_monthly_spend; charge_delta,High (next 20%)
3640-PHQXK,0.567,True,is_month_to_month; InternetService_Fiber optic; OnlineSecurity_No,High (next 20%)
7534-BFESC,0.566,True,is_month_to_month; PaymentMethod_Electronic check; InternetService_Fiber optic,High (next 20%)
9547-ITEFG,0.566,True,is_month_to_month; MonthlyCharges; InternetService_Fiber optic,High (next 20%)
6032-KRXXO,0.565,True,is_month_to_month; InternetService_Fiber optic; avg_monthly_spend,High (next 20%)
9851-QXEEQ,0.565,True,avg_monthly_spend; is_month_to_month; InternetService_Fiber optic,High (next 20%)
7801-KICAO,0.565,True,is_month_to_month; InternetService_Fiber optic; PaymentMethod_Electronic check,High (next 20%)
5609-CEBID,0.565,True,is_month_to_month; SeniorCitizen; InternetService_Fiber optic,High (next 20%)
8356-WUAOJ,0.565,True,tenure; is_month_to_month; TotalCharges,High (next 20%)
1792-UXAFY,0.565,True,is_month_to_month; InternetService_Fiber optic; charge_delta,High (next 20%)
4971-PUYQO,0.565,True,is_month_to_month; avg_monthly_spend; InternetService_Fiber optic,High (next 20%)
3703-KBKZP,0.565,True,is_month_to_month; InternetService_Fiber optic; OnlineSecurity_No,High (next 20%)
2832-KJCRD,0.564,True,is_month_to_month; avg_monthly_spend; InternetService_Fiber optic,High (next 20%)
1771-OADNZ,0.564,True,is_month_to_month; avg_monthly_spend; SeniorCitizen,High (next 20%)
9102-IAYHT,0.564,True,is_month_to_month; avg_monthly_spend; InternetService_Fiber optic,High (next 20%)
4184-TJFAN,0.564,True,is_month_to_month; tenure; avg_monthly_spend,High (next 20%)
1965-AKTSX,0.563,True,is_month_to_month; InternetService_Fiber optic; SeniorCitizen,High (next 20%)
3874-EQOEP,0.563,True,is_month_to_month; avg_monthly_spend; tenure,High (next 20%)
0337-CNPZE,0.563,True,is_month_to_month; avg_monthly_spend; MonthlyCharges,High (next 20%)
2983-ZANRP,0.562,True,is_month_to_month; tenure; charge_delta,High (next 20%)
9961-JBNMK,0.562,True,is_month_to_month; MonthlyCharges; InternetService_Fiber optic,High (next 20%)
0611-DFXKO,0.562,True,is_month_to_month; InternetService_Fiber optic; OnlineSecurity_No,High (next 20%)
3663-MITLP,0.562,True,is_month_to_month; MonthlyCharges; InternetService_Fiber optic,High (next 20%)
1219-NNDDO,0.562,True,is_month_to_month; tenure; InternetService_Fiber optic,High (next 20%)
5650-VDUDS,0.561,True,is_month_to_month; tenure; TotalCharges,High (next 20%)
6692-UDPJC,0.561,True,is_month_to_month; avg_monthly_spend; charge_delta,High (next 20%)
5405-ZMYXQ,0.561,True,is_month_to_month; tenure; InternetService_Fiber optic,High (next 20%)
8999-BOHSE,0.561,True,is_month_to_month; avg_monthly_spend; InternetService_Fiber optic,High (next 20%)
8861-HGGKB,0.561,True,is_month_to_month; InternetService_Fiber optic; tenure,High (next 20%)
1226-IENZN,0.561,True,is_month_to_month; SeniorCitizen; InternetService_Fiber optic,High (next 20%)
6518-LGAOV,0.561,True,avg_monthly_spend; is_month_to_month; InternetService_Fiber optic,High (next 20%)
5144-TVGLP,0.561,True,is_month_to_month; InternetService_Fiber optic; avg_monthly_spend,High (next 20%)
0434-CSFON,0.561,True,is_month_to_month; avg_monthly_spend; InternetService_Fiber optic,High (next 20%)
3518-PZXZQ,0.561,True,tenure; is_month_to_month; TotalCharges,High (next 20%)
1989-PRJHP,0.56,True,is_month_to_month; SeniorCitizen; InternetService_Fiber optic,High (next 20%)
2114-MGINA,0.56,True,is_month_to_month; TotalCharges; InternetService_Fiber optic,High (next 20%)
0112-QAWRZ,0.56,True,is_month_to_month; InternetService_Fiber optic; avg_monthly_spend,High (next 20%)
7912-SYRQT,0.559,True,is_month_to_month; tenure; InternetService_Fiber optic,High (next 20%)
2685-SREOM,0.559,True,is_month_to_month; avg_monthly_spend; InternetService_Fiber optic,High (next 20%)
8922-LIEGH,0.559,True,is_month_to_month; SeniorCitizen; InternetService_Fiber optic,High (next 20%)
4373-VVHQL,0.559,True,tenure; is_month_to_month; TechSupport_No,High (next 20%)
0899-LIIBW,0.559,True,avg_monthly_spend; is_month_to_month; MonthlyCharges,High (next 20%)
8903-XEBGX,0.559,True,is_month_to_month; tenure; TotalCharges,High (next 20%)
6128-CZOMY,0.558,True,tenure; is_month_to_month; TotalCharges,High (next 20%)
2154-KVJFF,0.557,True,is_month_to_month; InternetService_Fiber optic; PaymentMethod_Electronic check,High (next 20%)
0027-KWYKW,0.557,True,is_month_to_month; PaymentMethod_Electronic check; InternetService_Fiber optic,High (next 20%)
3384-CTMSF,0.557,True,is_month_to_month; OnlineSecurity_No; InternetService_Fiber optic,High (next 20%)
3488-PGMQJ,0.557,True,is_month_to_month; tenure; InternetService_Fiber optic,High (next 20%)
4749-VFKVB,0.557,True,tenure; is_month_to_month; TotalCharges,High (next 20%)
3346-BRMIS,0.557,True,is_month_to_month; SeniorCitizen; PaymentMethod_Electronic check,High (next 20%)
1754-GKYPY,0.557,True,is_month_to_month; InternetService_Fiber optic; SeniorCitizen,High (next 20%)
9490-DFPMD,0.557,True,is_month_to_month; avg_monthly_spend; InternetService_Fiber optic,High (next 20%)
2082-CEFLT,0.556,True,tenure; is_month_to_month; TotalCharges,High (next 20%)
5916-QEWPT,0.556,True,is_month_to_month; tenure; OnlineSecurity_No,High (next 20%)
2592-SEIFQ,0.556,True,TotalCharges; is_month_to_month; tenure,High (next 20%)
7278-CKDNC,0.556,True,is_month_to_month; OnlineSecurity_No; InternetService_Fiber optic,High (next 20%)
3427-GGZZI,0.555,True,is_month_to_month; InternetService_Fiber optic; PaymentMethod_Electronic check,High (next 20%)
5692-ICXLW,0.555,True,is_month_to_month; InternetService_Fiber optic; avg_monthly_spend,High (next 20%)
4686-UXDML,0.555,True,MonthlyCharges; is_month_to_month; avg_monthly_spend,High (next 20%)
2824-MYYBN,0.555,True,is_month_to_month; InternetService_Fiber optic; PaymentMethod_Electronic check,High (next 20%)
7480-QNVZJ,0.554,True,is_month_to_month; InternetService_Fiber optic; SeniorCitizen,High (next 20%)
6877-LGWXO,0.554,True,is_month_to_month; SeniorCitizen; InternetService_Fiber optic,High (next 20%)
6030-REHUX,0.554,True,is_month_to_month; avg_monthly_spend; InternetService_Fiber optic,High (next 20%)
1230-QAJDW,0.554,True,is_month_to_month; tenure; OnlineSecurity_No,High (next 20%)
9355-NPPFS,0.554,True,is_month_to_month; SeniorCitizen; InternetService_Fiber optic,High (next 20%)
1730-ZMAME,0.554,True,is_month_to_month; avg_monthly_spend; MonthlyCharges,High (next 20%)
9050-QLROH,0.553,True,is_month_to_month; InternetService_Fiber optic; avg_monthly_spend,High (next 20%)
6637-KYRCV,0.553,True,is_month_to_month; tenure; OnlineSecurity_No,High (next 20%)
5947-SGKCL,0.553,True,is_month_to_month; avg_monthly_spend; InternetService_Fiber optic,High (next 20%)
9874-QLCLH,0.553,True,is_month_to_month; avg_monthly_spend; MonthlyCharges,High (next 20%)
0196-JTUQI,0.553,True,is_month_to_month; InternetService_Fiber optic; tenure,High (next 20%)
1302-UHBDD,0.553,True,is_month_to_month; SeniorCitizen; InternetService_Fiber optic,High (next 20%)
8182-BJDSI,0.552,True,is_month_to_month; avg_monthly_spend; InternetService_Fiber optic,High (next 20%)
0224-RLWWD,0.552,True,is_month_to_month; tenure; TotalCharges,High (next 20%)
3751-KTZEL,0.551,True,tenure; is_month_to_month; TotalCharges,High (next 20%)
1465-VINDH,0.551,True,avg_monthly_spend; is_month_to_month; MonthlyCharges,High (next 20%)
9620-ENEJV,0.551,True,is_month_to_month; tenure; InternetService_Fiber optic,High (next 20%)
4299-SIMNS,0.551,True,is_month_to_month; avg_monthly_spend; tenure,High (next 20%)
5949-XIKAE,0.551,True,is_month_to_month; avg_monthly_spend; tenure,High (next 20%)
0135-NMXAP,0.551,True,is_month_to_month; TotalCharges; InternetService_Fiber optic,High (next 20%)
0023-XUOPT,0.551,True,is_month_to_month; avg_monthly_spend; InternetService_Fiber optic,High (next 20%)
4929-BSTRX,0.551,True,tenure; is_month_to_month; TotalCharges,High (next 20%)
3003-CMDUU,0.55,True,is_month_to_month; avg_monthly_spend; InternetService_Fiber optic,High (next 20%)
9172-JITSM,0.55,True,is_month_to_month; charge_delta; InternetService_Fiber optic,High (next 20%)
3671-SHRSP,0.55,True,is_month_to_month; tenure; InternetService_Fiber optic,High (next 20%)
5701-YVSVF,0.55,True,is_month_to_month; InternetService_Fiber optic; SeniorCitizen,High (next 20%)
0378-NHQXU,0.55,True,is_month_to_month; InternetService_Fiber optic; avg_monthly_spend,High (next 20%)
8337-MSSXB,0.55,True,is_month_to_month; avg_monthly_spend; InternetService_Fiber optic,High (next 20%)
5600-KTXFM,0.55,True,is_month_to_month; tenure; OnlineSecurity_No,High (next 20%)
0818-OCPZO,0.549,True,is_month_to_month; SeniorCitizen; InternetService_Fiber optic,High (next 20%)
0114-PEGZZ,0.549,True,is_month_to_month; InternetService_Fiber optic; OnlineSecurity_No,High (next 20%)
5934-RMPOV,0.549,True,is_month_to_month; avg_monthly_spend; InternetService_Fiber optic,High (next 20%)
5027-QPKTE,0.549,True,is_month_to_month; tenure; InternetService_Fiber optic,High (next 20%)
8104-OSKWT,0.549,True,is_month_to_month; avg_monthly_spend; InternetService_Fiber optic,High (next 20%)
3858-VOBET,0.549,True,is_month_to_month; PaymentMethod_Electronic check; InternetService_Fiber optic,High (next 20%)
5666-CYCYZ,0.549,True,is_month_to_month; avg_monthly_spend; InternetService_Fiber optic,High (next 20%)
6608-QQLVK,0.548,True,tenure; is_month_to_month; TotalCharges,High (next 20%)
2951-QOQTK,0.548,True,is_month_to_month; tenure; avg_monthly_spend,High (next 20%)
6390-DSAZX,0.548,True,tenure; is_month_to_month; TotalCharges,High (next 20%)
9600-NAXZN,0.548,True,is_month_to_month; avg_monthly_spend; MonthlyCharges,High (next 20%)
5879-SESNB,0.548,True,is_month_to_month; InternetService_Fiber optic; OnlineSecurity_No,High (next 20%)
4659-NZRUF,0.547,True,is_month_to_month; avg_monthly_spend; charge_delta,High (next 20%)
6339-YPSAH,0.547,True,is_month_to_month; InternetService_Fiber optic; tenure,High (next 20%)
7748-UMTRK,0.547,True,is_month_to_month; avg_monthly_spend; InternetService_Fiber optic,High (next 20%)
5590-BYNII,0.547,True,is_month_to_month; avg_monthly_spend; MonthlyCharges,High (next 20%)
7851-FLGGQ,0.547,True,tenure; is_month_to_month; PhoneService_No,High (next 20%)
4803-AXVYP,0.547,True,is_month_to_month; MonthlyCharges; InternetService_Fiber optic,High (next 20%)
2656-FMOKZ,0.546,True,is_month_to_month; TotalCharges; InternetService_Fiber optic,High (next 20%)
4351-QLCSU,0.546,True,tenure; is_month_to_month; TotalCharges,High (next 20%)
0224-HJAPT,0.546,True,is_month_to_month; tenure; OnlineSecurity_No,High (next 20%)
6458-CYIDZ,0.546,True,is_month_to_month; SeniorCitizen; tenure,High (next 20%)
8993-PHFWD,0.546,True,TotalCharges; is_month_to_month; tenure,High (next 20%)
8270-RKSAP,0.546,True,is_month_to_month; InternetService_Fiber optic; tenure,High (next 20%)
2482-CZGBB,0.546,True,is_month_to_month; InternetService_Fiber optic; OnlineSecurity_No,High (next 20%)
6352-TWCAU,0.546,True,is_month_to_month; charge_delta; InternetService_Fiber optic,High (next 20%)
9866-QEVEE,0.546,True,is_month_to_month; InternetService_Fiber optic; OnlineSecurity_No,High (next 20%)
9133-AYJZG,0.546,True,is_month_to_month; MonthlyCharges; InternetService_Fiber optic,High (next 20%)
4349-GFQHK,0.546,True,tenure; is_month_to_month; TotalCharges,High (next 20%)
3130-ICDUP,0.545,True,is_month_to_month; avg_monthly_spend; tenure,High (next 20%)
4183-MYFRB,0.545,True,is_month_to_month; InternetService_Fiber optic; avg_monthly_spend,High (next 20%)
3334-CTHOL,0.545,True,tenure; is_month_to_month; TotalCharges,High (next 20%)
2386-LAHRK,0.545,True,tenure; is_month_to_month; TotalCharges,High (next 20%)
4647-MUZON,0.545,True,is_month_to_month; MonthlyCharges; InternetService_Fiber optic,High (next 20%)
1475-VWVDO,0.544,True,is_month_to_month; tenure; InternetService_Fiber optic,High (next 20%)
7056-IMHCC,0.544,True,is_month_to_month; avg_monthly_spend; MonthlyCharges,High (next 20%)
8118-TJAFG,0.544,True,is_month_to_month; MonthlyCharges; avg_monthly_spend,High (next 20%)
6235-VDHOM,0.544,True,is_month_to_month; SeniorCitizen; tenure,High (next 20%)
3269-ATYWD,0.544,True,is_month_to_month; InternetService_Fiber optic; avg_monthly_spend,High (next 20%)
4662-EKDPQ,0.544,True,is_month_to_month; tenure; OnlineSecurity_No,High (next 20%)
0133-BMFZO,0.543,True,is_month_to_month; tenure; TotalCharges,High (next 20%)
2739-CACDQ,0.543,True,is_month_to_month; avg_monthly_spend; InternetService_Fiber optic,High (next 20%)
8784-CGILN,0.543,True,MonthlyCharges; is_month_to_month; avg_monthly_spend,High (next 20%)
9129-UXERG,0.542,True,is_month_to_month; avg_monthly_spend; InternetService_Fiber optic,High (next 20%)
6502-HCJTI,0.542,True,is_month_to_month; tenure; InternetService_Fiber optic,High (next 20%)
1932-UEDCX,0.541,True,is_month_to_month; MonthlyCharges; SeniorCitizen,High (next 20%)
7586-ZATGZ,0.541,True,is_month_to_month; avg_monthly_spend; InternetService_Fiber optic,High (next 20%)
5077-DXTCG,0.541,True,tenure; is_month_to_month; TotalCharges,High (next 20%)
9524-EGPJC,0.54,True,is_month_to_month; InternetService_Fiber optic; PaymentMethod_Electronic check,High (next 20%)
6103-BOCOU,0.54,True,is_month_to_month; avg_monthly_spend; InternetService_Fiber optic,High (next 20%)
6298-QDFNH,0.54,True,is_month_to_month; charge_delta; PaymentMethod_Electronic check,High (next 20%)
7442-YGZFK,0.54,True,tenure; is_month_to_month; TotalCharges,High (next 20%)
4547-KQRTM,0.54,True,is_month_to_month; avg_monthly_spend; InternetService_Fiber optic,High (next 20%)
6646-VRFOL,0.54,True,is_month_to_month; avg_monthly_spend; charge_delta,High (next 20%)
2506-CLAKW,0.539,True,MonthlyCharges; tenure; is_month_to_month,High (next 20%)
7928-VJYAB,0.539,True,is_month_to_month; avg_monthly_spend; InternetService_Fiber optic,High (next 20%)
0875-CABNR,0.539,True,is_month_to_month; avg_monthly_spend; InternetService_Fiber optic,High (next 20%)
1723-HKXJQ,0.538,True,is_month_to_month; avg_monthly_spend; InternetService_Fiber optic,High (next 20%)
6496-JDSSB,0.538,True,is_month_to_month; tenure; InternetService_Fiber optic,High (next 20%)
5931-FLJJF,0.538,True,is_month_to_month; SeniorCitizen; tenure,High (next 20%)
7587-RZNME,0.538,True,is_month_to_month; tenure; PaymentMethod_Electronic check,High (next 20%)
9398-MMQTO,0.538,True,is_month_to_month; tenure; InternetService_Fiber optic,High (next 20%)
5482-VXSXJ,0.538,True,is_month_to_month; InternetService_Fiber optic; OnlineSecurity_No,High (next 20%)
5923-GXUOC,0.538,True,is_month_to_month; InternetService_Fiber optic; tenure,High (next 20%)
7495-OOKFY,0.537,True,is_month_to_month; tenure; InternetService_Fiber optic,High (next 20%)
2070-XYMFH,0.537,True,is_month_to_month; InternetService_Fiber optic; SeniorCitizen,High (next 20%)
5271-DBYSJ,0.537,True,is_month_to_month; SeniorCitizen; InternetService_Fiber optic,High (next 20%)
8008-HAWED,0.537,True,is_month_to_month; PaymentMethod_Electronic check; MultipleLines_No,High (next 20%)
5908-QMGOE,0.537,True,is_month_to_month; TotalCharges; InternetService_Fiber optic,High (next 20%)
9842-EFSYY,0.537,True,is_month_to_month; tenure; TotalCharges,High (next 20%)
5569-KGJHX,0.537,True,is_month_to_month; avg_monthly_spend; tenure,High (next 20%)
9692-TUSXH,0.536,True,is_month_to_month; MonthlyCharges; avg_monthly_spend,High (next 20%)
9167-APMXZ,0.536,True,is_month_to_month; InternetService_Fiber optic; avg_monthly_spend,High (next 20%)
2408-WITXK,0.536,True,is_month_to_month; tenure; SeniorCitizen,High (next 20%)
8565-CLBZW,0.536,True,is_month_to_month; InternetService_Fiber optic; avg_monthly_spend,High (next 20%)
8063-RJYNF,0.536,True,is_month_to_month; avg_monthly_spend; InternetService_Fiber optic,High (next 20%)
5759-RCVCB,0.536,True,is_month_to_month; tenure; TotalCharges,High (next 20%)
8854-CCVSQ,0.536,True,is_month_to_month; charge_delta; InternetService_Fiber optic,High (next 20%)
2082-OJVTK,0.535,True,is_month_to_month; avg_monthly_spend; InternetService_Fiber optic,High (next 20%)
7901-TBKJX,0.535,True,is_month_to_month; SeniorCitizen; MonthlyCharges,High (next 20%)
0302-JOIVN,0.534,True,is_month_to_month; MonthlyCharges; avg_monthly_spend,High (next 20%)
6330-JKLPC,0.534,True,is_month_to_month; InternetService_Fiber optic; MultipleLines_No,High (next 20%)
7783-YKGDV,0.534,True,MonthlyCharges; is_month_to_month; avg_monthly_spend,High (next 20%)
3744-ZRRDZ,0.534,True,is_month_to_month; avg_monthly_spend; OnlineSecurity_No,High (next 20%)
7703-ZEKEF,0.534,True,is_month_to_month; avg_monthly_spend; PaymentMethod_Electronic check,High (next 20%)
8637-XJIVR,0.534,True,is_month_to_month; InternetService_Fiber optic; PaymentMethod_Electronic check,High (next 20%)
4077-CROMM,0.534,True,is_month_to_month; avg_monthly_spend; InternetService_Fiber optic,High (next 20%)
6402-EJMWF,0.534,True,is_month_to_month; tenure; OnlineSecurity_No,High (next 20%)
6821-BUXUX,0.534,True,is_month_to_month; avg_monthly_spend; InternetService_Fiber optic,High (next 20%)
0886-QGENL,0.534,True,avg_monthly_spend; is_month_to_month; InternetService_Fiber optic,High (next 20%)
2135-RXIHG,0.533,True,tenure; is_month_to_month; TotalCharges,High (next 20%)
2933-FILNV,0.533,True,is_month_to_month; tenure; TotalCharges,High (next 20%)
3536-IQCTX,0.533,True,is_month_to_month; SeniorCitizen; avg_monthly_spend,High (next 20%)
3234-VKACU,0.533,True,is_month_to_month; tenure; OnlineSecurity_No,High (next 20%)
2754-XBHTB,0.533,True,is_month_to_month; tenure; InternetService_Fiber optic,High (next 20%)
1608-GMEWB,0.533,True,is_month_to_month; avg_monthly_spend; charge_delta,High (next 20%)
7072-MBHEV,0.532,True,is_month_to_month; InternetService_Fiber optic; SeniorCitizen,High (next 20%)
3806-DXQOM,0.532,True,is_month_to_month; tenure; PaymentMethod_Electronic check,High (next 20%)
1196-AMORA,0.531,True,is_month_to_month; tenure; InternetService_Fiber optic,High (next 20%)
9907-SWKKF,0.531,True,tenure; is_month_to_month; SeniorCitizen,High (next 20%)
6311-UEUME,0.531,True,is_month_to_month; InternetService_Fiber optic; avg_monthly_spend,High (next 20%)
6347-DCUIK,0.531,True,is_month_to_month; InternetService_Fiber optic; OnlineSecurity_No,High (next 20%)
9921-ZVRHG,0.531,True,is_month_to_month; InternetService_Fiber optic; PaymentMethod_Electronic check,High (next 20%)
3644-QXEHN,0.531,True,is_month_to_month; avg_monthly_spend; MonthlyCharges,High (next 20%)
9714-EDSUC,0.531,True,tenure; is_month_to_month; avg_monthly_spend,High (next 20%)
5022-KVDQT,0.53,True,is_month_to_month; InternetService_Fiber optic; OnlineSecurity_No,High (next 20%)
8429-XIBUM,0.53,True,avg_monthly_spend; is_month_to_month; MonthlyCharges,High (next 20%)
0848-ZGQIJ,0.53,True,is_month_to_month; InternetService_Fiber optic; OnlineSecurity_No,High (next 20%)
5385-SUIRI,0.53,True,avg_monthly_spend; is_month_to_month; MonthlyCharges,High (next 20%)
8436-BJUMM,0.53,True,is_month_to_month; InternetService_Fiber optic; PaymentMethod_Electronic check,High (next 20%)
7270-BDIOA,0.53,True,is_month_to_month; PaymentMethod_Electronic check; InternetService_Fiber optic,High (next 20%)
2091-RFFBA,0.53,True,is_month_to_month; SeniorCitizen; InternetService_Fiber optic,High (next 20%)
8938-UMKPI,0.529,True,is_month_to_month; OnlineSecurity_No; InternetService_Fiber optic,High (next 20%)
3550-SAHFP,0.529,True,is_month_to_month; avg_monthly_spend; InternetService_Fiber optic,High (next 20%)
8224-DWCKX,0.529,True,is_month_to_month; SeniorCitizen; InternetService_Fiber optic,High (next 20%)
1251-KRREG,0.529,True,is_month_to_month; tenure; OnlineSecurity_No,High (next 20%)
8878-HMWBV,0.529,True,is_month_to_month; tenure; TotalCharges,High (next 20%)
6048-QBXKL,0.529,True,is_month_to_month; tenure; OnlineSecurity_No,High (next 20%)
4690-PKDQG,0.529,True,is_month_to_month; avg_monthly_spend; SeniorCitizen,High (next 20%)
6907-FLBER,0.529,True,tenure; is_month_to_month; TotalCharges,High (next 20%)
1689-YQBYY,0.529,True,is_month_to_month; InternetService_Fiber optic; PaymentMethod_Electronic check,High (next 20%)
6900-PXRMS,0.528,True,is_month_to_month; SeniorCitizen; MonthlyCharges,High (next 20%)
6379-RXJRQ,0.528,True,is_month_to_month; InternetService_Fiber optic; PaymentMethod_Electronic check,High (next 20%)
7129-ACFOG,0.528,True,is_month_to_month; tenure; MultipleLines_No,High (next 20%)
5569-OUICF,0.528,True,is_month_to_month; avg_monthly_spend; InternetService_Fiber optic,High (next 20%)
0093-EXYQL,0.528,True,is_month_to_month; InternetService_Fiber optic; avg_monthly_spend,High (next 20%)
4902-OHLSK,0.527,True,is_month_to_month; MonthlyCharges; avg_monthly_spend,High (next 20%)
5233-AOZUF,0.527,True,is_month_to_month; InternetService_Fiber optic; PaymentMethod_Electronic check,High (next 20%)
0376-YMCJC,0.527,True,is_month_to_month; PaymentMethod_Electronic check; InternetService_Fiber optic,High (next 20%)
4059-IIEBK,0.527,True,is_month_to_month; tenure; InternetService_Fiber optic,High (next 20%)
2962-XPMCQ,0.527,True,is_month_to_month; tenure; TotalCharges,High (next 20%)
8364-TRMMK,0.526,True,is_month_to_month; tenure; TotalCharges,High (next 20%)
3312-UUMZW,0.526,True,is_month_to_month; MonthlyCharges; InternetService_Fiber optic,High (next 20%)
3956-MGXOG,0.526,True,is_month_to_month; InternetService_Fiber optic; charge_delta,High (next 20%)
5233-GEEAX,0.526,True,is_month_to_month; tenure; SeniorCitizen,High (next 20%)
4391-RESHN,0.526,True,avg_monthly_spend; is_month_to_month; MonthlyCharges,High (next 20%)
8601-QACRS,0.525,True,is_month_to_month; tenure; OnlineSecurity_No,High (next 20%)
2187-PKZAY,0.525,True,is_month_to_month; OnlineSecurity_No; InternetService_Fiber optic,High (next 20%)
5976-JCJRH,0.525,True,is_month_to_month; InternetService_Fiber optic; OnlineSecurity_No,High (next 20%)
4652-NNHNY,0.524,True,is_month_to_month; InternetService_Fiber optic; OnlineSecurity_No,High (next 20%)
7422-WNBTY,0.524,True,is_month_to_month; avg_monthly_spend; InternetService_Fiber optic,High (next 20%)
4480-QQRHC,0.523,True,is_month_to_month; tenure; InternetService_Fiber optic,High (next 20%)
4009-ALQFH,0.523,True,is_month_to_month; MonthlyCharges; avg_monthly_spend,High (next 20%)
3002-WQZWT,0.523,True,is_month_to_month; InternetService_Fiber optic; PaymentMethod_Electronic check,High (next 20%)
9971-ZWPBF,0.523,True,avg_monthly_spend; is_month_to_month; MonthlyCharges,High (next 20%)
8903-WMRNW,0.523,True,is_month_to_month; InternetService_Fiber optic; MonthlyCharges,High (next 20%)
8705-WZCYL,0.522,True,tenure; is_month_to_month; TechSupport_No,High (next 20%)
7339-POGZN,0.522,True,is_month_to_month; tenure; OnlineSecurity_No,High (next 20%)
8128-YVJRG,0.522,True,is_month_to_month; tenure; avg_monthly_spend,High (next 20%)
3196-NVXLZ,0.521,True,is_month_to_month; avg_monthly_spend; InternetService_Fiber optic,High (next 20%)
1589-AGTLK,0.521,True,is_month_to_month; tenure; OnlineSecurity_No,High (next 20%)
5896-NPFWW,0.52,True,is_month_to_month; tenure; TotalCharges,High (next 20%)
0096-BXERS,0.52,True,is_month_to_month; tenure; OnlineSecurity_No,High (next 20%)
4855-SNKMY,0.52,True,tenure; is_month_to_month; OnlineSecurity_No,High (next 20%)
4441-NIHPT,0.52,True,is_month_to_month; SeniorCitizen; InternetService_Fiber optic,High (next 20%)
3143-JQEGI,0.52,True,is_month_to_month; avg_monthly_spend; InternetService_Fiber optic,High (next 20%)
1777-JYQPJ,0.52,True,is_month_to_month; tenure; TotalCharges,High (next 20%)
9828-AOQLM,0.52,True,tenure; is_month_to_month; TotalCharges,High (next 20%)
7321-PKUYW,0.519,True,is_month_to_month; InternetService_Fiber optic; charge_delta,High (next 20%)
3398-ZOUAA,0.519,True,is_month_to_month; InternetService_Fiber optic; PaymentMethod_Electronic check,High (next 20%)
0265-EDXBD,0.518,True,is_month_to_month; SeniorCitizen; PaymentMethod_Electronic check,High (next 20%)
5630-IXDXV,0.518,True,is_month_to_month; InternetService_Fiber optic; avg_monthly_spend,High (next 20%)
9560-ARGQJ,0.518,True,is_month_to_month; InternetService_Fiber optic; OnlineSecurity_No,High (next 20%)
2606-RMDHZ,0.517,True,is_month_to_month; OnlineSecurity_No; tenure,High (next 20%)
9529-OFXHY,0.517,True,is_month_to_month; InternetService_Fiber optic; avg_monthly_spend,High (next 20%)
5356-CSVSQ,0.517,True,is_month_to_month; tenure; OnlineSecurity_No,High (next 20%)
4423-YLHDV,0.517,True,is_month_to_month; avg_monthly_spend; MonthlyCharges,High (next 20%)
0581-MDMPW,0.516,True,is_month_to_month; InternetService_Fiber optic; avg_monthly_spend,High (next 20%)
9658-WYUFB,0.516,True,is_month_to_month; avg_monthly_spend; InternetService_Fiber optic,High (next 20%)
2697-NQBPF,0.516,True,is_month_to_month; avg_monthly_spend; InternetService_Fiber optic,High (next 20%)
5652-MSDEY,0.515,True,is_month_to_month; InternetService_Fiber optic; MultipleLines_No,High (next 20%)
1307-ATKGB,0.515,True,is_month_to_month; InternetService_Fiber optic; OnlineSecurity_No,High (next 20%)
3365-SAIGS,0.515,True,is_month_to_month; InternetService_Fiber optic; OnlineSecurity_No,High (next 20%)
6651-AZVTJ,0.515,True,is_month_to_month; MonthlyCharges; avg_monthly_spend,High (next 20%)
3703-VAVCL,0.515,True,is_month_to_month; tenure; avg_monthly_spend,High (next 20%)
7729-JTEEC,0.515,True,is_month_to_month; tenure; TotalCharges,High (next 20%)
6818-DJXAA,0.515,True,is_month_to_month; InternetService_Fiber optic; OnlineSecurity_No,High (next 20%)
3647-GMGDH,0.514,True,is_month_to_month; InternetService_Fiber optic; avg_monthly_spend,High (next 20%)
0362-ZBZWJ,0.514,True,is_month_to_month; avg_monthly_spend; InternetService_Fiber optic,High (next 20%)
3995-WFCSM,0.514,True,is_month_to_month; tenure; OnlineSecurity_No,High (next 20%)
9661-ACXBS,0.514,True,is_month_to_month; avg_monthly_spend; InternetService_Fiber optic,High (next 20%)
6559-PDZLR,0.514,True,MonthlyCharges; is_month_to_month; InternetService_Fiber optic,High (next 20%)
5747-PMBSQ,0.514,True,is_month_to_month; avg_monthly_spend; tenure,High (next 20%)
2800-QQUSO,0.513,True,is_month_to_month; avg_monthly_spend; MonthlyCharges,High (next 20%)
5307-DZCVC,0.513,True,is_month_to_month; SeniorCitizen; InternetService_Fiber optic,High (next 20%)
8642-GVWRF,0.513,True,is_month_to_month; tenure; MonthlyCharges,High (next 20%)
9093-FPDLG,0.513,True,is_month_to_month; InternetService_Fiber optic; PaymentMethod_Electronic check,High (next 20%)
9898-KZQDZ,0.513,True,is_month_to_month; SeniorCitizen; InternetService_Fiber optic,High (next 20%)
1597-LHYNC,0.513,True,is_month_to_month; avg_monthly_spend; InternetService_Fiber optic,High (next 20%)
0067-DKWBL,0.513,True,is_month_to_month; tenure; SeniorCitizen,High (next 20%)
2831-EBWRN,0.512,True,is_month_to_month; tenure; OnlineSecurity_No,High (next 20%)
6242-MBHPK,0.512,True,is_month_to_month; avg_monthly_spend; InternetService_Fiber optic,High (next 20%)
4062-HBMOS,0.512,True,is_month_to_month; avg_monthly_spend; InternetService_Fiber optic,High (next 20%)
2362-IBOOY,0.512,True,is_month_to_month; avg_monthly_spend; InternetService_Fiber optic,High (next 20%)
3071-VBYPO,0.512,True,is_month_to_month; avg_monthly_spend; tenure,High (next 20%)
2141-RRYGO,0.512,True,is_month_to_month; tenure; OnlineSecurity_No,High (next 20%)
5914-DVBWJ,0.512,True,is_month_to_month; PaymentMethod_Electronic check; InternetService_Fiber optic,High (next 20%)
2603-HVKCG,0.512,True,is_month_to_month; avg_monthly_spend; InternetService_Fiber optic,High (next 20%)
6402-ZFPPI,0.512,True,avg_monthly_spend; is_month_to_month; MonthlyCharges,High (next 20%)
3771-PZOBW,0.512,True,is_month_to_month; InternetService_Fiber optic; MultipleLines_No,High (next 20%)
1482-OXZSY,0.512,True,is_month_to_month; MonthlyCharges; InternetService_Fiber optic,High (next 20%)
8610-WFCJF,0.512,True,is_month_to_month; InternetService_Fiber optic; OnlineSecurity_No,High (next 20%)
5899-OUVKV,0.512,True,is_month_to_month; InternetService_Fiber optic; OnlineSecurity_No,High (next 20%)
1084-UQCHV,0.511,True,TotalCharges; tenure; is_month_to_month,High (next 20%)
4074-SJFFA,0.511,True,tenure; is_month_to_month; TotalCharges,High (next 20%)
8800-ZKRFW,0.511,True,is_month_to_month; avg_monthly_spend; InternetService_Fiber optic,High (next 20%)
4846-WHAFZ,0.511,True,is_month_to_month; InternetService_Fiber optic; PaymentMethod_Electronic check,High (next 20%)
0529-ONKER,0.51,True,is_month_to_month; TotalCharges; SeniorCitizen,High (next 20%)
5480-TBGPH,0.51,True,is_month_to_month; MonthlyCharges; avg_monthly_spend,High (next 20%)
4128-ETESU,0.51,True,is_month_to_month; avg_monthly_spend; MonthlyCharges,High (next 20%)
7176-WIONM,0.51,True,is_month_to_month; OnlineSecurity_No; MultipleLines_No,High (next 20%)
5373-SFODM,0.51,True,is_month_to_month; avg_monthly_spend; InternetService_Fiber optic,High (next 20%)
4729-XKASR,0.51,True,tenure; is_month_to_month; TotalCharges,High (next 20%)
6519-CFDBX,0.51,True,is_month_to_month; tenure; TotalCharges,High (next 20%)
9465-RWMXL,0.51,True,is_month_to_month; InternetService_Fiber optic; PaymentMethod_Electronic check,High (next 20%)
8393-DLHGA,0.509,True,is_month_to_month; MonthlyCharges; TotalCharges,High (next 20%)
7426-RHZGU,0.509,True,is_month_to_month; tenure; MonthlyCharges,High (next 20%)
0947-IDHRQ,0.509,True,is_month_to_month; tenure; InternetService_Fiber optic,High (next 20%)
5989-PGKJB,0.509,True,is_month_to_month; InternetService_Fiber optic; OnlineSecurity_No,High (next 20%)
6366-ZGQGL,0.509,True,tenure; is_month_to_month; TotalCharges,High (next 20%)
1583-IHQZE,0.509,True,is_month_to_month; avg_monthly_spend; MonthlyCharges,High (next 20%)
2988-PLAHS,0.508,True,tenure; OnlineSecurity_No; Contract_One year,High (next 20%)
9752-ZNQUT,0.508,True,tenure; is_month_to_month; TotalCharges,High (next 20%)
4373-MAVJG,0.508,True,is_month_to_month; InternetService_Fiber optic; avg_monthly_spend,High (next 20%)
1894-IGFSG,0.508,True,is_month_to_month; InternetService_Fiber optic; avg_monthly_spend,High (next 20%)
3137-LUPIX,0.507,True,is_month_to_month; tenure; OnlineSecurity_No,High (next 20%)
1428-GTBJJ,0.507,True,is_month_to_month; InternetService_Fiber optic; PaymentMethod_Electronic check,High (next 20%)
7404-JLKQG,0.507,True,is_month_to_month; tenure; TotalCharges,High (next 20%)
2786-GCDPI,0.507,True,is_month_to_month; avg_monthly_spend; InternetService_Fiber optic,High (next 20%)
9506-UXUSK,0.506,True,is_month_to_month; InternetService_Fiber optic; PaymentMethod_Electronic check,High (next 20%)
3167-SNQPL,0.506,True,is_month_to_month; MonthlyCharges; SeniorCitizen,High (next 20%)
4317-VTEOA,0.506,True,tenure; is_month_to_month; TotalCharges,High (next 20%)
5647-FXOTP,0.506,True,avg_monthly_spend; is_month_to_month; MonthlyCharges,High (next 20%)
7089-IVVAZ,0.506,True,avg_monthly_spend; is_month_to_month; MonthlyCharges,High (next 20%)
3853-LYGAM,0.505,True,is_month_to_month; InternetService_Fiber optic; MultipleLines_No,High (next 20%)
3070-DVEYC,0.505,True,is_month_to_month; tenure; InternetService_Fiber optic,High (next 20%)
6127-IYJOZ,0.505,True,tenure; is_month_to_month; TotalCharges,High (next 20%)
4818-QIUFN,0.505,True,is_month_to_month; SeniorCitizen; InternetService_Fiber optic,High (next 20%)
2359-KMGLI,0.505,True,is_month_to_month; PaymentMethod_Electronic check; InternetService_Fiber optic,High (next 20%)
6583-QGCSI,0.505,True,is_month_to_month; charge_delta; InternetService_Fiber optic,High (next 20%)
0637-YLETY,0.505,True,is_month_to_month; InternetService_Fiber optic; MultipleLines_No,High (next 20%)
9885-AIBVB,0.504,True,is_month_to_month; InternetService_Fiber optic; PaymentMethod_Electronic check,High (next 20%)
4547-LYTDD,0.504,True,is_month_to_month; InternetService_Fiber optic; OnlineSecurity_No,High (next 20%)
8714-EUHJO,0.504,True,is_month_to_month; charge_delta; OnlineSecurity_No,High (next 20%)
2675-DHUTR,0.504,True,is_month_to_month; MonthlyCharges; InternetService_Fiber optic,High (next 20%)
1236-WFCDV,0.504,True,is_month_to_month; InternetService_Fiber optic; SeniorCitizen,High (next 20%)
2792-LSHWX,0.504,True,is_month_to_month; tenure; avg_monthly_spend,High (next 20%)
4361-JEIVL,0.503,True,tenure; is_month_to_month; TechSupport_No,High (next 20%)
2692-BUCFV,0.502,True,is_month_to_month; avg_monthly_spend; MonthlyCharges,High (next 20%)
2916-BQZLN,0.502,True,is_month_to_month; avg_monthly_spend; InternetService_Fiber optic,High (next 20%)
6522-YRBXD,0.502,True,is_month_to_month; InternetService_Fiber optic; MultipleLines_No,High (next 20%)
1866-OBPNR,0.502,True,is_month_to_month; tenure; TotalCharges,High (next 20%)
9058-MJLZC,0.502,True,is_month_to_month; avg_monthly_spend; InternetService_Fiber optic,High (next 20%)
3791-LGQCY,0.502,True,is_month_to_month; avg_monthly_spend; MonthlyCharges,High (next 20%)
5439-WIKXB,0.501,True,is_month_to_month; avg_monthly_spend; charge_delta,High (next 20%)
8012-SOUDQ,0.501,True,is_month_to_month; InternetService_Fiber optic; SeniorCitizen,High (next 20%)
5899-MQZZL,0.501,True,is_month_to_month; InternetService_Fiber optic; MultipleLines_No,High (next 20%)
6661-HBGWL,0.501,True,is_month_to_month; avg_monthly_spend; SeniorCitizen,High (next 20%)
1769-GRUIK,0.501,True,is_month_to_month; InternetService_Fiber optic; PaymentMethod_Electronic check,High (next 20%)
8696-JKZNU,0.501,True,is_month_to_month; SeniorCitizen; PaymentMethod_Electronic check,High (next 20%)
3627-FHKBK,0.501,True,is_month_to_month; tenure; TotalCharges,High (next 20%)
0311-UNPFF,0.5,True,is_month_to_month; InternetService_Fiber optic; avg_monthly_spend,High (next 20%)
8064-RAVOH,0.5,True,tenure; is_month_to_month; TotalCharges,High (next 20%)
7240-FQLHE,0.5,True,MonthlyCharges; avg_monthly_spend; is_month_to_month,High (next 20%)
7734-DBOAI,0.5,True,is_month_to_month; tenure; TotalCharges,High (next 20%)
2252-ISRNH,0.5,True,avg_monthly_spend; PaymentMethod_Electronic check; tenure,High (next 20%)
0869-PAPRP,0.5,True,is_month_to_month; InternetService_Fiber optic; SeniorCitizen,High (next 20%)
9389-ACWBI,0.5,True,is_month_to_month; tenure; InternetService_Fiber optic,High (next 20%)
8059-UDZFY,0.499,True,is_month_to_month; avg_monthly_spend; SeniorCitizen,High (next 20%)
6178-KFNHS,0.499,True,is_month_to_month; InternetService_Fiber optic; PaymentMethod_Electronic check,High (next 20%)
7279-BUYWN,0.499,True,is_month_to_month; InternetService_Fiber optic; SeniorCitizen,High (next 20%)
3312-ZWLGF,0.499,True,is_month_to_month; avg_monthly_spend; InternetService_Fiber optic,High (next 20%)
5044-LRQAQ,0.499,True,is_month_to_month; tenure; InternetService_Fiber optic,High (next 20%)
6542-LWGXJ,0.499,True,is_month_to_month; TotalCharges; tenure,High (next 20%)
6158-HDPXZ,0.498,True,tenure; is_month_to_month; TotalCharges,High (next 20%)
2027-CWDNU,0.498,True,is_month_to_month; InternetService_Fiber optic; avg_monthly_spend,High (next 20%)
3315-TOTBP,0.498,True,is_month_to_month; TotalCharges; InternetService_Fiber optic,High (next 20%)
9365-SRSZE,0.498,True,is_month_to_month; InternetService_Fiber optic; PaymentMethod_Electronic check,High (next 20%)
9269-CQOOL,0.498,True,is_month_to_month; tenure; OnlineSecurity_No,High (next 20%)
4238-JSSWH,0.498,True,is_month_to_month; SeniorCitizen; InternetService_Fiber optic,High (next 20%)
5365-LLFYV,0.497,True,is_month_to_month; tenure; OnlineSecurity_No,High (next 20%)
9588-OZDMQ,0.497,True,is_month_to_month; tenure; TotalCharges,High (next 20%)
5183-SNMJQ,0.497,True,is_month_to_month; InternetService_Fiber optic; tenure,High (next 20%)
1965-DDBWU,0.497,True,is_month_to_month; InternetService_Fiber optic; MultipleLines_No,High (next 20%)
8685-WHQPW,0.497,True,is_month_to_month; InternetService_Fiber optic; OnlineSecurity_No,High (next 20%)
8665-UTDHZ,0.497,True,tenure; is_month_to_month; TotalCharges,High (next 20%)
1580-BMCMR,0.497,True,is_month_to_month; SeniorCitizen; avg_monthly_spend,High (next 20%)
2397-BRLOM,0.497,True,is_month_to_month; tenure; InternetService_Fiber optic,High (next 20%)
8695-ARGXZ,0.497,True,is_month_to_month; SeniorCitizen; PaymentMethod_Electronic check,High (next 20%)
4360-PNRQB,0.497,True,is_month_to_month; InternetService_Fiber optic; OnlineSecurity_No,High (next 20%)
0650-BWOZN,0.496,True,is_month_to_month; InternetService_Fiber optic; OnlineSecurity_No,High (next 20%)
9779-DPNEJ,0.496,True,is_month_to_month; charge_delta; InternetService_Fiber optic,High (next 20%)
9432-VOFYX,0.496,True,is_month_to_month; InternetService_Fiber optic; TotalCharges,High (next 20%)
9601-BRXPO,0.496,True,is_month_to_month; avg_monthly_spend; InternetService_Fiber optic,High (next 20%)
0376-OIWME,0.495,True,is_month_to_month; avg_monthly_spend; InternetService_Fiber optic,High (next 20%)
6365-MTGZX,0.495,True,is_month_to_month; MonthlyCharges; InternetService_Fiber optic,High (next 20%)
1907-UBQFC,0.495,True,is_month_to_month; SeniorCitizen; InternetService_Fiber optic,High (next 20%)
1092-GANHU,0.495,True,is_month_to_month; InternetService_Fiber optic; PaymentMethod_Electronic check,High (next 20%)
5404-GGUKR,0.495,True,is_month_to_month; tenure; OnlineSecurity_No,High (next 20%)
5868-CZJDR,0.495,True,tenure; is_month_to_month; TotalCharges,High (next 20%)
0727-IWKVK,0.495,True,is_month_to_month; avg_monthly_spend; tenure,High (next 20%)
8260-NGFNY,0.495,True,tenure; is_month_to_month; TotalCharges,High (next 20%)
2495-KZNFB,0.495,True,is_month_to_month; avg_monthly_spend; InternetService_Fiber optic,High (next 20%)
1597-FZREH,0.494,True,tenure; is_month_to_month; TotalCharges,High (next 20%)
9626-WEQRM,0.494,True,is_month_to_month; tenure; MultipleLines_No,High (next 20%)
0564-MUUQK,0.494,True,is_month_to_month; avg_monthly_spend; InternetService_Fiber optic,High (next 20%)
2018-PZKMU,0.494,True,is_month_to_month; InternetService_Fiber optic; MonthlyCharges,High (next 20%)
9895-VFOXH,0.494,True,tenure; is_month_to_month; TotalCharges,High (next 20%)
7377-DMMRI,0.494,True,is_month_to_month; tenure; TotalCharges,High (next 20%)
5130-IEKQT,0.494,True,avg_monthly_spend; is_month_to_month; MonthlyCharges,High (next 20%)
2959-FENLU,0.493,True,is_month_to_month; tenure; avg_monthly_spend,High (next 20%)
8981-FJGLA,0.493,True,is_month_to_month; InternetService_Fiber optic; charge_delta,High (next 20%)
7895-VONWT,0.493,True,is_month_to_month; PaymentMethod_Electronic check; OnlineSecurity_No,High (next 20%)
5981-ITEMU,0.493,True,is_month_to_month; avg_monthly_spend; MonthlyCharges,High (next 20%)
0654-HMSHN,0.492,True,is_month_to_month; avg_monthly_spend; InternetService_Fiber optic,High (next 20%)
8080-DDEMJ,0.492,True,tenure; is_month_to_month; TotalCharges,High (next 20%)
8844-TONUD,0.491,True,is_month_to_month; TotalCharges; MonthlyCharges,High (next 20%)
8676-OOQEJ,0.491,True,is_month_to_month; tenure; PaymentMethod_Electronic check,High (next 20%)
0749-IRGQE,0.491,True,is_month_to_month; SeniorCitizen; PaymentMethod_Electronic check,High (next 20%)
2974-GGUXS,0.491,True,is_month_to_month; InternetService_Fiber optic; SeniorCitizen,High (next 20%)
4706-DGAHW,0.491,True,tenure; is_month_to_month; TotalCharges,High (next 20%)
0947-MUGVO,0.491,True,is_month_to_month; charge_delta; InternetService_Fiber optic,High (next 20%)
1035-IPQPU,0.49,True,is_month_to_month; avg_monthly_spend; InternetService_Fiber optic,High (next 20%)
9053-EJUNL,0.489,True,is_month_to_month; charge_delta; InternetService_Fiber optic,High (next 20%)
1264-BYWMS,0.489,True,is_month_to_month; MonthlyCharges; PaymentMethod_Electronic check,High (next 20%)
5449-FIBXJ,0.489,True,avg_monthly_spend; is_month_to_month; MonthlyCharges,High (next 20%)
5696-QURRL,0.489,True,tenure; is_month_to_month; TotalCharges,High (next 20%)
6284-AHOOQ,0.489,True,is_month_to_month; InternetService_Fiber optic; SeniorCitizen,High (next 20%)
5281-BUZGT,0.489,True,is_month_to_month; SeniorCitizen; InternetService_Fiber optic,High (next 20%)
8950-MTZNV,0.489,True,tenure; is_month_to_month; TechSupport_No,High (next 20%)
1013-QCWAM,0.488,True,is_month_to_month; avg_monthly_spend; MonthlyCharges,High (next 20%)
9090-SGQXL,0.488,True,avg_monthly_spend; is_month_to_month; OnlineSecurity_No,High (next 20%)
8167-GJLRN,0.488,True,is_month_to_month; tenure; TotalCharges,High (next 20%)
7924-GJZFI,0.488,True,is_month_to_month; InternetService_Fiber optic; OnlineSecurity_No,High (next 20%)
5889-JTMUL,0.488,True,is_month_to_month; InternetService_Fiber optic; MultipleLines_No,High (next 20%)
7483-IQWIB,0.488,True,is_month_to_month; avg_monthly_spend; InternetService_Fiber optic,High (next 20%)
9492-TOKRI,0.488,True,is_month_to_month; InternetService_Fiber optic; avg_monthly_spend,High (next 20%)
5222-IMUKT,0.487,True,is_month_to_month; InternetService_Fiber optic; OnlineSecurity_No,High (next 20%)
7979-CORPM,0.487,True,is_month_to_month; avg_monthly_spend; InternetService_Fiber optic,High (next 20%)
3798-EPWRR,0.487,True,is_month_to_month; tenure; SeniorCitizen,High (next 20%)
9904-EHEVJ,0.487,True,is_month_to_month; InternetService_Fiber optic; SeniorCitizen,High (next 20%)
0771-WLCLA,0.487,True,is_month_to_month; avg_monthly_spend; InternetService_Fiber optic,High (next 20%)
6243-OZGFH,0.487,True,is_month_to_month; PaymentMethod_Electronic check; MultipleLines_No,High (next 20%)
8378-LKJAF,0.486,True,is_month_to_month; avg_monthly_spend; MonthlyCharges,High (next 20%)
0082-OQIQY,0.486,True,is_month_to_month; InternetService_Fiber optic; PaymentMethod_Electronic check,High (next 20%)
2719-BDAQO,0.486,True,is_month_to_month; avg_monthly_spend; InternetService_Fiber optic,High (next 20%)
4947-DSMXK,0.486,True,is_month_to_month; MonthlyCharges; avg_monthly_spend,High (next 20%)
0315-LVCRK,0.485,True,is_month_to_month; InternetService_Fiber optic; OnlineSecurity_No,High (next 20%)
2528-HFYZX,0.485,True,is_month_to_month; SeniorCitizen; InternetService_Fiber optic,High (next 20%)
0952-KMEEH,0.485,True,is_month_to_month; MonthlyCharges; avg_monthly_spend,High (next 20%)
3439-GVUSX,0.485,True,tenure; is_month_to_month; TotalCharges,High (next 20%)
1976-CFOCS,0.485,True,tenure; is_month_to_month; TotalCharges,High (next 20%)
7318-EIVKO,0.485,True,is_month_to_month; PaymentMethod_Electronic check; tenure,High (next 20%)
9796-BPKIW,0.484,True,is_month_to_month; tenure; InternetService_Fiber optic,High (next 20%)
1194-HVAIF,0.484,True,is_month_to_month; InternetService_Fiber optic; OnlineSecurity_No,High (next 20%)
0963-ZBDRN,0.484,True,is_month_to_month; MonthlyCharges; avg_monthly_spend,High (next 20%)
2575-GFSOE,0.484,True,is_month_to_month; tenure; InternetService_Fiber optic,High (next 20%)
5331-RGMTT,0.484,True,is_month_to_month; MonthlyCharges; charge_delta,High (next 20%)
7389-KBFIT,0.484,True,is_month_to_month; TotalCharges; tenure,High (next 20%)
0177-PXBAT,0.483,True,is_month_to_month; MonthlyCharges; InternetService_Fiber optic,High (next 20%)
2823-LKABH,0.483,True,is_month_to_month; avg_monthly_spend; InternetService_Fiber optic,High (next 20%)
7470-MCQTK,0.483,True,is_month_to_month; charge_delta; OnlineSecurity_No,High (next 20%)
1077-HUUJM,0.483,True,is_month_to_month; tenure; InternetService_Fiber optic,High (next 20%)
4918-QLLIW,0.482,True,is_month_to_month; tenure; OnlineSecurity_No,High (next 20%)
9261-WDCAF,0.482,True,is_month_to_month; tenure; OnlineSecurity_No,High (next 20%)
8066-POXGX,0.482,True,is_month_to_month; PaymentMethod_Electronic check; PhoneService_No,High (next 20%)
9944-AEXBM,0.481,True,is_month_to_month; InternetService_Fiber optic; avg_monthly_spend,High (next 20%)
1513-XNPPH,0.481,True,is_month_to_month; TotalCharges; InternetService_Fiber optic,High (next 20%)
3352-ALMCK,0.481,True,is_month_to_month; avg_monthly_spend; charge_delta,High (next 20%)
5453-AXEPF,0.481,True,is_month_to_month; InternetService_Fiber optic; PaperlessBilling_No,High (next 20%)
9214-EKVXR,0.481,True,tenure; is_month_to_month; OnlineSecurity_No,High (next 20%)
0620-DLSLK,0.481,True,is_month_to_month; InternetService_Fiber optic; OnlineSecurity_No,High (next 20%)
2232-DMLXU,0.48,True,tenure; is_month_to_month; TotalCharges,High (next 20%)
0439-IFYUN,0.48,True,is_month_to_month; SeniorCitizen; InternetService_Fiber optic,High (next 20%)
2038-LLMLM,0.48,True,is_month_to_month; avg_monthly_spend; InternetService_Fiber optic,High (next 20%)
5442-XSDCW,0.479,True,is_month_to_month; InternetService_Fiber optic; charge_delta,High (next 20%)
8456-QDAVC,0.479,True,is_month_to_month; InternetService_Fiber optic; charge_delta,High (next 20%)
7855-DIWPO,0.479,True,is_month_to_month; InternetService_Fiber optic; PaymentMethod_Electronic check,High (next 20%)
0895-DQHEW,0.478,True,is_month_to_month; TotalCharges; MonthlyCharges,High (next 20%)
9773-PEQBZ,0.478,True,is_month_to_month; InternetService_Fiber optic; tenure,High (next 20%)
8189-XRIKE,0.478,True,is_month_to_month; SeniorCitizen; InternetService_Fiber optic,High (next 20%)
5968-VXZLG,0.478,True,is_month_to_month; tenure; TotalCharges,High (next 20%)
3961-SXAXY,0.478,True,tenure; is_month_to_month; TechSupport_No,High (next 20%)
6218-KNUBD,0.478,True,is_month_to_month; tenure; OnlineSecurity_No,High (next 20%)
2582-FFFZR,0.478,True,is_month_to_month; PaymentMethod_Electronic check; TotalCharges,High (next 20%)
9631-XEYKE,0.477,True,is_month_to_month; tenure; OnlineSecurity_No,High (next 20%)
2203-GHNWN,0.477,True,is_month_to_month; InternetService_Fiber optic; OnlineSecurity_No,High (next 20%)
9281-OFDMF,0.477,True,is_month_to_month; SeniorCitizen; InternetService_Fiber optic,High (next 20%)
8313-KTIHG,0.477,True,is_month_to_month; tenure; PaymentMethod_Electronic check,High (next 20%)
4484-GLZOU,0.477,True,avg_monthly_spend; is_month_to_month; InternetService_Fiber optic,High (next 20%)
7675-OZCZG,0.477,True,is_month_to_month; SeniorCitizen; tenure,High (next 20%)
3934-HXCFZ,0.477,True,is_month_to_month; MonthlyCharges; avg_monthly_spend,High (next 20%)
7881-INRLC,0.476,True,avg_monthly_spend; is_month_to_month; MonthlyCharges,High (next 20%)
7065-YUNRY,0.476,True,tenure; is_month_to_month; TotalCharges,High (next 20%)
3926-CUQZX,0.476,True,tenure; is_month_to_month; TotalCharges,High (next 20%)
6467-CHFZW,0.476,True,is_month_to_month; MonthlyCharges; avg_monthly_spend,High (next 20%)
8630-FJLIB,0.476,True,is_month_to_month; InternetService_Fiber optic; PaymentMethod_Electronic check,High (next 20%)
6481-ESCNL,0.476,True,is_month_to_month; avg_monthly_spend; InternetService_Fiber optic,High (next 20%)
9947-OTFQU,0.476,True,is_month_to_month; SeniorCitizen; InternetService_Fiber optic,High (next 20%)
5650-YLIBA,0.475,True,is_month_to_month; charge_delta; OnlineSecurity_No,High (next 20%)
3088-LHEFH,0.475,True,is_month_to_month; avg_monthly_spend; InternetService_Fiber optic,High (next 20%)
2538-OIMXF,0.475,True,tenure; is_month_to_month; TotalCharges,High (next 20%)
5364-EVNIB,0.475,True,is_month_to_month; InternetService_Fiber optic; OnlineSecurity_No,High (next 20%)
2275-RBYQS,0.475,True,tenure; is_month_to_month; TotalCharges,High (next 20%)
7048-GXDAY,0.475,True,is_month_to_month; avg_monthly_spend; InternetService_Fiber optic,High (next 20%)
6595-COKXZ,0.475,True,tenure; is_month_to_month; OnlineSecurity_No,High (next 20%)
0921-OHLVP,0.475,True,is_month_to_month; InternetService_Fiber optic; PaymentMethod_Electronic check,High (next 20%)
8710-YGLWG,0.474,True,tenure; is_month_to_month; OnlineSecurity_No,High (next 20%)
7663-RGWBC,0.474,True,tenure; is_month_to_month; OnlineSecurity_No,High (next 20%)
5605-IYGFG,0.474,True,is_month_to_month; tenure; InternetService_Fiber optic,High (next 20%)
4847-QNOKA,0.474,True,tenure; is_month_to_month; OnlineSecurity_No,High (next 20%)
1818-ESQMW,0.473,True,is_month_to_month; InternetService_Fiber optic; PaymentMethod_Electronic check,High (next 20%)
1399-UBQIU,0.473,True,is_month_to_month; PaymentMethod_Electronic check; OnlineSecurity_No,High (next 20%)
1391-UBDAR,0.473,True,is_month_to_month; InternetService_Fiber optic; PaymentMethod_Electronic check,High (next 20%)
0641-EVBOJ,0.473,True,is_month_to_month; tenure; InternetService_Fiber optic,High (next 20%)
4553-DVPZG,0.473,True,is_month_to_month; avg_monthly_spend; PaymentMethod_Electronic check,High (next 20%)
2277-VWCNI,0.473,True,is_month_to_month; SeniorCitizen; tenure,High (next 20%)
0958-YHXGP,0.473,True,is_month_to_month; tenure; InternetService_Fiber optic,High (next 20%)
5626-MGTUK,0.473,True,is_month_to_month; avg_monthly_spend; InternetService_Fiber optic,High (next 20%)
7268-IGMFD,0.473,True,is_month_to_month; InternetService_Fiber optic; MultipleLines_No,High (next 20%)
2209-XADXF,0.473,True,tenure; is_month_to_month; TotalCharges,High (next 20%)
3891-PUQOD,0.473,True,tenure; is_month_to_month; TotalCharges,High (next 20%)
5950-AAAGJ,0.473,True,is_month_to_month; InternetService_Fiber optic; avg_monthly_spend,High (next 20%)
8914-RBTSB,0.472,True,is_month_to_month; InternetService_Fiber optic; OnlineSecurity_No,High (next 20%)
1845-CSBRZ,0.472,True,is_month_to_month; InternetService_Fiber optic; avg_monthly_spend,High (next 20%)
2956-GGUCQ,0.472,True,is_month_to_month; SeniorCitizen; InternetService_Fiber optic,High (next 20%)
4013-UBXWQ,0.472,True,is_month_to_month; tenure; PaymentMethod_Electronic check,High (next 20%)
9367-WXLCH,0.472,True,is_month_to_month; tenure; avg_monthly_spend,High (next 20%)
2277-DJJDL,0.471,True,is_month_to_month; MonthlyCharges; avg_monthly_spend,High (next 20%)
3545-CNWRG,0.471,True,is_month_to_month; MonthlyCharges; avg_monthly_spend,High (next 20%)
0402-CQAJN,0.471,True,is_month_to_month; avg_monthly_spend; MonthlyCharges,High (next 20%)
9117-SHLZX,0.471,True,tenure; is_month_to_month; TotalCharges,High (next 20%)
2460-NGXBJ,0.471,True,is_month_to_month; InternetService_Fiber optic; SeniorCitizen,High (next 20%)
9348-YVOMK,0.47,True,is_month_to_month; tenure; OnlineSecurity_No,High (next 20%)
2722-JMONI,0.47,True,tenure; is_month_to_month; SeniorCitizen,High (next 20%)
0940-OUQEC,0.47,True,is_month_to_month; tenure; InternetService_Fiber optic,High (next 20%)
2344-JMOGN,0.47,True,is_month_to_month; charge_delta; tenure,High (next 20%)
9026-RNUJS,0.47,True,is_month_to_month; tenure; SeniorCitizen,High (next 20%)
6704-UTUKK,0.47,True,is_month_to_month; PaymentMethod_Electronic check; charge_delta,High (next 20%)
5922-ABDVO,0.469,True,is_month_to_month; avg_monthly_spend; InternetService_Fiber optic,High (next 20%)
7603-USHJS,0.469,True,is_month_to_month; InternetService_Fiber optic; OnlineSecurity_No,High (next 20%)
2811-POVEX,0.468,True,is_month_to_month; avg_monthly_spend; InternetService_Fiber optic,High (next 20%)
5133-POWUA,0.468,True,tenure; is_month_to_month; TotalCharges,High (next 20%)
9821-POOTN,0.468,True,is_month_to_month; PaymentMethod_Electronic check; InternetService_Fiber optic,High (next 20%)
4237-RLAQD,0.468,True,tenure; is_month_to_month; TotalCharges,High (next 20%)
4879-GZLFH,0.468,True,is_month_to_month; avg_monthly_spend; InternetService_Fiber optic,High (next 20%)
6204-IEUXJ,0.468,True,is_month_to_month; tenure; MonthlyCharges,High (next 20%)
3174-RKMOW,0.468,True,is_month_to_month; avg_monthly_spend; InternetService_Fiber optic,High (next 20%)
5515-AKOAJ,0.468,True,is_month_to_month; MonthlyCharges; avg_monthly_spend,High (next 20%)
8720-RQSBJ,0.468,True,tenure; is_month_to_month; SeniorCitizen,High (next 20%)
2519-FAKOD,0.467,True,MonthlyCharges; is_month_to_month; avg_monthly_spend,High (next 20%)
1343-EHPYB,0.467,True,is_month_to_month; avg_monthly_spend; MonthlyCharges,High (next 20%)
5226-NOZFC,0.467,True,is_month_to_month; InternetService_Fiber optic; PaymentMethod_Electronic check,High (next 20%)
8645-KWHJO,0.467,True,is_month_to_month; PaymentMethod_Electronic check; MultipleLines_No,High (next 20%)
7233-DRTRF,0.466,True,is_month_to_month; avg_monthly_spend; PaymentMethod_Electronic check,High (next 20%)
0093-XWZFY,0.466,True,is_month_to_month; avg_monthly_spend; InternetService_Fiber optic,High (next 20%)
2856-NNASM,0.466,True,is_month_to_month; InternetService_Fiber optic; SeniorCitizen,High (next 20%)
9058-CBREO,0.466,True,tenure; is_month_to_month; SeniorCitizen,High (next 20%)
0682-USIXD,0.466,True,is_month_to_month; InternetService_Fiber optic; PaymentMethod_Electronic check,High (next 20%)
1406-PUQVY,0.466,True,tenure; is_month_to_month; TotalCharges,High (next 20%)
9625-QSTYE,0.465,True,is_month_to_month; InternetService_Fiber optic; OnlineSecurity_No,High (next 20%)
2108-XWMPY,0.465,True,is_month_to_month; tenure; TotalCharges,High (next 20%)
8229-TNIQA,0.465,True,is_month_to_month; tenure; OnlineSecurity_No,High (next 20%)
0141-YEAYS,0.465,True,is_month_to_month; InternetService_Fiber optic; OnlineSecurity_No,High (next 20%)
7718-RXDGG,0.465,True,is_month_to_month; InternetService_Fiber optic; OnlineSecurity_No,High (next 20%)
1384-RCUXW,0.465,True,is_month_to_month; InternetService_Fiber optic; OnlineSecurity_No,High (next 20%)
8280-MQRQN,0.465,True,tenure; is_month_to_month; TotalCharges,High (next 20%)
4201-JMNGR,0.465,True,tenure; is_month_to_month; TotalCharges,High (next 20%)
9508-ILZDG,0.465,True,is_month_to_month; avg_monthly_spend; InternetService_Fiber optic,High (next 20%)
4581-LNWUM,0.465,True,is_month_to_month; PaymentMethod_Electronic check; PhoneService_No,High (next 20%)
4671-LXRDQ,0.465,True,is_month_to_month; tenure; TotalCharges,High (next 20%)
4727-MCYZG,0.464,True,tenure; is_month_to_month; TotalCharges,High (next 20%)
5692-FPTAH,0.464,True,tenure; is_month_to_month; TotalCharges,High (next 20%)
0311-QYWSS,0.464,True,is_month_to_month; tenure; PaymentMethod_Electronic check,High (next 20%)
6377-WHAOX,0.464,True,avg_monthly_spend; is_month_to_month; MonthlyCharges,High (next 20%)
0541-FITGH,0.464,True,is_month_to_month; tenure; TechSupport_No,High (next 20%)
2672-TGEFF,0.464,True,is_month_to_month; InternetService_Fiber optic; PaymentMethod_Electronic check,High (next 20%)
1472-TNCWL,0.464,True,is_month_to_month; InternetService_Fiber optic; OnlineSecurity_No,High (next 20%)
1320-REHCS,0.464,True,is_month_to_month; InternetService_Fiber optic; PaymentMethod_Electronic check,High (next 20%)
2696-NARTR,0.464,True,is_month_to_month; InternetService_Fiber optic; avg_monthly_spend,High (next 20%)
9450-TRJUU,0.463,True,is_month_to_month; InternetService_Fiber optic; PaymentMethod_Electronic check,High (next 20%)
6185-TASNN,0.463,True,tenure; is_month_to_month; TotalCharges,High (next 20%)
1660-HSOOQ,0.463,True,tenure; is_month_to_month; TotalCharges,High (next 20%)
8819-IMISP,0.463,True,is_month_to_month; InternetService_Fiber optic; PaymentMethod_Electronic check,High (next 20%)
1536-HBSWP,0.463,True,is_month_to_month; tenure; TotalCharges,High (next 20%)
0601-WZHJF,0.463,True,is_month_to_month; PhoneService_No; charge_delta,High (next 20%)
6741-EGCBI,0.462,True,is_month_to_month; SeniorCitizen; InternetService_Fiber optic,High (next 20%)
3768-NLUBH,0.462,True,is_month_to_month; avg_monthly_spend; SeniorCitizen,High (next 20%)
8785-CJSHH,0.462,True,is_month_to_month; MonthlyCharges; InternetService_Fiber optic,High (next 20%)
3278-FSIXX,0.462,True,is_month_to_month; tenure; TotalCharges,High (next 20%)
7567-ECMCM,0.462,True,is_month_to_month; InternetService_Fiber optic; avg_monthly_spend,High (next 20%)
8490-BXHEO,0.462,True,is_month_to_month; InternetService_Fiber optic; SeniorCitizen,High (next 20%)
9283-LZQOH,0.461,True,is_month_to_month; InternetService_Fiber optic; OnlineSecurity_No,High (next 20%)
8212-CRQXP,0.461,True,is_month_to_month; InternetService_Fiber optic; MonthlyCharges,High (next 20%)
3799-ISUZQ,0.461,True,is_month_to_month; tenure; InternetService_Fiber optic,High (next 20%)
0887-HJGAR,0.46,True,tenure; is_month_to_month; TotalCharges,High (next 20%)
1833-TCXKK,0.46,True,avg_monthly_spend; is_month_to_month; MonthlyCharges,High (next 20%)
2720-FVBQP,0.46,True,is_month_to_month; tenure; TotalCharges,High (next 20%)
2761-XECQW,0.46,True,is_month_to_month; MultipleLines_No; OnlineSecurity_No,High (next 20%)
6650-VJONK,0.46,True,tenure; is_month_to_month; TechSupport_No,High (next 20%)
7508-SMHXL,0.46,True,is_month_to_month; SeniorCitizen; InternetService_Fiber optic,High (next 20%)
8849-AYPTR,0.459,True,is_month_to_month; InternetService_Fiber optic; OnlineSecurity_No,High (next 20%)
9851-KIELU,0.459,True,is_month_to_month; avg_monthly_spend; MonthlyCharges,High (next 20%)
9505-SQFSW,0.459,True,is_month_to_month; tenure; OnlineSecurity_No,High (next 20%)
7752-XUSCI,0.459,True,avg_monthly_spend; is_month_to_month; MonthlyCharges,High (next 20%)
5536-RTPWK,0.459,True,is_month_to_month; MonthlyCharges; avg_monthly_spend,High (next 20%)
1963-SVUCV,0.459,True,tenure; is_month_to_month; TotalCharges,High (next 20%)
9278-VZKCD,0.459,True,is_month_to_month; MonthlyCharges; avg_monthly_spend,High (next 20%)
8058-DMYRU,0.458,True,is_month_to_month; InternetService_Fiber optic; MultipleLines_No,High (next 20%)
1902-XBTFB,0.458,True,is_month_to_month; InternetService_Fiber optic; PaymentMethod_Electronic check,High (next 20%)
3452-ABWRL,0.458,True,is_month_to_month; SeniorCitizen; InternetService_Fiber optic,High (next 20%)
6719-OXYBR,0.458,True,is_month_to_month; InternetService_Fiber optic; OnlineSecurity_No,High (next 20%)
1942-OQFRW,0.458,True,tenure; is_month_to_month; OnlineSecurity_No,High (next 20%)
0634-SZPQA,0.458,True,is_month_to_month; avg_monthly_spend; InternetService_Fiber optic,High (next 20%)
3955-JBZZM,0.457,True,is_month_to_month; InternetService_Fiber optic; OnlineSecurity_No,High (next 20%)
6486-LHTMA,0.457,True,PaymentMethod_Electronic check; avg_monthly_spend; Contract_One year,High (next 20%)
5533-NHFRF,0.457,True,is_month_to_month; tenure; SeniorCitizen,High (next 20%)
3757-NJYBX,0.457,True,is_month_to_month; MonthlyCharges; InternetService_Fiber optic,High (next 20%)
4536-PLEQY,0.457,True,is_month_to_month; avg_monthly_spend; InternetService_Fiber optic,High (next 20%)
8778-LMWTJ,0.456,True,is_month_to_month; tenure; InternetService_Fiber optic,High (next 20%)
2037-SGXHH,0.456,True,is_month_to_month; avg_monthly_spend; InternetService_Fiber optic,High (next 20%)
4658-HCOHW,0.456,True,is_month_to_month; avg_monthly_spend; MonthlyCharges,High (next 20%)
3524-WQDSG,0.456,True,is_month_to_month; MonthlyCharges; InternetService_Fiber optic,High (next 20%)
2373-NTKOD,0.456,True,is_month_to_month; OnlineSecurity_No; PaymentMethod_Electronic check,High (next 20%)
2474-BRUCM,0.456,True,is_month_to_month; avg_monthly_spend; SeniorCitizen,High (next 20%)
5520-FVEWJ,0.456,True,is_month_to_month; InternetService_Fiber optic; PaymentMethod_Electronic check,High (next 20%)
3096-JRDSO,0.456,True,avg_monthly_spend; is_month_to_month; MonthlyCharges,High (next 20%)
9699-UBQFS,0.456,True,is_month_to_month; InternetService_Fiber optic; PaymentMethod_Electronic check,High (next 20%)
7181-OQCUT,0.456,True,avg_monthly_spend; is_month_to_month; MonthlyCharges,High (next 20%)
3161-GETRM,0.456,True,is_month_to_month; InternetService_Fiber optic; avg_monthly_spend,High (next 20%)
0082-LDZUE,0.455,True,tenure; is_month_to_month; OnlineSecurity_No,High (next 20%)
1522-VVDMG,0.455,True,is_month_to_month; tenure; avg_monthly_spend,High (next 20%)
9637-EIHEQ,0.455,True,tenure; is_month_to_month; TotalCharges,High (next 20%)
9824-BEMCV,0.455,True,is_month_to_month; TotalCharges; PaymentMethod_Electronic check,High (next 20%)
8160-HOWOX,0.455,True,is_month_to_month; tenure; OnlineSecurity_No,High (next 20%)
8155-IBNHG,0.455,True,is_month_to_month; InternetService_Fiber optic; OnlineSecurity_No,High (next 20%)
2675-OTVVJ,0.455,True,is_month_to_month; InternetService_Fiber optic; SeniorCitizen,High (next 20%)
5498-TXHLF,0.455,True,is_month_to_month; avg_monthly_spend; InternetService_Fiber optic,High (next 20%)
2587-EKXTS,0.455,True,is_month_to_month; InternetService_Fiber optic; MultipleLines_No,High (next 20%)
7460-ITWWP,0.454,True,is_month_to_month; charge_delta; InternetService_Fiber optic,High (next 20%)
8782-LKFPK,0.454,True,is_month_to_month; avg_monthly_spend; OnlineSecurity_No,High (next 20%)
4248-QPAVC,0.454,True,is_month_to_month; avg_monthly_spend; InternetService_Fiber optic,High (next 20%)
4678-DVQEO,0.454,True,tenure; is_month_to_month; TotalCharges,High (next 20%)
4817-QRJSX,0.454,True,is_month_to_month; tenure; InternetService_Fiber optic,High (next 20%)
9667-TKTVZ,0.454,True,is_month_to_month; tenure; OnlineSecurity_No,High (next 20%)
5153-RTHKF,0.453,True,is_month_to_month; avg_monthly_spend; InternetService_Fiber optic,High (next 20%)
3566-HJGPK,0.453,True,tenure; is_month_to_month; TotalCharges,High (next 20%)
6906-ANDWJ,0.453,True,is_month_to_month; TotalCharges; InternetService_Fiber optic,High (next 20%)
7018-WBJNK,0.453,True,is_month_to_month; charge_delta; InternetService_Fiber optic,High (next 20%)
4816-LXZYW,0.453,True,is_month_to_month; PaymentMethod_Electronic check; InternetService_Fiber optic,High (next 20%)
4910-AQFFX,0.453,True,is_month_to_month; tenure; InternetService_Fiber optic,High (next 20%)
3884-HCSWG,0.453,True,is_month_to_month; TotalCharges; InternetService_Fiber optic,High (next 20%)
0256-LTHVJ,0.453,True,is_month_to_month; InternetService_Fiber optic; PaymentMethod_Electronic check,High (next 20%)
5047-LHVLY,0.453,True,tenure; is_month_to_month; SeniorCitizen,High (next 20%)
6331-LWDTQ,0.453,True,is_month_to_month; OnlineSecurity_No; MultipleLines_No,High (next 20%)
3716-UVSPD,0.453,True,is_month_to_month; tenure; TotalCharges,High (next 20%)
8990-ZXLSU,0.453,True,is_month_to_month; InternetService_Fiber optic; tenure,High (next 20%)
7892-QVYKW,0.453,True,is_month_to_month; InternetService_Fiber optic; PaymentMethod_Electronic check,High (next 20%)
3714-NTNFO,0.453,True,is_month_to_month; InternetService_Fiber optic; PaymentMethod_Electronic check,High (next 20%)
6652-YFFJO,0.453,True,is_month_to_month; PaymentMethod_Electronic check; OnlineSecurity_No,High (next 20%)
3237-AJGEH,0.452,True,is_month_to_month; tenure; TotalCharges,High (next 20%)
8818-XYFCQ,0.452,True,is_month_to_month; MonthlyCharges; avg_monthly_spend,High (next 20%)
9576-SYUHJ,0.452,True,is_month_to_month; avg_monthly_spend; InternetService_Fiber optic,High (next 20%)
3005-NFMTA,0.452,True,is_month_to_month; avg_monthly_spend; MonthlyCharges,High (next 20%)
1728-BQDMA,0.452,True,is_month_to_month; tenure; TotalCharges,High (next 20%)
4881-JVQOD,0.451,True,is_month_to_month; MultipleLines_No; OnlineSecurity_No,High (next 20%)
5351-QESIO,0.451,True,tenure; is_month_to_month; TotalCharges,High (next 20%)
7658-UYUQS,0.451,True,is_month_to_month; InternetService_Fiber optic; avg_monthly_spend,High (next 20%)
0280-XJGEX,0.451,True,is_month_to_month; avg_monthly_spend; InternetService_Fiber optic,High (next 20%)
2378-VTKDH,0.451,True,is_month_to_month; avg_monthly_spend; PaymentMethod_Electronic check,High (next 20%)
7562-UXTPG,0.451,True,is_month_to_month; InternetService_Fiber optic; OnlineSecurity_No,High (next 20%)
7825-GKXMW,0.451,True,tenure; is_month_to_month; TotalCharges,High (next 20%)
1260-TTRXI,0.45,True,is_month_to_month; tenure; OnlineSecurity_No,High (next 20%)
3755-JBMNH,0.45,True,is_month_to_month; TotalCharges; InternetService_Fiber optic,High (next 20%)
7410-YTJIK,0.45,True,is_month_to_month; tenure; InternetService_Fiber optic,High (next 20%)
2372-HWUHI,0.45,True,is_month_to_month; tenure; TotalCharges,High (next 20%)
6988-CJEYV,0.449,True,is_month_to_month; MonthlyCharges; avg_monthly_spend,High (next 20%)
5175-AOBHI,0.449,True,is_month_to_month; tenure; OnlineSecurity_No,High (next 20%)
5035-BVCXS,0.449,True,is_month_to_month; InternetService_Fiber optic; OnlineSecurity_No,High (next 20%)
2573-GYRUU,0.449,True,is_month_to_month; InternetService_Fiber optic; SeniorCitizen,High (next 20%)
3627-FCRDW,0.448,True,is_month_to_month; InternetService_Fiber optic; tenure,High (next 20%)
6317-YPKDH,0.448,True,tenure; is_month_to_month; TotalCharges,High (next 20%)
7359-PTSXY,0.448,True,tenure; is_month_to_month; TotalCharges,High (next 20%)
8272-ONJLV,0.448,True,avg_monthly_spend; OnlineSecurity_No; Contract_One year,High (next 20%)
4446-BZKHU,0.448,True,is_month_to_month; avg_monthly_spend; PaymentMethod_Electronic check,High (next 20%)
4430-UZIPO,0.448,True,is_month_to_month; tenure; charge_delta,High (next 20%)
1635-FJFCC,0.447,True,is_month_to_month; tenure; OnlineSecurity_No,High (next 20%)
9921-QFQUL,0.447,True,is_month_to_month; InternetService_Fiber optic; OnlineSecurity_No,High (next 20%)
2637-FKFSY,0.446,True,is_month_to_month; tenure; OnlineSecurity_No,High (next 20%)
0212-ISBBF,0.446,True,is_month_to_month; PaymentMethod_Electronic check; TotalCharges,High (next 20%)
0322-CHQRU,0.446,True,is_month_to_month; tenure; TotalCharges,High (next 20%)
8486-AYEQH,0.446,True,is_month_to_month; PaymentMethod_Electronic check; InternetService_Fiber optic,High (next 20%)
1452-KIOVK,0.446,True,is_month_to_month; InternetService_Fiber optic; avg_monthly_spend,High (next 20%)
5606-AMZBO,0.446,True,is_month_to_month; tenure; InternetService_Fiber optic,High (next 20%)
0324-BRPCJ,0.446,True,is_month_to_month; avg_monthly_spend; MonthlyCharges,High (next 20%)
2103-ZRXFN,0.446,True,tenure; is_month_to_month; TotalCharges,High (next 20%)
1478-VPOAD,0.445,True,tenure; is_month_to_month; TotalCharges,High (next 20%)
0374-IOEGQ,0.445,True,is_month_to_month; tenure; OnlineSecurity_No,High (next 20%)
2235-ZGKPT,0.445,True,is_month_to_month; tenure; charge_delta,High (next 20%)
5312-UXESG,0.445,True,is_month_to_month; MonthlyCharges; InternetService_Fiber optic,High (next 20%)
3481-JHUZH,0.445,True,is_month_to_month; avg_monthly_spend; OnlineSecurity_No,High (next 20%)
3323-CPBWR,0.444,True,is_month_to_month; MonthlyCharges; InternetService_Fiber optic,High (next 20%)
3370-GQEAL,0.444,True,is_month_to_month; avg_monthly_spend; InternetService_Fiber optic,High (next 20%)
5673-TIYIB,0.444,True,is_month_to_month; tenure; TotalCharges,High (next 20%)
3914-FDRHP,0.444,True,is_month_to_month; InternetService_Fiber optic; tenure,High (next 20%)
7905-TVXTA,0.443,True,is_month_to_month; tenure; PaymentMethod_Electronic check,High (next 20%)
4546-FOKWR,0.443,True,is_month_to_month; InternetService_Fiber optic; TotalCharges,High (next 20%)
6075-SLNIL,0.442,True,is_month_to_month; InternetService_Fiber optic; OnlineSecurity_No,High (next 20%)
0428-IKYCP,0.442,True,is_month_to_month; InternetService_Fiber optic; TechSupport_No,High (next 20%)
5998-VVEJY,0.442,True,is_month_to_month; PaymentMethod_Electronic check; InternetService_Fiber optic,High (next 20%)
9710-ZUSHQ,0.442,True,is_month_to_month; MonthlyCharges; InternetService_Fiber optic,High (next 20%)
3235-ETOOB,0.442,True,is_month_to_month; tenure; InternetService_Fiber optic,High (next 20%)
4154-AQUGT,0.441,True,is_month_to_month; TotalCharges; InternetService_Fiber optic,High (next 20%)
3797-FKOGQ,0.441,True,is_month_to_month; InternetService_Fiber optic; OnlineSecurity_No,High (next 20%)
0354-WYROK,0.441,True,MonthlyCharges; is_month_to_month; avg_monthly_spend,High (next 20%)
1612-EOHDH,0.441,True,tenure; is_month_to_month; TotalCharges,High (next 20%)
3415-TAILE,0.441,True,is_month_to_month; tenure; charge_delta,High (next 20%)
3082-VQXNH,0.441,True,is_month_to_month; tenure; TotalCharges,High (next 20%)
7395-IGJOS,0.441,True,is_month_to_month; SeniorCitizen; InternetService_Fiber optic,High (next 20%)
0786-VSSUD,0.441,True,is_month_to_month; MultipleLines_No; OnlineSecurity_No,High (next 20%)
6551-GNYDG,0.44,True,is_month_to_month; TotalCharges; avg_monthly_spend,High (next 20%)
9761-XUJWD,0.44,True,is_month_to_month; tenure; OnlineSecurity_No,High (next 20%)
2712-SYWAY,0.44,True,tenure; is_month_to_month; charge_delta,High (next 20%)
0397-GZBBC,0.44,True,is_month_to_month; avg_monthly_spend; SeniorCitizen,High (next 20%)
4704-ERYFC,0.44,True,is_month_to_month; InternetService_Fiber optic; PaymentMethod_Electronic check,High (next 20%)
6876-ADESB,0.44,True,tenure; is_month_to_month; TotalCharges,High (next 20%)
9540-JYROE,0.439,True,is_month_to_month; tenure; InternetService_Fiber optic,High (next 20%)
8982-NHAVY,0.439,True,MonthlyCharges; avg_monthly_spend; Contract_One year,High (next 20%)
0111-KLBQG,0.439,True,is_month_to_month; SeniorCitizen; InternetService_Fiber optic,High (next 20%)
6180-YBIQI,0.439,True,is_month_to_month; tenure; TotalCharges,High (next 20%)
2523-EWWZL,0.438,True,is_month_to_month; InternetService_Fiber optic; PaymentMethod_Electronic check,High (next 20%)
1173-NOEYG,0.438,True,is_month_to_month; InternetService_Fiber optic; charge_delta,High (next 20%)
5461-QKNTN,0.438,True,is_month_to_month; PaymentMethod_Electronic check; InternetService_Fiber optic,High (next 20%)
7529-ZDFXI,0.437,True,is_month_to_month; SeniorCitizen; PaymentMethod_Electronic check,High (next 20%)
6017-PPLPX,0.437,True,is_month_to_month; InternetService_Fiber optic; OnlineSecurity_No,High (next 20%)
1550-EENBN,0.437,True,is_month_to_month; avg_monthly_spend; InternetService_Fiber optic,High (next 20%)
5016-IBERQ,0.437,True,is_month_to_month; avg_monthly_spend; InternetService_Fiber optic,High (next 20%)
9469-WEJBT,0.436,True,is_month_to_month; InternetService_Fiber optic; avg_monthly_spend,High (next 20%)
6557-BZXLQ,0.436,True,is_month_to_month; SeniorCitizen; InternetService_Fiber optic,High (next 20%)
5552-ZNFSJ,0.436,True,tenure; is_month_to_month; TotalCharges,High (next 20%)
1469-LBJQJ,0.436,True,is_month_to_month; avg_monthly_spend; InternetService_Fiber optic,High (next 20%)
9800-ONTFE,0.436,True,is_month_to_month; InternetService_Fiber optic; OnlineSecurity_No,High (next 20%)
2195-ZRVAX,0.436,True,is_month_to_month; avg_monthly_spend; InternetService_Fiber optic,High (next 20%)
2694-CIUMO,0.436,True,is_month_to_month; InternetService_Fiber optic; tenure,High (next 20%)
3446-QDSZF,0.436,True,is_month_to_month; tenure; OnlineSecurity_No,High (next 20%)
2049-BAFNW,0.436,True,tenure; is_month_to_month; TotalCharges,High (next 20%)
5349-AZPEW,0.435,True,is_month_to_month; tenure; charge_delta,High (next 20%)
8468-EHYJA,0.435,True,is_month_to_month; MonthlyCharges; PaymentMethod_Electronic check,High (next 20%)
0975-VOOVL,0.435,True,is_month_to_month; tenure; OnlineSecurity_No,High (next 20%)
7682-AZNDK,0.435,True,is_month_to_month; InternetService_Fiber optic; OnlineSecurity_No,High (next 20%)
9667-EQRXU,0.435,True,is_month_to_month; TotalCharges; SeniorCitizen,High (next 20%)
1918-ZBFQJ,0.435,True,is_month_to_month; avg_monthly_spend; OnlineSecurity_No,High (next 20%)
3587-PMCOY,0.434,True,MonthlyCharges; avg_monthly_spend; TotalCharges,High (next 20%)
8180-AKMJV,0.434,True,tenure; is_month_to_month; OnlineSecurity_No,High (next 20%)
5129-JLPIS,0.434,True,avg_monthly_spend; is_month_to_month; MonthlyCharges,High (next 20%)
2657-ALMWY,0.434,True,is_month_to_month; avg_monthly_spend; SeniorCitizen,High (next 20%)
6961-VCPMC,0.434,True,is_month_to_month; SeniorCitizen; InternetService_Fiber optic,High (next 20%)
2501-XWWTZ,0.434,True,is_month_to_month; InternetService_Fiber optic; PaymentMethod_Electronic check,High (next 20%)
3165-HDOEW,0.433,True,tenure; is_month_to_month; TotalCharges,High (next 20%)
8384-FZBJK,0.433,True,is_month_to_month; MonthlyCharges; PaymentMethod_Electronic check,High (next 20%)
9522-BNTHX,0.433,True,is_month_to_month; SeniorCitizen; PaymentMethod_Electronic check,High (next 20%)
9512-UIBFX,0.433,True,is_month_to_month; InternetService_Fiber optic; avg_monthly_spend,High (next 20%)
1271-SJBGZ,0.433,True,is_month_to_month; PaymentMethod_Electronic check; MultipleLines_No,High (next 20%)
9168-INPSZ,0.432,True,is_month_to_month; avg_monthly_spend; InternetService_Fiber optic,High (next 20%)
7739-LAXOG,0.432,True,is_month_to_month; charge_delta; avg_monthly_spend,High (next 20%)
5982-FPVQN,0.432,True,is_month_to_month; avg_monthly_spend; InternetService_Fiber optic,High (next 20%)
3943-KDREE,0.432,True,is_month_to_month; InternetService_Fiber optic; OnlineSecurity_No,High (next 20%)
2955-BJZHG,0.432,True,is_month_to_month; InternetService_Fiber optic; avg_monthly_spend,High (next 20%)
6599-RCLCJ,0.432,True,is_month_to_month; MonthlyCharges; avg_monthly_spend,High (next 20%)
6413-XKKPU,0.432,True,is_month_to_month; avg_monthly_spend; InternetService_Fiber optic,High (next 20%)
4550-VBOFE,0.432,True,is_month_to_month; avg_monthly_spend; MonthlyCharges,High (next 20%)
2360-RDGRO,0.432,True,is_month_to_month; avg_monthly_spend; MonthlyCharges,High (next 20%)
2519-ERQOJ,0.431,True,is_month_to_month; charge_delta; PaymentMethod_Electronic check,High (next 20%)
6240-EURKS,0.431,True,is_month_to_month; PaymentMethod_Electronic check; PhoneService_No,High (next 20%)
5389-FFVKB,0.431,True,is_month_to_month; SeniorCitizen; InternetService_Fiber optic,High (next 20%)
9332-GYWLO,0.431,True,is_month_to_month; OnlineSecurity_No; tenure,High (next 20%)
2971-SGAFL,0.431,True,is_month_to_month; PaymentMethod_Electronic check; MultipleLines_No,High (next 20%)
1335-NTIUC,0.431,True,is_month_to_month; PaymentMethod_Electronic check; PhoneService_No,High (next 20%)
6259-WJQLC,0.431,True,is_month_to_month; InternetService_Fiber optic; SeniorCitizen,High (next 20%)
2347-WKKAE,0.431,True,is_month_to_month; avg_monthly_spend; charge_delta,High (next 20%)
0295-QVKPB,0.429,True,is_month_to_month; tenure; charge_delta,High (next 20%)
5716-LIBJC,0.429,True,avg_monthly_spend; MonthlyCharges; Contract_One year,High (next 20%)
1928-BXYIV,0.429,True,tenure; TotalCharges; is_month_to_month,High (next 20%)
0537-QYZZN,0.429,True,is_month_to_month; InternetService_Fiber optic; SeniorCitizen,High (next 20%)
8519-QJGJD,0.429,True,is_month_to_month; InternetService_Fiber optic; charge_delta,High (next 20%)
7011-CVEUC,0.429,True,is_month_to_month; avg_monthly_spend; InternetService_Fiber optic,High (next 20%)
0504-HHAPI,0.429,True,is_month_to_month; InternetService_Fiber optic; avg_monthly_spend,High (next 20%)
2911-WDXMV,0.428,True,is_month_to_month; InternetService_Fiber optic; OnlineSecurity_No,High (next 20%)
0856-NAOES,0.428,True,is_month_to_month; OnlineSecurity_No; tenure,High (next 20%)
3413-BMNZE,0.428,True,tenure; is_month_to_month; TotalCharges,High (next 20%)
7978-DKUQH,0.428,True,is_month_to_month; InternetService_Fiber optic; PaymentMethod_Electronic check,High (next 20%)
6581-NQCBA,0.428,True,is_month_to_month; PaymentMethod_Electronic check; MultipleLines_No,High (next 20%)
5108-ADXWO,0.428,True,is_month_to_month; InternetService_Fiber optic; PaymentMethod_Electronic check,High (next 20%)
4220-TINQT,0.428,True,is_month_to_month; charge_delta; MonthlyCharges,High (next 20%)
5087-SUURX,0.427,True,is_month_to_month; PaymentMethod_Electronic check; PhoneService_No,High (next 20%)
1100-DDVRV,0.427,True,is_month_to_month; PhoneService_No; OnlineSecurity_No,High (next 20%)
0319-QZTCO,0.426,True,is_month_to_month; tenure; OnlineSecurity_No,High (next 20%)
2322-VCZHZ,0.426,True,is_month_to_month; avg_monthly_spend; InternetService_Fiber optic,High (next 20%)
5294-DMSFH,0.426,True,is_month_to_month; InternetService_Fiber optic; OnlineSecurity_No,High (next 20%)
5173-WXOQV,0.426,True,is_month_to_month; tenure; OnlineSecurity_No,High (next 20%)
6394-MFYNG,0.425,True,avg_monthly_spend; is_month_to_month; charge_delta,High (next 20%)
9286-DOJGF,0.425,True,is_month_to_month; SeniorCitizen; InternetService_Fiber optic,High (next 20%)
9526-BIHHD,0.424,True,tenure; is_month_to_month; TotalCharges,High (next 20%)
4948-WBBKL,0.424,True,is_month_to_month; SeniorCitizen; InternetService_Fiber optic,High (next 20%)
4811-JBUVU,0.424,True,is_month_to_month; InternetService_Fiber optic; charge_delta,High (next 20%)
3932-IJWDZ,0.423,True,avg_monthly_spend; is_month_to_month; InternetService_Fiber optic,High (next 20%)
1816-FLZDK,0.423,True,is_month_to_month; tenure; TotalCharges,High (next 20%)
2309-OSFEU,0.423,True,is_month_to_month; PhoneService_No; tenure,High (next 20%)
9644-UMGQA,0.422,True,is_month_to_month; tenure; PaymentMethod_Electronic check,High (next 20%)
1845-ZLLIG,0.422,True,tenure; is_month_to_month; TotalCharges,High (next 20%)
2507-QZPQS,0.422,True,is_month_to_month; InternetService_Fiber optic; MultipleLines_No,High (next 20%)
6233-HXJMX,0.422,True,is_month_to_month; avg_monthly_spend; OnlineSecurity_No,High (next 20%)
1624-WOIWJ,0.422,True,is_month_to_month; avg_monthly_spend; tenure,High (next 20%)
3144-AUDBS,0.422,True,is_month_to_month; tenure; OnlineSecurity_No,High (next 20%)
1685-BQULA,0.422,True,is_month_to_month; avg_monthly_spend; InternetService_Fiber optic,High (next 20%)
0829-XXPLX,0.422,True,is_month_to_month; avg_monthly_spend; InternetService_Fiber optic,High (next 20%)
1226-UDFZR,0.422,True,is_month_to_month; tenure; OnlineSecurity_No,High (next 20%)
8806-EAGWC,0.422,True,is_month_to_month; tenure; OnlineSecurity_No,High (next 20%)
1728-CXQBE,0.422,True,is_month_to_month; PaymentMethod_Electronic check; SeniorCitizen,High (next 20%)
0531-ZZJWQ,0.421,True,is_month_to_month; PaymentMethod_Electronic check; charge_delta,High (next 20%)
8654-DHAOW,0.421,True,is_month_to_month; tenure; TotalCharges,High (next 20%)
5027-XWQHA,0.421,True,is_month_to_month; tenure; OnlineSecurity_No,High (next 20%)
6656-JWRQX,0.421,True,is_month_to_month; tenure; TotalCharges,High (next 20%)
7547-EKNFS,0.421,True,is_month_to_month; avg_monthly_spend; charge_delta,High (next 20%)
7517-SAWMO,0.421,True,is_month_to_month; InternetService_Fiber optic; PaymentMethod_Electronic check,High (next 20%)
4840-ORQXB,0.421,True,is_month_to_month; SeniorCitizen; avg_monthly_spend,High (next 20%)
5712-AHQNN,0.421,True,is_month_to_month; InternetService_Fiber optic; avg_monthly_spend,High (next 20%)
3694-DELSO,0.42,True,is_month_to_month; tenure; TechSupport_No,High (next 20%)
1215-VFYVK,0.42,True,is_month_to_month; tenure; TotalCharges,High (next 20%)
9470-XCCEM,0.42,True,is_month_to_month; InternetService_Fiber optic; avg_monthly_spend,High (next 20%)
1142-WACZW,0.42,True,is_month_to_month; tenure; TotalCharges,High (next 20%)
4223-WOZCM,0.42,True,is_month_to_month; tenure; OnlineSecurity_No,High (next 20%)
4315-MURBD,0.42,True,MonthlyCharges; is_month_to_month; avg_monthly_spend,High (next 20%)
5215-LNLDJ,0.42,True,is_month_to_month; PaymentMethod_Electronic check; tenure,High (next 20%)
4636-JGAAI,0.42,True,is_month_to_month; InternetService_Fiber optic; charge_delta,High (next 20%)
6692-YQHXC,0.42,True,is_month_to_month; InternetService_Fiber optic; OnlineSecurity_No,High (next 20%)
8563-OYMQY,0.42,True,is_month_to_month; avg_monthly_spend; OnlineSecurity_No,High (next 20%)
9191-MYQKX,0.419,True,is_month_to_month; tenure; InternetService_Fiber optic,High (next 20%)
7774-OJSXI,0.419,True,MonthlyCharges; Contract_One year; avg_monthly_spend,High (next 20%)
3094-JOJAI,0.419,True,is_month_to_month; InternetService_Fiber optic; OnlineSecurity_No,High (next 20%)
2476-YGEFM,0.419,True,is_month_to_month; InternetService_Fiber optic; OnlineSecurity_No,High (next 20%)
5649-RXQTV,0.418,True,is_month_to_month; MonthlyCharges; InternetService_Fiber optic,High (next 20%)
1323-OOEPC,0.418,True,is_month_to_month; MonthlyCharges; InternetService_Fiber optic,High (next 20%)
3737-GCSPV,0.418,True,is_month_to_month; MonthlyCharges; InternetService_Fiber optic,High (next 20%)
3331-HQDTW,0.418,True,is_month_to_month; avg_monthly_spend; InternetService_Fiber optic,High (next 20%)
7503-QQRVF,0.418,True,is_month_to_month; charge_delta; InternetService_Fiber optic,High (next 20%)
5609-IMCGG,0.418,True,is_month_to_month; avg_monthly_spend; InternetService_Fiber optic,High (next 20%)
5055-MGMGF,0.418,True,avg_monthly_spend; is_month_to_month; InternetService_Fiber optic,High (next 20%)
6080-TCMYC,0.417,True,is_month_to_month; avg_monthly_spend; PaymentMethod_Electronic check,High (next 20%)
0570-BFQHT,0.417,True,is_month_to_month; InternetService_Fiber optic; tenure,High (next 20%)
1910-FMXJM,0.417,True,is_month_to_month; InternetService_Fiber optic; charge_delta,High (next 20%)
9708-HPXWZ,0.416,True,is_month_to_month; tenure; SeniorCitizen,High (next 20%)
1228-ZLNBX,0.416,True,is_month_to_month; charge_delta; InternetService_Fiber optic,High (next 20%)
5057-LCOUI,0.416,True,is_month_to_month; charge_delta; PaymentMethod_Electronic check,High (next 20%)
4503-BDXBD,0.416,True,is_month_to_month; InternetService_Fiber optic; charge_delta,High (next 20%)
1346-UFHAX,0.416,True,is_month_to_month; InternetService_Fiber optic; charge_delta,High (next 20%)
9992-UJOEL,0.416,True,is_month_to_month; tenure; TotalCharges,High (next 20%)
8124-NZVGJ,0.416,True,OnlineSecurity_No; tenure; TotalCharges,High (next 20%)
9274-UARKJ,0.416,True,is_month_to_month; InternetService_Fiber optic; TotalCharges,High (next 20%)
7599-FKVXZ,0.416,True,avg_monthly_spend; is_month_to_month; MonthlyCharges,High (next 20%)
4013-TLDHQ,0.416,True,is_month_to_month; InternetService_Fiber optic; PaymentMethod_Electronic check,High (next 20%)
4959-JOSRX,0.416,True,is_month_to_month; tenure; TotalCharges,High (next 20%)
9420-LOJKX,0.416,True,MonthlyCharges; is_month_to_month; avg_monthly_spend,High (next 20%)
2207-NHRJK,0.415,True,tenure; is_month_to_month; TotalCharges,High (next 20%)
3211-ILJTT,0.415,True,is_month_to_month; TotalCharges; InternetService_Fiber optic,High (next 20%)
9408-HRXRK,0.415,True,is_month_to_month; avg_monthly_spend; InternetService_Fiber optic,High (next 20%)
4828-FAZPK,0.415,True,is_month_to_month; charge_delta; InternetService_Fiber optic,High (next 20%)
8631-WUXGY,0.414,True,is_month_to_month; MonthlyCharges; avg_monthly_spend,High (next 20%)
3761-FLYZI,0.414,True,is_month_to_month; MonthlyCharges; avg_monthly_spend,High (next 20%)
2853-CWQFQ,0.414,True,tenure; is_month_to_month; TotalCharges,High (next 20%)
9574-RKJIF,0.414,True,is_month_to_month; avg_monthly_spend; InternetService_Fiber optic,High (next 20%)
3658-KIBGF,0.414,True,tenure; is_month_to_month; TotalCharges,High (next 20%)
5828-AVIPD,0.414,True,MonthlyCharges; avg_monthly_spend; Contract_One year,High (next 20%)
4193-ORFCL,0.414,True,tenure; is_month_to_month; TotalCharges,High (next 20%)
7852-LECYP,0.413,True,is_month_to_month; InternetService_Fiber optic; SeniorCitizen,High (next 20%)
0778-NELLA,0.413,True,is_month_to_month; tenure; OnlineSecurity_No,High (next 20%)
2040-VZIKE,0.413,True,is_month_to_month; avg_monthly_spend; InternetService_Fiber optic,High (next 20%)
9552-TGUZV,0.413,True,is_month_to_month; avg_monthly_spend; InternetService_Fiber optic,High (next 20%)
0599-XNYDO,0.413,True,is_month_to_month; InternetService_Fiber optic; OnlineSecurity_No,High (next 20%)
2100-BDNSN,0.413,True,tenure; is_month_to_month; OnlineSecurity_No,High (next 20%)
3665-JATSN,0.412,True,is_month_to_month; PaymentMethod_Electronic check; PhoneService_No,High (next 20%)
3164-AALRN,0.412,True,tenure; OnlineSecurity_No; Contract_One year,High (next 20%)
9369-XFEHK,0.412,True,is_month_to_month; SeniorCitizen; InternetService_Fiber optic,High (next 20%)
6834-NXDCA,0.412,True,is_month_to_month; PaymentMethod_Electronic check; charge_delta,High (next 20%)
3677-TNKIO,0.412,True,is_month_to_month; InternetService_Fiber optic; OnlineSecurity_No,High (next 20%)
4537-DKTAL,0.411,True,is_month_to_month; tenure; TotalCharges,High (next 20%)
7813-ZGGAW,0.411,True,is_month_to_month; InternetService_Fiber optic; avg_monthly_spend,High (next 20%)
3096-IZETN,0.411,True,is_month_to_month; charge_delta; InternetService_Fiber optic,High (next 20%)
5813-UECBU,0.411,True,is_month_to_month; SeniorCitizen; avg_monthly_spend,High (next 20%)
9462-MJUAW,0.411,True,is_month_to_month; tenure; charge_delta,High (next 20%)
7825-ECJRF,0.411,True,avg_monthly_spend; is_month_to_month; MonthlyCharges,High (next 20%)
1262-OPMFY,0.411,True,is_month_to_month; InternetService_Fiber optic; tenure,High (next 20%)
9169-BSVIN,0.411,True,is_month_to_month; OnlineSecurity_No; TechSupport_No,High (next 20%)
3005-TYFRD,0.411,True,is_month_to_month; avg_monthly_spend; MonthlyCharges,High (next 20%)
2979-SXESE,0.411,True,avg_monthly_spend; is_month_to_month; charge_delta,High (next 20%)
2718-GAXQD,0.41,True,is_month_to_month; tenure; SeniorCitizen,High (next 20%)
1095-JUDTC,0.41,True,is_month_to_month; avg_monthly_spend; InternetService_Fiber optic,High (next 20%)
6128-AQBMT,0.41,True,is_month_to_month; PhoneService_No; charge_delta,High (next 20%)
1471-GIQKQ,0.41,True,tenure; is_month_to_month; TotalCharges,High (next 20%)
0320-JDNQG,0.41,True,MonthlyCharges; is_month_to_month; avg_monthly_spend,High (next 20%)
8837-VVWLQ,0.409,True,is_month_to_month; avg_monthly_spend; tenure,High (next 20%)
6304-IJFSQ,0.409,True,is_month_to_month; tenure; OnlineSecurity_No,High (next 20%)
4619-EVPHY,0.409,True,avg_monthly_spend; OnlineSecurity_No; Contract_One year,High (next 20%)
5536-SLHPM,0.409,True,is_month_to_month; PaymentMethod_Electronic check; InternetService_Fiber optic,High (next 20%)
9793-WECQC,0.409,True,is_month_to_month; avg_monthly_spend; charge_delta,High (next 20%)
4065-JJAVA,0.409,True,tenure; is_month_to_month; TotalCharges,High (next 20%)
7901-HXJVA,0.409,True,is_month_to_month; InternetService_Fiber optic; OnlineSecurity_No,High (next 20%)
8020-BWHYL,0.409,True,is_month_to_month; TotalCharges; charge_delta,High (next 20%)
3097-NNSPB,0.408,True,is_month_to_month; tenure; TotalCharges,High (next 20%)
7562-GSUHK,0.408,True,is_month_to_month; InternetService_Fiber optic; OnlineSecurity_No,High (next 20%)
6689-KXGBO,0.408,True,tenure; is_month_to_month; TotalCharges,High (next 20%)
2683-BPJSO,0.408,True,is_month_to_month; avg_monthly_spend; InternetService_Fiber optic,High (next 20%)
4471-KXAUH,0.408,True,is_month_to_month; avg_monthly_spend; PaymentMethod_Electronic check,High (next 20%)
7481-ATQQS,0.407,True,is_month_to_month; avg_monthly_spend; InternetService_Fiber optic,High (next 20%)
8019-ENHXU,0.406,True,is_month_to_month; MonthlyCharges; InternetService_Fiber optic,High (next 20%)
5302-BDJNT,0.406,True,is_month_to_month; InternetService_Fiber optic; PaymentMethod_Electronic check,High (next 20%)
6693-FRIRW,0.406,True,is_month_to_month; MonthlyCharges; InternetService_Fiber optic,High (next 20%)
5999-LCXAO,0.406,True,tenure; is_month_to_month; TotalCharges,High (next 20%)
0310-MVLET,0.406,True,is_month_to_month; MonthlyCharges; PaymentMethod_Electronic check,High (next 20%)
7593-JNWRU,0.405,True,is_month_to_month; tenure; OnlineSecurity_No,High (next 20%)
9927-DSWDF,0.405,True,is_month_to_month; MonthlyCharges; avg_monthly_spend,High (next 20%)
0475-RIJEP,0.404,True,is_month_to_month; PaymentMethod_Electronic check; InternetService_Fiber optic,High (next 20%)
6537-QLGEX,0.404,True,is_month_to_month; PaymentMethod_Electronic check; MultipleLines_No,High (next 20%)
4208-UFFGW,0.404,True,is_month_to_month; tenure; SeniorCitizen,High (next 20%)
2452-KDRRH,0.404,True,is_month_to_month; avg_monthly_spend; MonthlyCharges,High (next 20%)
5419-JKZNQ,0.404,True,is_month_to_month; SeniorCitizen; InternetService_Fiber optic,High (next 20%)
7020-OZKXZ,0.404,True,is_month_to_month; SeniorCitizen; InternetService_Fiber optic,High (next 20%)
9777-WJJPR,0.404,True,is_month_to_month; InternetService_Fiber optic; avg_monthly_spend,High (next 20%)
8450-UYIBU,0.403,True,is_month_to_month; PaymentMethod_Electronic check; PhoneService_No,High (next 20%)
0533-BNWKF,0.403,True,is_month_to_month; avg_monthly_spend; PaymentMethod_Electronic check,High (next 20%)
6633-MPWBS,0.403,True,is_month_to_month; tenure; charge_delta,High (next 20%)
5022-JNQEQ,0.403,True,is_month_to_month; InternetService_Fiber optic; tenure,High (next 20%)
2027-WKXMW,0.403,True,is_month_to_month; MonthlyCharges; avg_monthly_spend,High (next 20%)
7064-FRRSW,0.403,True,MonthlyCharges; avg_monthly_spend; Contract_One year,High (next 20%)
2903-YYTBW,0.403,True,tenure; is_month_to_month; TotalCharges,High (next 20%)
5204-QZXPU,0.402,True,is_month_to_month; PaymentMethod_Electronic check; TotalCharges,High (next 20%)
6729-GDNGC,0.402,True,is_month_to_month; charge_delta; SeniorCitizen,High (next 20%)
2227-JRSJX,0.402,True,MonthlyCharges; is_month_to_month; InternetService_Fiber optic,High (next 20%)
0637-UBJRP,0.401,True,is_month_to_month; avg_monthly_spend; InternetService_Fiber optic,High (next 20%)
5572-ZDXHY,0.401,True,is_month_to_month; charge_delta; avg_monthly_spend,High (next 20%)
4760-THGOT,0.4,True,is_month_to_month; avg_monthly_spend; InternetService_Fiber optic,High (next 20%)
0623-GDISB,0.4,True,tenure; is_month_to_month; charge_delta,High (next 20%)
6022-UGGSO,0.4,True,is_month_to_month; SeniorCitizen; InternetService_Fiber optic,High (next 20%)
8123-QBNAZ,0.4,True,is_month_to_month; avg_monthly_spend; InternetService_Fiber optic,High (next 20%)
1855-AGAWH,0.4,True,avg_monthly_spend; Contract_One year; OnlineSecurity_No,High (next 20%)
6173-GOLSU,0.4,True,is_month_to_month; SeniorCitizen; InternetService_Fiber optic,High (next 20%)
8535-SFUTN,0.399,True,is_month_to_month; avg_monthly_spend; PaymentMethod_Electronic check,High (next 20%)
0734-OXWBT,0.399,True,is_month_to_month; tenure; OnlineSecurity_No,High (next 20%)
9780-FKVVF,0.399,True,is_month_to_month; tenure; TechSupport_No,High (next 20%)
5895-QSXOD,0.399,True,is_month_to_month; InternetService_Fiber optic; tenure,High (next 20%)
0380-NEAVX,0.399,True,MonthlyCharges; Contract_One year; avg_monthly_spend,High (next 20%)
1319-YLZJG,0.399,True,is_month_to_month; InternetService_Fiber optic; PaymentMethod_Electronic check,High (next 20%)
0468-YRPXN,0.398,True,is_month_to_month; MonthlyCharges; InternetService_Fiber optic,High (next 20%)
7554-AKDQF,0.398,True,is_month_to_month; OnlineSecurity_No; charge_delta,High (next 20%)
2640-PMGFL,0.398,True,is_month_to_month; MonthlyCharges; PaymentMethod_Electronic check,High (next 20%)
4911-BANWH,0.397,True,is_month_to_month; InternetService_Fiber optic; avg_monthly_spend,High (next 20%)
6817-WTYHE,0.397,True,is_month_to_month; tenure; OnlineSecurity_No,High (next 20%)
3055-MJDSB,0.397,True,is_month_to_month; PhoneService_No; OnlineSecurity_No,High (next 20%)
0701-RFGFI,0.397,True,is_month_to_month; avg_monthly_spend; InternetService_Fiber optic,High (next 20%)
6142-VSJQO,0.397,True,tenure; is_month_to_month; TotalCharges,High (next 20%)
6946-LMSQS,0.397,True,avg_monthly_spend; PaymentMethod_Electronic check; Contract_One year,High (next 20%)
6844-DZKRF,0.397,True,is_month_to_month; tenure; OnlineSecurity_No,High (next 20%)
1853-ARAAQ,0.397,True,is_month_to_month; OnlineSecurity_No; TechSupport_No,High (next 20%)
2921-XWDJH,0.396,True,is_month_to_month; avg_monthly_spend; charge_delta,High (next 20%)
9026-LHEVG,0.396,True,is_month_to_month; PhoneService_No; tenure,High (next 20%)
6923-EFPNL,0.396,True,is_month_to_month; tenure; OnlineSecurity_No,High (next 20%)
9003-CPATH,0.396,True,is_month_to_month; InternetService_Fiber optic; MonthlyCharges,High (next 20%)
0867-LDTTC,0.396,True,tenure; is_month_to_month; OnlineSecurity_No,High (next 20%)
9979-RGMZT,0.395,True,tenure; MonthlyCharges; avg_monthly_spend,High (next 20%)
4459-BBGHE,0.395,True,is_month_to_month; PaymentMethod_Electronic check; OnlineSecurity_No,High (next 20%)
7129-CAKJW,0.395,True,is_month_to_month; InternetService_Fiber optic; OnlineSecurity_No,High (next 20%)
5981-ZVXOT,0.395,True,avg_monthly_spend; MonthlyCharges; charge_delta,High (next 20%)
4989-LIXVT,0.395,True,is_month_to_month; MonthlyCharges; charge_delta,High (next 20%)
6921-OZMFH,0.395,True,is_month_to_month; tenure; OnlineSecurity_No,High (next 20%)
5697-GOMBF,0.394,True,is_month_to_month; SeniorCitizen; PaymentMethod_Electronic check,High (next 20%)
7794-JASDG,0.394,True,tenure; is_month_to_month; TotalCharges,High (next 20%)
4993-JCRGJ,0.394,True,is_month_to_month; InternetService_Fiber optic; avg_monthly_spend,High (next 20%)
7000-WCEVQ,0.394,True,is_month_to_month; TotalCharges; SeniorCitizen,High (next 20%)
3258-SANFR,0.393,True,is_month_to_month; tenure; SeniorCitizen,High (next 20%)
5143-EGQFK,0.393,True,is_month_to_month; PaymentMethod_Electronic check; tenure,High (next 20%)
6168-YBYNP,0.393,True,is_month_to_month; InternetService_Fiber optic; PaymentMethod_Electronic check,High (next 20%)
5651-YLPRD,0.393,True,is_month_to_month; charge_delta; InternetService_Fiber optic,High (next 20%)
9445-SZLCH,0.392,True,is_month_to_month; MonthlyCharges; avg_monthly_spend,High (next 20%)
5502-RLUYV,0.392,True,is_month_to_month; avg_monthly_spend; charge_delta,High (next 20%)
3692-JHONH,0.392,True,avg_monthly_spend; MonthlyCharges; PaymentMethod_Electronic check,High (next 20%)
2480-SQIOB,0.391,True,is_month_to_month; tenure; OnlineSecurity_No,High (next 20%)
3737-XBQDD,0.391,True,is_month_to_month; avg_monthly_spend; InternetService_Fiber optic,High (next 20%)
2014-MKGMH,0.391,True,avg_monthly_spend; MonthlyCharges; Contract_One year,High (next 20%)
7551-DACSP,0.391,True,is_month_to_month; tenure; OnlineSecurity_No,High (next 20%)
4523-WXCEF,0.391,True,is_month_to_month; avg_monthly_spend; MonthlyCharges,High (next 20%)
3976-BWUCK,0.391,True,is_month_to_month; avg_monthly_spend; InternetService_Fiber optic,High (next 20%)
5858-EAFCZ,0.391,True,tenure; is_month_to_month; OnlineSecurity_No,High (next 20%)
2432-TFSMK,0.391,True,OnlineSecurity_No; Contract_One year; avg_monthly_spend,High (next 20%)
0407-BDJKB,0.39,True,is_month_to_month; PaymentMethod_Electronic check; charge_delta,High (next 20%)
0867-MKZVY,0.39,True,is_month_to_month; InternetService_Fiber optic; PaymentMethod_Electronic check,High (next 20%)
5175-WLYXL,0.39,True,is_month_to_month; InternetService_Fiber optic; OnlineSecurity_No,High (next 20%)
1548-ARAGG,0.39,True,is_month_to_month; tenure; OnlineSecurity_No,High (next 20%)
0727-BMPLR,0.39,True,MonthlyCharges; avg_monthly_spend; PaymentMethod_Electronic check,High (next 20%)
9518-XXBXE,0.389,True,is_month_to_month; SeniorCitizen; InternetService_Fiber optic,High (next 20%)
3466-RITXD,0.389,True,is_month_to_month; InternetService_Fiber optic; avg_monthly_spend,High (next 20%)
3162-KKZXO,0.389,True,MonthlyCharges; PaymentMethod_Electronic check; Contract_One year,High (next 20%)
4026-SKKHW,0.389,True,is_month_to_month; tenure; OnlineSecurity_No,High (next 20%)
2178-PMGCJ,0.389,True,is_month_to_month; InternetService_Fiber optic; TechSupport_No,High (next 20%)
3374-LXDEV,0.389,True,is_month_to_month; TotalCharges; InternetService_Fiber optic,High (next 20%)
5882-CMAZQ,0.389,True,is_month_to_month; tenure; PaymentMethod_Electronic check,High (next 20%)
5522-JBWMO,0.388,True,tenure; is_month_to_month; TechSupport_No,High (next 20%)
6862-CQUMB,0.388,True,is_month_to_month; MonthlyCharges; avg_monthly_spend,High (next 20%)
5172-MIGPM,0.388,True,is_month_to_month; tenure; OnlineSecurity_No,High (next 20%)
2181-UAESM,0.388,True,is_month_to_month; tenure; TechSupport_No,High (next 20%)
9526-JAWYF,0.388,True,is_month_to_month; charge_delta; InternetService_Fiber optic,High (next 20%)
0064-YIJGF,0.388,True,is_month_to_month; InternetService_Fiber optic; OnlineSecurity_No,Normal
7207-RMRDB,0.388,True,avg_monthly_spend; is_month_to_month; OnlineSecurity_No,Normal
5099-BAILX,0.388,True,is_month_to_month; avg_monthly_spend; MonthlyCharges,Normal
2874-YXVVA,0.388,True,avg_monthly_spend; is_month_to_month; InternetService_Fiber optic,Normal
3113-IWHLC,0.387,True,is_month_to_month; tenure; charge_delta,Normal
4432-ADRLB,0.387,True,is_month_to_month; TotalCharges; tenure,Normal
3500-RMZLT,0.387,True,is_month_to_month; avg_monthly_spend; SeniorCitizen,Normal
9244-ZVAPM,0.387,True,tenure; is_month_to_month; TotalCharges,Normal
6711-VTNRE,0.387,True,is_month_to_month; InternetService_Fiber optic; PaymentMethod_Electronic check,Normal
6710-HSJRD,0.387,True,avg_monthly_spend; is_month_to_month; OnlineSecurity_No,Normal
8660-BUETV,0.387,True,is_month_to_month; tenure; charge_delta,Normal
4818-DRBQT,0.386,True,is_month_to_month; InternetService_Fiber optic; MonthlyCharges,Normal
0277-BKSQP,0.386,True,is_month_to_month; OnlineSecurity_No; PaymentMethod_Electronic check,Normal
0585-EGDDA,0.386,True,is_month_to_month; InternetService_Fiber optic; PaymentMethod_Electronic check,Normal
7841-TZDMQ,0.386,True,is_month_to_month; tenure; TotalCharges,Normal
0322-YINQP,0.385,True,tenure; is_month_to_month; charge_delta,Normal
0410-IPFTY,0.385,True,is_month_to_month; avg_monthly_spend; InternetService_Fiber optic,Normal
7126-RBHSD,0.385,True,is_month_to_month; InternetService_Fiber optic; charge_delta,Normal
2894-QOJRX,0.384,True,is_month_to_month; MultipleLines_No; OnlineSecurity_No,Normal
9732-KPKBW,0.384,True,tenure; is_month_to_month; charge_delta,Normal
4829-AUOAX,0.384,True,is_month_to_month; avg_monthly_spend; MonthlyCharges,Normal
4465-VDKIQ,0.384,True,is_month_to_month; InternetService_Fiber optic; OnlineSecurity_No,Normal
7593-XFKDI,0.384,True,tenure; is_month_to_month; TotalCharges,Normal
7964-VEXDG,0.384,True,is_month_to_month; avg_monthly_spend; InternetService_Fiber optic,Normal
1587-FKLZB,0.384,True,avg_monthly_spend; is_month_to_month; MonthlyCharges,Normal
6217-TOWGS,0.383,True,is_month_to_month; OnlineSecurity_No; MultipleLines_No,Normal
5018-GWURO,0.383,True,is_month_to_month; avg_monthly_spend; InternetService_Fiber optic,Normal
4957-TREIR,0.383,True,is_month_to_month; tenure; Contract_Month-to-month,Normal
3192-LNKRK,0.383,True,is_month_to_month; avg_monthly_spend; InternetService_Fiber optic,Normal
2187-LZGPL,0.383,True,is_month_to_month; tenure; OnlineSecurity_No,Normal
2615-YVMYX,0.383,True,is_month_to_month; avg_monthly_spend; InternetService_Fiber optic,Normal
9722-UJOJR,0.383,True,is_month_to_month; InternetService_Fiber optic; PaymentMethod_Electronic check,Normal
3540-RZJYU,0.383,True,is_month_to_month; InternetService_Fiber optic; avg_monthly_spend,Normal
6771-XWBDM,0.383,True,is_month_to_month; avg_monthly_spend; charge_delta,Normal
6635-CPNUN,0.382,True,is_month_to_month; avg_monthly_spend; InternetService_Fiber optic,Normal
0929-HYQEW,0.382,True,is_month_to_month; tenure; TotalCharges,Normal
4657-FWVFY,0.382,True,is_month_to_month; MonthlyCharges; InternetService_Fiber optic,Normal
3946-MHCZW,0.382,True,tenure; is_month_to_month; TotalCharges,Normal
0943-ZQPXH,0.382,True,is_month_to_month; avg_monthly_spend; InternetService_Fiber optic,Normal
2842-JTCCU,0.382,True,is_month_to_month; tenure; TotalCharges,Normal
9206-GVPEQ,0.381,True,is_month_to_month; PaymentMethod_Electronic check; tenure,Normal
1501-SGHBW,0.381,True,is_month_to_month; tenure; TotalCharges,Normal
2931-FSOHN,0.381,True,is_month_to_month; SeniorCitizen; PaymentMethod_Electronic check,Normal
7410-OIEDU,0.381,True,is_month_to_month; avg_monthly_spend; InternetService_Fiber optic,Normal
5301-GAUUY,0.381,True,is_month_to_month; InternetService_Fiber optic; MonthlyCharges,Normal
1261-FWTTE,0.381,True,is_month_to_month; SeniorCitizen; MultipleLines_No,Normal
3043-TYBNO,0.381,True,is_month_to_month; tenure; OnlineSecurity_No,Normal
2101-RANCD,0.381,True,is_month_to_month; PaymentMethod_Electronic check; InternetService_Fiber optic,Normal
1541-ETJZO,0.381,True,TotalCharges; tenure; is_month_to_month,Normal
7075-BNDVQ,0.381,True,is_month_to_month; tenure; PhoneService_No,Normal
7982-VCELR,0.381,True,is_month_to_month; avg_monthly_spend; InternetService_Fiber optic,Normal
2037-XJFUP,0.38,True,Contract_One year; PaymentMethod_Electronic check; avg_monthly_spend,Normal
3197-ARFOY,0.38,True,is_month_to_month; avg_monthly_spend; InternetService_Fiber optic,Normal
6591-QGOYB,0.38,True,is_month_to_month; InternetService_Fiber optic; MonthlyCharges,Normal
2105-PHWON,0.38,True,is_month_to_month; InternetService_Fiber optic; OnlineSecurity_No,Normal
3085-QUOZK,0.38,True,tenure; is_month_to_month; OnlineSecurity_No,Normal
0430-IHCDJ,0.38,True,is_month_to_month; PaymentMethod_Electronic check; MultipleLines_No,Normal
6582-OIVSP,0.379,True,tenure; is_month_to_month; TotalCharges,Normal
1427-VERSM,0.379,True,is_month_to_month; MonthlyCharges; avg_monthly_spend,Normal
5886-VLQVU,0.379,True,is_month_to_month; InternetService_Fiber optic; OnlineSecurity_No,Normal
0118-JPNOY,0.379,True,is_month_to_month; avg_monthly_spend; InternetService_Fiber optic,Normal
2782-LFZVW,0.379,True,is_month_to_month; OnlineSecurity_No; PaperlessBilling_No,Normal
7055-HNEOJ,0.379,True,is_month_to_month; tenure; OnlineSecurity_No,Normal
1304-BCCFO,0.378,True,is_month_to_month; OnlineSecurity_No; TechSupport_No,Normal
0089-IIQKO,0.378,True,MonthlyCharges; is_month_to_month; InternetService_Fiber optic,Normal
3348-CFRNX,0.378,True,is_month_to_month; avg_monthly_spend; InternetService_Fiber optic,Normal
0129-KPTWJ,0.378,True,is_month_to_month; PaymentMethod_Electronic check; charge_delta,Normal
0422-UXFAP,0.378,True,MonthlyCharges; PaymentMethod_Electronic check; avg_monthly_spend,Normal
7641-EUYET,0.378,True,is_month_to_month; MonthlyCharges; avg_monthly_spend,Normal
0666-UXTJO,0.378,True,is_month_to_month; avg_monthly_spend; InternetService_Fiber optic,Normal
9029-FEGVJ,0.377,True,is_month_to_month; SeniorCitizen; InternetService_Fiber optic,Normal
9889-TMAHG,0.377,True,is_month_to_month; avg_monthly_spend; MonthlyCharges,Normal
3014-WJKSM,0.377,True,is_month_to_month; InternetService_Fiber optic; OnlineSecurity_No,Normal
2122-YWVYA,0.377,True,is_month_to_month; InternetService_Fiber optic; charge_delta,Normal
3804-RVTGV,0.376,True,is_month_to_month; avg_monthly_spend; MonthlyCharges,Normal
2189-WWOEW,0.376,True,is_month_to_month; InternetService_Fiber optic; avg_monthly_spend,Normal
5046-NUHWD,0.376,True,is_month_to_month; SeniorCitizen; PaymentMethod_Electronic check,Normal
0708-LGSMF,0.376,True,is_month_to_month; MultipleLines_No; PaymentMethod_Electronic check,Normal
4950-BDEUX,0.376,True,is_month_to_month; PaymentMethod_Electronic check; OnlineSecurity_No,Normal
6339-DKLMK,0.376,True,is_month_to_month; PaymentMethod_Electronic check; PhoneService_No,Normal
2359-KLTEK,0.376,True,is_month_to_month; avg_monthly_spend; InternetService_Fiber optic,Normal
6172-FECYY,0.376,True,is_month_to_month; avg_monthly_spend; InternetService_Fiber optic,Normal
9661-MHUMO,0.375,True,tenure; is_month_to_month; TotalCharges,Normal
4625-EWPTF,0.375,True,is_month_to_month; PaymentMethod_Electronic check; tenure,Normal
4718-DHSMV,0.375,True,is_month_to_month; OnlineSecurity_No; PhoneService_No,Normal
2672-OJQZP,0.375,True,tenure; is_month_to_month; OnlineSecurity_No,Normal
7975-TZMLR,0.375,True,MonthlyCharges; avg_monthly_spend; Contract_One year,Normal
3349-ANQNH,0.375,True,MonthlyCharges; avg_monthly_spend; OnlineSecurity_No,Normal
5156-UMKOW,0.375,True,is_month_to_month; tenure; TotalCharges,Normal
6982-SSHFK,0.374,True,tenure; is_month_to_month; OnlineSecurity_No,Normal
6987-XQSJT,0.374,True,is_month_to_month; MonthlyCharges; PaymentMethod_Electronic check,Normal
0107-WESLM,0.374,True,tenure; is_month_to_month; TotalCharges,Normal
5671-UUNXD,0.374,True,avg_monthly_spend; MonthlyCharges; Contract_One year,Normal
8496-EJAUI,0.373,True,is_month_to_month; InternetService_Fiber optic; charge_delta,Normal
1101-SSWAG,0.373,True,is_month_to_month; PaymentMethod_Electronic check; MultipleLines_No,Normal
9412-GHEEC,0.373,True,is_month_to_month; avg_monthly_spend; InternetService_Fiber optic,Normal
6257-RJOHI,0.373,True,is_month_to_month; tenure; charge_delta,Normal
9659-QEQSY,0.373,True,is_month_to_month; avg_monthly_spend; InternetService_Fiber optic,Normal
2833-SLKDQ,0.372,True,tenure; is_month_to_month; TotalCharges,Normal
0415-MOSGF,0.372,True,tenure; is_month_to_month; OnlineSecurity_No,Normal
5977-CKHON,0.372,True,is_month_to_month; avg_monthly_spend; InternetService_Fiber optic,Normal
1564-HJUVY,0.372,True,is_month_to_month; tenure; OnlineSecurity_No,Normal
2085-BOJKI,0.371,True,MonthlyCharges; avg_monthly_spend; Contract_One year,Normal
2869-ADAWR,0.371,True,is_month_to_month; InternetService_Fiber optic; avg_monthly_spend,Normal
4146-SVFUD,0.371,True,tenure; is_month_to_month; OnlineSecurity_No,Normal
7579-OOPEC,0.371,True,is_month_to_month; tenure; OnlineSecurity_No,Normal
7054-LGEQW,0.371,True,tenure; is_month_to_month; TotalCharges,Normal
7754-IXRMC,0.371,True,tenure; is_month_to_month; TotalCharges,Normal
6624-JDRDS,0.371,True,is_month_to_month; tenure; PhoneService_No,Normal
7252-NTGSS,0.371,True,tenure; is_month_to_month; TotalCharges,Normal
6845-RGTYS,0.371,True,is_month_to_month; MonthlyCharges; avg_monthly_spend,Normal
8896-BQTTI,0.371,True,tenure; is_month_to_month; TotalCharges,Normal
6745-JEFZB,0.371,True,is_month_to_month; InternetService_Fiber optic; avg_monthly_spend,Normal
1436-ZMJAN,0.37,True,is_month_to_month; OnlineSecurity_No; tenure,Normal
7878-JGDKK,0.37,True,is_month_to_month; tenure; OnlineSecurity_No,Normal
7636-OWBPG,0.37,True,is_month_to_month; OnlineSecurity_No; MultipleLines_No,Normal
6825-UYPFK,0.37,True,is_month_to_month; charge_delta; InternetService_Fiber optic,Normal
4931-TRZWN,0.369,True,is_month_to_month; PaymentMethod_Electronic check; TechSupport_No,Normal
1481-ZUWZA,0.369,True,is_month_to_month; avg_monthly_spend; InternetService_Fiber optic,Normal
6416-YJTTB,0.369,True,is_month_to_month; InternetService_Fiber optic; Contract_Month-to-month,Normal
1216-JWVUX,0.369,True,is_month_to_month; InternetService_Fiber optic; PaymentMethod_Electronic check,Normal
8988-ECPJR,0.369,True,is_month_to_month; MonthlyCharges; InternetService_Fiber optic,Normal
5590-YRFJT,0.369,True,is_month_to_month; charge_delta; PaymentMethod_Electronic check,Normal
3207-OYBWH,0.369,True,is_month_to_month; avg_monthly_spend; charge_delta,Normal
8757-TFHHJ,0.368,True,tenure; is_month_to_month; TechSupport_No,Normal
1421-HCERK,0.368,True,avg_monthly_spend; is_month_to_month; InternetService_Fiber optic,Normal
9381-NDKME,0.368,True,is_month_to_month; SeniorCitizen; MultipleLines_No,Normal
8584-KMVXD,0.368,True,is_month_to_month; InternetService_Fiber optic; OnlineSecurity_No,Normal
7576-JMYWV,0.368,True,avg_monthly_spend; is_month_to_month; InternetService_Fiber optic,Normal
8178-EYZUO,0.367,True,is_month_to_month; avg_monthly_spend; InternetService_Fiber optic,Normal
4468-KAZHE,0.367,True,is_month_to_month; OnlineSecurity_No; PaperlessBilling_No,Normal
3838-OZURD,0.367,True,is_month_to_month; avg_monthly_spend; OnlineSecurity_No,Normal
4061-UKJWL,0.367,True,is_month_to_month; tenure; OnlineSecurity_No,Normal
9233-PSYHO,0.367,True,MonthlyCharges; avg_monthly_spend; SeniorCitizen,Normal
7993-PYKOF,0.367,True,is_month_to_month; InternetService_Fiber optic; tenure,Normal
9776-CLUJA,0.367,True,is_month_to_month; SeniorCitizen; PaymentMethod_Electronic check,Normal
3569-EDBPQ,0.367,True,is_month_to_month; PaymentMethod_Electronic check; InternetService_Fiber optic,Normal
9812-GHVRI,0.366,True,is_month_to_month; avg_monthly_spend; OnlineSecurity_No,Normal
6847-KJLTS,0.366,True,is_month_to_month; MonthlyCharges; SeniorCitizen,Normal
7929-DMBCV,0.366,True,is_month_to_month; InternetService_Fiber optic; OnlineSecurity_No,Normal
7351-KYHQH,0.366,True,is_month_to_month; OnlineSecurity_No; tenure,Normal
8993-IZEUX,0.366,True,is_month_to_month; tenure; InternetService_Fiber optic,Normal
7009-LGECI,0.365,True,is_month_to_month; tenure; TechSupport_No,Normal
6439-GTPCA,0.365,True,is_month_to_month; PaymentMethod_Electronic check; InternetService_Fiber optic,Normal
7277-OZCGZ,0.365,True,is_month_to_month; InternetService_Fiber optic; avg_monthly_spend,Normal
7312-XSBAT,0.365,True,tenure; is_month_to_month; charge_delta,Normal
0207-MDKNV,0.365,True,is_month_to_month; avg_monthly_spend; tenure,Normal
6145-NNPNO,0.365,True,tenure; is_month_to_month; OnlineSecurity_No,Normal
8388-FYNPZ,0.365,True,is_month_to_month; tenure; TechSupport_No,Normal
7627-JKIAZ,0.365,True,is_month_to_month; InternetService_Fiber optic; OnlineSecurity_No,Normal
2208-UGTGR,0.365,True,is_month_to_month; MonthlyCharges; avg_monthly_spend,Normal
5493-SDRDQ,0.365,True,is_month_to_month; tenure; TotalCharges,Normal
0106-GHRQR,0.365,True,is_month_to_month; OnlineSecurity_No; MultipleLines_No,Normal
1025-FALIX,0.364,True,is_month_to_month; InternetService_Fiber optic; TechSupport_No,Normal
3195-TQDZX,0.364,True,is_month_to_month; TotalCharges; tenure,Normal
6888-SBYAI,0.364,True,tenure; is_month_to_month; TotalCharges,Normal
5419-KLXBN,0.364,True,is_month_to_month; InternetService_Fiber optic; charge_delta,Normal
2883-ILGWO,0.364,True,is_month_to_month; avg_monthly_spend; SeniorCitizen,Normal
2884-GBPFB,0.363,True,is_month_to_month; InternetService_Fiber optic; TotalCharges,Normal
1791-PQHBB,0.363,True,is_month_to_month; tenure; TechSupport_No,Normal
4860-IJUDE,0.363,True,is_month_to_month; InternetService_Fiber optic; charge_delta,Normal
8016-NCFVO,0.363,True,is_month_to_month; avg_monthly_spend; InternetService_Fiber optic,Normal
7798-JVXYM,0.362,True,is_month_to_month; PaymentMethod_Electronic check; OnlineSecurity_No,Normal
2378-HTWFW,0.362,True,is_month_to_month; SeniorCitizen; avg_monthly_spend,Normal
6464-KEXXH,0.362,True,is_month_to_month; OnlineSecurity_No; MultipleLines_No,Normal
1895-QTKDO,0.362,True,tenure; is_month_to_month; OnlineSecurity_No,Normal
7504-UWHNB,0.361,True,is_month_to_month; charge_delta; InternetService_Fiber optic,Normal
1582-RAFML,0.361,True,TotalCharges; tenure; is_month_to_month,Normal
7967-HYCDE,0.361,True,is_month_to_month; tenure; InternetService_Fiber optic,Normal
3571-RFHAR,0.361,True,avg_monthly_spend; is_month_to_month; MonthlyCharges,Normal
4482-FTFFX,0.361,True,is_month_to_month; tenure; OnlineSecurity_No,Normal
6022-KOUQO,0.36,True,is_month_to_month; tenure; OnlineSecurity_No,Normal
1670-SVOWZ,0.359,True,is_month_to_month; TotalCharges; InternetService_Fiber optic,Normal
4526-ZJJTM,0.359,True,is_month_to_month; SeniorCitizen; InternetService_Fiber optic,Normal
6078-VESFR,0.359,True,is_month_to_month; SeniorCitizen; InternetService_Fiber optic,Normal
6038-GCYEC,0.359,True,is_month_to_month; OnlineSecurity_No; PhoneService_No,Normal
8749-JMNKX,0.359,True,is_month_to_month; charge_delta; avg_monthly_spend,Normal
3987-KQDDU,0.359,True,is_month_to_month; InternetService_Fiber optic; tenure,Normal
8286-AFUYI,0.359,True,tenure; is_month_to_month; charge_delta,Normal
4592-IWTJI,0.359,True,is_month_to_month; tenure; TotalCharges,Normal
0730-KOAVE,0.358,True,is_month_to_month; InternetService_Fiber optic; avg_monthly_spend,Normal
5600-PDUJF,0.358,True,is_month_to_month; tenure; OnlineSecurity_No,Normal
7296-PIXQY,0.358,True,is_month_to_month; InternetService_Fiber optic; OnlineSecurity_No,Normal
0924-BJCRC,0.358,True,is_month_to_month; SeniorCitizen; OnlineSecurity_No,Normal
6908-VVYHM,0.358,True,is_month_to_month; PaymentMethod_Electronic check; OnlineSecurity_No,Normal
6543-CPZMK,0.357,True,is_month_to_month; PaymentMethod_Electronic check; tenure,Normal
1763-WQFUK,0.357,True,is_month_to_month; tenure; OnlineSecurity_No,Normal
8725-JEDFD,0.357,True,is_month_to_month; InternetService_Fiber optic; OnlineSecurity_No,Normal
7077-XJMET,0.356,True,is_month_to_month; PaymentMethod_Electronic check; OnlineSecurity_No,Normal
1356-MKYSK,0.356,True,is_month_to_month; tenure; avg_monthly_spend,Normal
6917-IAYHD,0.356,True,is_month_to_month; tenure; TotalCharges,Normal
8149-AIQCG,0.355,True,is_month_to_month; InternetService_Fiber optic; OnlineSecurity_No,Normal
3683-QKIUE,0.355,True,is_month_to_month; tenure; OnlineSecurity_No,Normal
2985-JUUBZ,0.355,True,is_month_to_month; charge_delta; PaymentMethod_Electronic check,Normal
9272-LSVYH,0.355,True,is_month_to_month; InternetService_Fiber optic; OnlineSecurity_No,Normal
5394-SVGJV,0.355,True,MonthlyCharges; is_month_to_month; avg_monthly_spend,Normal
0363-QJVFX,0.355,True,avg_monthly_spend; is_month_to_month; MonthlyCharges,Normal
1213-NGCUN,0.355,True,is_month_to_month; tenure; charge_delta,Normal
1357-BIJKI,0.355,True,MonthlyCharges; Contract_One year; PaymentMethod_Electronic check,Normal
0596-BQCEQ,0.354,True,MonthlyCharges; is_month_to_month; avg_monthly_spend,Normal
7421-ZLUPA,0.354,True,is_month_to_month; tenure; PhoneService_No,Normal
7271-AJDTL,0.354,True,is_month_to_month; InternetService_Fiber optic; OnlineSecurity_No,Normal
0481-SUMCB,0.354,True,avg_monthly_spend; MonthlyCharges; OnlineSecurity_No,Normal
6362-QHAFM,0.354,True,MonthlyCharges; PaymentMethod_Electronic check; OnlineSecurity_No,Normal
7634-WSWDB,0.354,True,is_month_to_month; PaymentMethod_Electronic check; MultipleLines_No,Normal
0374-AACSZ,0.354,True,tenure; is_month_to_month; charge_delta,Normal
4660-IRIBM,0.354,True,is_month_to_month; InternetService_Fiber optic; avg_monthly_spend,Normal
3583-KRKMD,0.353,True,is_month_to_month; InternetService_Fiber optic; OnlineSecurity_No,Normal
8108-UXRQN,0.353,True,is_month_to_month; charge_delta; PaymentMethod_Electronic check,Normal
8677-HDZEE,0.353,True,is_month_to_month; avg_monthly_spend; InternetService_Fiber optic,Normal
3780-YVMFA,0.353,True,is_month_to_month; tenure; PaymentMethod_Electronic check,Normal
6985-HAYWX,0.352,True,is_month_to_month; InternetService_Fiber optic; OnlineSecurity_No,Normal
7486-KSRVI,0.352,True,MonthlyCharges; Contract_One year; PaymentMethod_Electronic check,Normal
7449-HVPIV,0.352,True,is_month_to_month; avg_monthly_spend; OnlineSecurity_No,Normal
8327-LZKAS,0.352,True,avg_monthly_spend; MonthlyCharges; Contract_One year,Normal
1310-QRITU,0.352,True,is_month_to_month; PaymentMethod_Electronic check; MultipleLines_No,Normal
2873-ZLIWT,0.352,True,is_month_to_month; avg_monthly_spend; PaymentMethod_Electronic check,Normal
8824-RWFXJ,0.352,True,is_month_to_month; tenure; TotalCharges,Normal
2325-WINES,0.352,True,avg_monthly_spend; MonthlyCharges; OnlineSecurity_No,Normal
2386-OWURY,0.351,True,is_month_to_month; avg_monthly_spend; InternetService_Fiber optic,Normal
3668-QPYBK,0.351,True,is_month_to_month; tenure; TechSupport_No,Normal
2519-LBNQL,0.351,True,avg_monthly_spend; MonthlyCharges; PaymentMethod_Electronic check,Normal
9495-SKLKD,0.351,True,is_month_to_month; MonthlyCharges; avg_monthly_spend,Normal
2692-PFYTJ,0.351,True,tenure; is_month_to_month; charge_delta,Normal
9174-FKWZE,0.351,True,tenure; is_month_to_month; TotalCharges,Normal
3859-CVCET,0.351,True,is_month_to_month; tenure; OnlineSecurity_No,Normal
8096-LOIST,0.35,True,is_month_to_month; TotalCharges; PaymentMethod_Electronic check,Normal
0365-GXEZS,0.35,True,is_month_to_month; InternetService_Fiber optic; PaymentMethod_Electronic check,Normal
4329-YPDDQ,0.35,True,MonthlyCharges; is_month_to_month; InternetService_Fiber optic,Normal
9940-HPQPG,0.35,True,is_month_to_month; tenure; InternetService_Fiber optic,Normal
9448-REEVD,0.35,True,tenure; is_month_to_month; TotalCharges,Normal
3669-OYSJI,0.35,True,tenure; is_month_to_month; TotalCharges,Normal
7130-YXBRO,0.35,True,is_month_to_month; InternetService_Fiber optic; TotalCharges,Normal
8740-XLHDR,0.35,True,is_month_to_month; tenure; TotalCharges,Normal
5522-NYKPB,0.35,True,is_month_to_month; InternetService_Fiber optic; avg_monthly_spend,Normal
9776-OJUZI,0.349,True,is_month_to_month; SeniorCitizen; avg_monthly_spend,Normal
4109-CYRBD,0.349,True,is_month_to_month; SeniorCitizen; PaymentMethod_Electronic check,Normal
0927-LCSMG,0.349,True,is_month_to_month; tenure; InternetService_Fiber optic,Normal
1785-BPHTP,0.349,True,is_month_to_month; InternetService_Fiber optic; PaymentMethod_Electronic check,Normal
2960-NKRSO,0.349,True,is_month_to_month; InternetService_Fiber optic; PaymentMethod_Electronic check,Normal
3194-ORPIK,0.349,True,is_month_to_month; avg_monthly_spend; InternetService_Fiber optic,Normal
4821-SJHJV,0.349,True,is_month_to_month; avg_monthly_spend; InternetService_Fiber optic,Normal
2311-QYMUQ,0.348,True,is_month_to_month; InternetService_Fiber optic; charge_delta,Normal
9137-UIYPG,0.348,True,avg_monthly_spend; is_month_to_month; InternetService_Fiber optic,Normal
4480-MBMLB,0.348,True,avg_monthly_spend; OnlineSecurity_No; Contract_One year,Normal
5213-TWWJU,0.348,True,is_month_to_month; avg_monthly_spend; InternetService_Fiber optic,Normal
5207-PLSTK,0.348,True,tenure; is_month_to_month; TotalCharges,Normal
4566-GOLUK,0.348,True,is_month_to_month; avg_monthly_spend; MonthlyCharges,Normal
4462-CYWMH,0.347,True,is_month_to_month; SeniorCitizen; OnlineSecurity_No,Normal
0348-SDKOL,0.347,True,avg_monthly_spend; is_month_to_month; charge_delta,Normal
1307-TVUFB,0.347,True,is_month_to_month; SeniorCitizen; InternetService_Fiber optic,Normal
9281-PKKZE,0.347,True,is_month_to_month; PaymentMethod_Electronic check; PhoneService_No,Normal
1658-XUHBX,0.347,True,is_month_to_month; OnlineSecurity_No; InternetService_Fiber optic,Normal
3923-CSIHK,0.346,True,is_month_to_month; SeniorCitizen; InternetService_Fiber optic,Normal
8718-PTMEZ,0.346,True,is_month_to_month; PaymentMethod_Electronic check; OnlineSecurity_No,Normal
4176-FXYBO,0.346,True,MonthlyCharges; is_month_to_month; avg_monthly_spend,Normal
7623-TRNQN,0.345,True,is_month_to_month; tenure; TotalCharges,Normal
1548-FEHVL,0.345,True,is_month_to_month; avg_monthly_spend; PaymentMethod_Electronic check,Normal
9643-YBLUR,0.344,True,is_month_to_month; tenure; OnlineSecurity_No,Normal
7343-EOBEU,0.344,True,is_month_to_month; tenure; MultipleLines_No,Normal
4238-HFHSN,0.344,True,is_month_to_month; SeniorCitizen; PaymentMethod_Electronic check,Normal
3946-JEWRQ,0.344,True,MonthlyCharges; OnlineSecurity_No; Contract_One year,Normal
1794-HBQTJ,0.344,True,tenure; is_month_to_month; charge_delta,Normal
1930-WNXSB,0.344,True,is_month_to_month; TotalCharges; InternetService_Fiber optic,Normal
7537-CBQUZ,0.344,True,is_month_to_month; MonthlyCharges; InternetService_Fiber optic,Normal
3208-YPIOE,0.343,True,is_month_to_month; InternetService_Fiber optic; PaymentMethod_Electronic check,Normal
2604-IJPDU,0.343,True,is_month_to_month; avg_monthly_spend; MonthlyCharges,Normal
0578-SKVMF,0.343,True,is_month_to_month; avg_monthly_spend; InternetService_Fiber optic,Normal
9626-VFRGG,0.343,True,is_month_to_month; avg_monthly_spend; InternetService_Fiber optic,Normal
4607-CHPCA,0.343,True,avg_monthly_spend; Contract_One year; PaymentMethod_Electronic check,Normal
5839-SUYVZ,0.342,True,is_month_to_month; TotalCharges; InternetService_Fiber optic,Normal
0929-PECLO,0.342,True,is_month_to_month; SeniorCitizen; OnlineSecurity_No,Normal
8623-TMRBY,0.342,True,is_month_to_month; PaymentMethod_Electronic check; SeniorCitizen,Normal
2074-GUHPQ,0.341,True,is_month_to_month; InternetService_Fiber optic; avg_monthly_spend,Normal
8805-JNRAZ,0.341,True,is_month_to_month; tenure; OnlineSecurity_No,Normal
1215-FIGMP,0.341,True,is_month_to_month; OnlineSecurity_No; InternetService_Fiber optic,Normal
4143-HHPMK,0.341,True,is_month_to_month; avg_monthly_spend; PaymentMethod_Electronic check,Normal
2565-JSLRY,0.34,True,tenure; is_month_to_month; charge_delta,Normal
1907-YLNYW,0.34,True,is_month_to_month; PaymentMethod_Electronic check; tenure,Normal
2479-BRAMR,0.34,True,is_month_to_month; SeniorCitizen; InternetService_Fiber optic,Normal
7248-VZQLC,0.339,True,is_month_to_month; avg_monthly_spend; SeniorCitizen,Normal
8564-LDKFL,0.338,True,MonthlyCharges; avg_monthly_spend; OnlineSecurity_No,Normal
9921-EZKBY,0.338,True,is_month_to_month; avg_monthly_spend; InternetService_Fiber optic,Normal
8552-OBVRU,0.338,True,is_month_to_month; avg_monthly_spend; InternetService_Fiber optic,Normal
1862-SKORY,0.338,True,is_month_to_month; PhoneService_No; PaymentMethod_Electronic check,Normal
2929-QNSRW,0.338,True,MonthlyCharges; Contract_One year; OnlineSecurity_No,Normal
7758-XKCBS,0.338,True,is_month_to_month; PaymentMethod_Electronic check; charge_delta,Normal
6905-NIQIN,0.338,True,tenure; is_month_to_month; TotalCharges,Normal
9819-FBNSV,0.337,True,is_month_to_month; SeniorCitizen; InternetService_Fiber optic,Normal
6429-SHBCB,0.337,True,is_month_to_month; OnlineSecurity_No; MultipleLines_No,Normal
0823-HSCDJ,0.337,True,is_month_to_month; PaymentMethod_Electronic check; SeniorCitizen,Normal
7401-RUBNK,0.337,True,is_month_to_month; InternetService_Fiber optic; Contract_Month-to-month,Normal
6133-OZILE,0.337,True,is_month_to_month; PaymentMethod_Electronic check; PhoneService_No,Normal
0032-PGELS,0.336,True,tenure; is_month_to_month; TotalCharges,Normal
5295-PCJOO,0.336,True,is_month_to_month; tenure; PaymentMethod_Electronic check,Normal
9356-AXGMP,0.336,True,avg_monthly_spend; MonthlyCharges; PaymentMethod_Electronic check,Normal
3656-TKRVZ,0.336,True,is_month_to_month; tenure; charge_delta,Normal
4282-ACRXS,0.336,True,is_month_to_month; PaymentMethod_Electronic check; SeniorCitizen,Normal
4554-YGZIH,0.335,True,is_month_to_month; avg_monthly_spend; InternetService_Fiber optic,Normal
3058-WQDRE,0.335,True,is_month_to_month; OnlineSecurity_No; MultipleLines_No,Normal
6668-CNMFP,0.335,True,Contract_One year; avg_monthly_spend; OnlineSecurity_No,Normal
7250-EQKIY,0.335,True,tenure; is_month_to_month; TotalCharges,Normal
0060-FUALY,0.335,True,is_month_to_month; avg_monthly_spend; charge_delta,Normal
2207-QPJED,0.335,True,is_month_to_month; InternetService_Fiber optic; PaymentMethod_Electronic check,Normal
4983-CLMLV,0.335,True,is_month_to_month; MonthlyCharges; InternetService_Fiber optic,Normal
1456-TWCGB,0.334,True,is_month_to_month; tenure; OnlineSecurity_No,Normal
6859-RKMZJ,0.334,True,is_month_to_month; OnlineSecurity_No; TechSupport_No,Normal
5948-UJZLF,0.334,True,is_month_to_month; tenure; TotalCharges,Normal
3023-GFLBR,0.334,True,is_month_to_month; InternetService_Fiber optic; avg_monthly_spend,Normal
4007-NHVHI,0.334,True,is_month_to_month; SeniorCitizen; InternetService_Fiber optic,Normal
7742-MYPGI,0.333,True,is_month_to_month; tenure; OnlineSecurity_No,Normal
4801-JZAZL,0.333,True,is_month_to_month; PaymentMethod_Electronic check; MultipleLines_No,Normal
9112-WSNPU,0.333,True,is_month_to_month; SeniorCitizen; TotalCharges,Normal
8329-UTMVM,0.333,True,OnlineSecurity_No; MonthlyCharges; Contract_One year,Normal
4116-TZAQJ,0.333,True,is_month_to_month; tenure; InternetService_Fiber optic,Normal
6646-QVXLR,0.333,True,avg_monthly_spend; MonthlyCharges; PaymentMethod_Electronic check,Normal
5628-RKIFK,0.332,True,is_month_to_month; avg_monthly_spend; InternetService_Fiber optic,Normal
3845-JHAMY,0.332,True,is_month_to_month; OnlineSecurity_No; TechSupport_No,Normal
2842-BCQGE,0.332,True,is_month_to_month; InternetService_Fiber optic; OnlineSecurity_No,Normal
2988-GBIVW,0.331,True,is_month_to_month; PaymentMethod_Electronic check; InternetService_Fiber optic,Normal
2858-EIMXH,0.331,True,avg_monthly_spend; SeniorCitizen; OnlineSecurity_No,Normal
1373-ORVIZ,0.331,True,is_month_to_month; PaymentMethod_Electronic check; TotalCharges,Normal
1891-FZYSA,0.331,True,is_month_to_month; charge_delta; PaymentMethod_Electronic check,Normal
4905-JEFDW,0.331,True,PaymentMethod_Electronic check; OnlineSecurity_No; MultipleLines_No,Normal
9909-IDLEK,0.331,True,is_month_to_month; InternetService_Fiber optic; MonthlyCharges,Normal
5575-TPIZQ,0.331,True,is_month_to_month; avg_monthly_spend; InternetService_Fiber optic,Normal
3594-KADLU,0.33,True,is_month_to_month; tenure; TotalCharges,Normal
5371-VYLSX,0.33,True,is_month_to_month; avg_monthly_spend; SeniorCitizen,Normal
0979-PHULV,0.33,True,is_month_to_month; avg_monthly_spend; MonthlyCharges,Normal
8623-ULFNQ,0.33,True,is_month_to_month; SeniorCitizen; PaymentMethod_Electronic check,Normal
3787-TRIAL,0.33,True,is_month_to_month; PaymentMethod_Electronic check; MultipleLines_No,Normal
7030-NJVDP,0.33,True,is_month_to_month; avg_monthly_spend; InternetService_Fiber optic,Normal
6896-SRVYQ,0.329,True,is_month_to_month; SeniorCitizen; InternetService_Fiber optic,Normal
4067-HLYQI,0.328,True,is_month_to_month; TotalCharges; InternetService_Fiber optic,Normal
2674-MLXMN,0.328,True,is_month_to_month; MonthlyCharges; SeniorCitizen,Normal
2403-BCASL,0.328,True,MonthlyCharges; PaymentMethod_Electronic check; Contract_One year,Normal
4570-QHXHL,0.328,True,is_month_to_month; tenure; PaymentMethod_Electronic check,Normal
8450-JOVAH,0.327,True,is_month_to_month; tenure; charge_delta,Normal
0486-HECZI,0.327,True,is_month_to_month; avg_monthly_spend; PaymentMethod_Electronic check,Normal
3143-ILDAL,0.327,True,is_month_to_month; PaymentMethod_Electronic check; TotalCharges,Normal
7693-QPEFS,0.327,True,is_month_to_month; SeniorCitizen; InternetService_Fiber optic,Normal
5934-TSSAU,0.326,True,is_month_to_month; InternetService_Fiber optic; TechSupport_No,Normal
1396-QWFBJ,0.326,True,is_month_to_month; InternetService_Fiber optic; TechSupport_No,Normal
3069-SSVSN,0.326,True,tenure; OnlineSecurity_No; TotalCharges,Normal
3815-SLMEF,0.326,True,is_month_to_month; tenure; TotalCharges,Normal
4256-ZWTZI,0.326,True,is_month_to_month; tenure; OnlineSecurity_No,Normal
2302-ANTDP,0.326,True,is_month_to_month; MonthlyCharges; avg_monthly_spend,Normal
8722-NGNBH,0.326,True,is_month_to_month; tenure; TotalCharges,Normal
2632-UCGVD,0.326,True,MonthlyCharges; is_month_to_month; avg_monthly_spend,Normal
2027-OAQQC,0.325,True,is_month_to_month; OnlineSecurity_No; TechSupport_No,Normal
3132-TVFDZ,0.325,True,is_month_to_month; PaymentMethod_Electronic check; SeniorCitizen,Normal
6135-OZQVA,0.325,True,is_month_to_month; MultipleLines_No; tenure,Normal
4720-VSTSI,0.325,True,is_month_to_month; avg_monthly_spend; OnlineSecurity_No,Normal
4396-KLSEH,0.325,True,is_month_to_month; TotalCharges; tenure,Normal
1644-IRKSF,0.325,True,avg_monthly_spend; Contract_One year; charge_delta,Normal
3814-MLAXC,0.325,True,is_month_to_month; InternetService_Fiber optic; MonthlyCharges,Normal
0265-PSUAE,0.324,True,is_month_to_month; avg_monthly_spend; MonthlyCharges,Normal
0577-WHMEV,0.324,True,is_month_to_month; avg_monthly_spend; InternetService_Fiber optic,Normal
8840-DQLGN,0.324,True,is_month_to_month; avg_monthly_spend; MonthlyCharges,Normal
5103-MHMHY,0.324,True,tenure; is_month_to_month; TotalCharges,Normal
3956-CJUST,0.324,True,is_month_to_month; SeniorCitizen; InternetService_Fiber optic,Normal
0822-QGCXA,0.324,True,is_month_to_month; avg_monthly_spend; MultipleLines_No,Normal
7963-GQRMY,0.324,True,is_month_to_month; tenure; TotalCharges,Normal
9079-YEXQJ,0.323,True,is_month_to_month; InternetService_Fiber optic; PaymentMethod_Electronic check,Normal
2320-JRSDE,0.323,True,TotalCharges; tenure; is_month_to_month,Normal
8158-WPEZG,0.323,True,is_month_to_month; PaymentMethod_Electronic check; MultipleLines_No,Normal
5071-FBJFS,0.323,True,is_month_to_month; tenure; TechSupport_No,Normal
4566-QVRRW,0.322,True,is_month_to_month; PaymentMethod_Electronic check; OnlineSecurity_No,Normal
5118-MUEYH,0.322,True,avg_monthly_spend; is_month_to_month; InternetService_Fiber optic,Normal
4450-YOOHP,0.322,True,is_month_to_month; OnlineSecurity_No; TechSupport_No,Normal
9564-KCLHR,0.321,True,is_month_to_month; tenure; TotalCharges,Normal
9474-PHLYD,0.321,True,is_month_to_month; charge_delta; PaymentMethod_Electronic check,Normal
2189-UXTKY,0.321,True,is_month_to_month; charge_delta; PaymentMethod_Electronic check,Normal
0178-SZBHO,0.321,True,is_month_to_month; InternetService_Fiber optic; avg_monthly_spend,Normal
2067-QYTCF,0.321,True,is_month_to_month; avg_monthly_spend; PaymentMethod_Electronic check,Normal
6807-SIWJI,0.321,True,avg_monthly_spend; PaymentMethod_Electronic check; Contract_One year,Normal
7426-GSWPO,0.32,True,is_month_to_month; avg_monthly_spend; SeniorCitizen,Normal
8404-FYDIB,0.32,True,is_month_to_month; InternetService_Fiber optic; avg_monthly_spend,Normal
5208-HFSBT,0.32,True,is_month_to_month; tenure; OnlineSecurity_No,Normal
4724-WXVWF,0.32,True,is_month_to_month; avg_monthly_spend; PaymentMethod_Electronic check,Normal
6646-JPPHA,0.32,True,is_month_to_month; SeniorCitizen; InternetService_Fiber optic,Normal
3009-JWMPU,0.32,True,MonthlyCharges; avg_monthly_spend; OnlineSecurity_No,Normal
5433-KYGHE,0.32,True,is_month_to_month; TotalCharges; InternetService_Fiber optic,Normal
9732-EQMWY,0.319,True,is_month_to_month; avg_monthly_spend; MonthlyCharges,Normal
7346-MEDWM,0.319,True,is_month_to_month; avg_monthly_spend; PaymentMethod_Electronic check,Normal
3452-SRFEG,0.319,True,is_month_to_month; InternetService_Fiber optic; OnlineSecurity_No,Normal
3688-FTHLT,0.319,True,is_month_to_month; OnlineSecurity_No; MultipleLines_No,Normal
4468-YDOVK,0.319,True,is_month_to_month; tenure; OnlineSecurity_No,Normal
8695-WDYEA,0.319,True,tenure; is_month_to_month; TotalCharges,Normal
5816-QVHRX,0.318,True,is_month_to_month; avg_monthly_spend; InternetService_Fiber optic,Normal
4690-LLKUA,0.318,True,is_month_to_month; SeniorCitizen; PaymentMethod_Electronic check,Normal
9052-VKDUW,0.318,True,is_month_to_month; MonthlyCharges; InternetService_Fiber optic,Normal
7927-AUXBZ,0.318,True,is_month_to_month; charge_delta; avg_monthly_spend,Normal
2391-SOORI,0.318,True,is_month_to_month; tenure; TechSupport_No,Normal
4248-HCETZ,0.318,True,is_month_to_month; SeniorCitizen; TotalCharges,Normal
1216-BGTSP,0.318,True,MonthlyCharges; is_month_to_month; InternetService_Fiber optic,Normal
8495-LJDFO,0.318,True,is_month_to_month; MonthlyCharges; InternetService_Fiber optic,Normal
1442-BQPVU,0.317,True,is_month_to_month; PhoneService_No; PaymentMethod_Electronic check,Normal
8614-VGMMV,0.317,True,is_month_to_month; PaymentMethod_Electronic check; OnlineSecurity_No,Normal
3707-LRWZD,0.317,True,avg_monthly_spend; PaymentMethod_Electronic check; Contract_One year,Normal
4391-LNRXK,0.317,True,is_month_to_month; InternetService_Fiber optic; OnlineSecurity_No,Normal
9530-EHPOH,0.316,True,is_month_to_month; MultipleLines_No; PaymentMethod_Electronic check,Normal
4130-MZLCC,0.316,True,is_month_to_month; tenure; OnlineSecurity_No,Normal
3969-GYXEL,0.316,True,is_month_to_month; InternetService_Fiber optic; charge_delta,Normal
1656-DRSMG,0.316,True,is_month_to_month; InternetService_Fiber optic; OnlineSecurity_No,Normal
3898-GUYTS,0.316,True,is_month_to_month; InternetService_Fiber optic; MonthlyCharges,Normal
9681-KYGYB,0.316,True,is_month_to_month; SeniorCitizen; avg_monthly_spend,Normal
5146-CBVOE,0.316,True,is_month_to_month; InternetService_Fiber optic; OnlineSecurity_No,Normal
3577-AMVUX,0.316,True,tenure; is_month_to_month; TotalCharges,Normal
2133-TSRRM,0.315,True,is_month_to_month; avg_monthly_spend; InternetService_Fiber optic,Normal
8152-UOBNY,0.315,True,avg_monthly_spend; TotalCharges; MonthlyCharges,Normal
6629-LADHQ,0.315,True,is_month_to_month; tenure; TechSupport_No,Normal
0080-OROZO,0.315,True,MonthlyCharges; avg_monthly_spend; Contract_One year,Normal
8033-VCZGH,0.315,True,avg_monthly_spend; MonthlyCharges; PaymentMethod_Electronic check,Normal
9822-WMWVG,0.314,True,is_month_to_month; avg_monthly_spend; InternetService_Fiber optic,Normal
8802-UNOJF,0.314,True,is_month_to_month; InternetService_Fiber optic; avg_monthly_spend,Normal
1518-VOWAV,0.314,True,is_month_to_month; tenure; PaymentMethod_Electronic check,Normal
2139-FQHLM,0.314,True,is_month_to_month; InternetService_Fiber optic; avg_monthly_spend,Normal
6029-CSMJE,0.314,True,is_month_to_month; PhoneService_No; OnlineSecurity_No,Normal
7521-AFHAB,0.313,True,is_month_to_month; tenure; charge_delta,Normal
6982-UQZLY,0.313,True,tenure; TotalCharges; is_month_to_month,Normal
6726-WEXXK,0.313,True,PaymentMethod_Electronic check; avg_monthly_spend; SeniorCitizen,Normal
7067-KSAZT,0.313,True,avg_monthly_spend; PaymentMethod_Electronic check; MonthlyCharges,Normal
8417-GSODA,0.313,True,avg_monthly_spend; Contract_One year; OnlineSecurity_No,Normal
0899-WZRSD,0.313,True,avg_monthly_spend; is_month_to_month; InternetService_Fiber optic,Normal
7869-ZYDST,0.312,True,is_month_to_month; OnlineSecurity_No; TechSupport_No,Normal
1849-RJYIG,0.312,True,is_month_to_month; tenure; PaymentMethod_Electronic check,Normal
2455-USLMV,0.312,True,is_month_to_month; avg_monthly_spend; InternetService_Fiber optic,Normal
2669-OIDSD,0.311,True,MonthlyCharges; is_month_to_month; avg_monthly_spend,Normal
9578-VRMNM,0.311,True,is_month_to_month; charge_delta; OnlineSecurity_No,Normal
1689-MRZQR,0.311,True,is_month_to_month; InternetService_Fiber optic; PaymentMethod_Electronic check,Normal
2070-FNEXE,0.311,True,is_month_to_month; SeniorCitizen; tenure,Normal
2273-QCKXA,0.311,True,is_month_to_month; tenure; TotalCharges,Normal
2478-EEWWM,0.311,True,is_month_to_month; PaymentMethod_Electronic check; OnlineSecurity_No,Normal
2792-VPPET,0.311,True,is_month_to_month; tenure; TotalCharges,Normal
4250-WAROZ,0.311,True,is_month_to_month; InternetService_Fiber optic; MultipleLines_No,Normal
0691-IFBQW,0.311,True,avg_monthly_spend; charge_delta; MonthlyCharges,Normal
0623-IIHUG,0.311,True,is_month_to_month; SeniorCitizen; PaymentMethod_Electronic check,Normal
6202-DYYFX,0.31,True,OnlineSecurity_No; Contract_One year; charge_delta,Normal
1575-KRZZE,0.31,True,is_month_to_month; tenure; charge_delta,Normal
0257-ZESQC,0.31,True,is_month_to_month; SeniorCitizen; InternetService_Fiber optic,Normal
7112-OPOTK,0.31,True,is_month_to_month; InternetService_Fiber optic; PaymentMethod_Electronic check,Normal
6927-WTFIV,0.31,True,is_month_to_month; SeniorCitizen; InternetService_Fiber optic,Normal
1047-NNCBF,0.31,True,is_month_to_month; InternetService_Fiber optic; OnlineSecurity_No,Normal
7251-LJBQN,0.31,True,avg_monthly_spend; MonthlyCharges; Contract_One year,Normal
2075-RMJIK,0.309,True,is_month_to_month; tenure; TechSupport_No,Normal
5515-RUGKN,0.309,True,is_month_to_month; OnlineSecurity_No; TechSupport_No,Normal
7272-QDCKA,0.309,True,MonthlyCharges; avg_monthly_spend; Contract_One year,Normal
8069-YQQAJ,0.309,True,is_month_to_month; OnlineSecurity_No; PhoneService_No,Normal
4522-AKYLR,0.308,True,is_month_to_month; SeniorCitizen; PaymentMethod_Electronic check,Normal
0327-WFZSY,0.308,True,MonthlyCharges; avg_monthly_spend; Contract_One year,Normal
3090-LETTY,0.308,True,is_month_to_month; tenure; TechSupport_No,Normal
7291-CDTMJ,0.308,True,tenure; is_month_to_month; TotalCharges,Normal
5076-YVXCM,0.308,True,is_month_to_month; InternetService_Fiber optic; OnlineSecurity_No,Normal
5973-EJGDP,0.307,True,is_month_to_month; PaymentMethod_Electronic check; InternetService_Fiber optic,Normal
1049-FYSYG,0.307,True,is_month_to_month; OnlineSecurity_No; MultipleLines_No,Normal
1552-AAGRX,0.307,True,avg_monthly_spend; is_month_to_month; InternetService_Fiber optic,Normal
3845-FXCYS,0.306,True,is_month_to_month; tenure; PaymentMethod_Electronic check,Normal
6641-XRPSU,0.306,True,is_month_to_month; TotalCharges; InternetService_Fiber optic,Normal
2806-MLNTI,0.306,True,avg_monthly_spend; SeniorCitizen; MonthlyCharges,Normal
3351-NGXYI,0.306,True,is_month_to_month; SeniorCitizen; PaymentMethod_Electronic check,Normal
5392-AKEMH,0.306,True,is_month_to_month; PaymentMethod_Electronic check; OnlineSecurity_No,Normal
2043-WVTQJ,0.306,True,tenure; is_month_to_month; TotalCharges,Normal
7733-UDMTP,0.306,True,is_month_to_month; PhoneService_No; PaymentMethod_Electronic check,Normal
0326-VDYXE,0.306,True,MonthlyCharges; avg_monthly_spend; OnlineSecurity_No,Normal
3062-ICYZQ,0.305,True,is_month_to_month; avg_monthly_spend; InternetService_Fiber optic,Normal
6917-YACBP,0.305,True,is_month_to_month; InternetService_Fiber optic; PaymentMethod_Electronic check,Normal
9419-IPPBE,0.305,True,avg_monthly_spend; Contract_One year; PaymentMethod_Electronic check,Normal
1842-EZJMK,0.305,True,is_month_to_month; avg_monthly_spend; InternetService_Fiber optic,Normal
7351-MHQVU,0.305,True,is_month_to_month; tenure; MultipleLines_No,Normal
9108-EJFJP,0.304,True,tenure; is_month_to_month; TotalCharges,Normal
2460-FPSYH,0.304,True,is_month_to_month; SeniorCitizen; PhoneService_No,Normal
8887-IPQNC,0.304,True,is_month_to_month; tenure; OnlineSecurity_No,Normal
3503-TYDAY,0.304,True,is_month_to_month; InternetService_Fiber optic; OnlineSecurity_No,Normal
8065-BVEPF,0.304,True,is_month_to_month; MonthlyCharges; avg_monthly_spend,Normal
6770-XUAGN,0.304,True,tenure; is_month_to_month; TotalCharges,Normal
0843-WTBXE,0.304,True,is_month_to_month; avg_monthly_spend; InternetService_Fiber optic,Normal
1174-FGIFN,0.304,True,Contract_One year; avg_monthly_spend; PaymentMethod_Electronic check,Normal
6173-ITPWD,0.304,True,is_month_to_month; avg_monthly_spend; OnlineSecurity_No,Normal
1559-DTODC,0.304,True,is_month_to_month; charge_delta; OnlineSecurity_No,Normal
1370-GGAWX,0.304,True,avg_monthly_spend; Contract_One year; OnlineSecurity_No,Normal
4883-QICIH,0.303,True,is_month_to_month; TotalCharges; InternetService_Fiber optic,Normal
0980-PVMRC,0.303,True,is_month_to_month; charge_delta; PaymentMethod_Electronic check,Normal
3058-HJCUY,0.303,True,avg_monthly_spend; MonthlyCharges; Contract_One year,Normal
4647-XXZAM,0.303,True,is_month_to_month; OnlineSecurity_No; tenure,Normal
3509-GWQGF,0.303,True,is_month_to_month; InternetService_Fiber optic; OnlineSecurity_No,Normal
2081-KJSQF,0.302,True,tenure; is_month_to_month; TotalCharges,Normal
9774-NRNAU,0.302,True,is_month_to_month; avg_monthly_spend; SeniorCitizen,Normal
5924-IFQTT,0.302,True,is_month_to_month; PaymentMethod_Electronic check; MultipleLines_No,Normal
7147-AYBAA,0.302,True,is_month_to_month; InternetService_Fiber optic; OnlineSecurity_No,Normal
6234-PFPXL,0.301,True,avg_monthly_spend; is_month_to_month; InternetService_Fiber optic,Normal
7876-BEUTG,0.301,True,is_month_to_month; TotalCharges; OnlineSecurity_No,Normal
8073-IJDCM,0.301,True,tenure; is_month_to_month; TotalCharges,Normal
9584-EXCDZ,0.301,True,is_month_to_month; InternetService_Fiber optic; TotalCharges,Normal
2267-WTPYD,0.301,True,is_month_to_month; avg_monthly_spend; SeniorCitizen,Normal
0670-KDOMA,0.301,True,tenure; is_month_to_month; TotalCharges,Normal
8728-SKJLR,0.3,True,is_month_to_month; InternetService_Fiber optic; PaymentMethod_Electronic check,Normal
2190-BCXEC,0.3,True,is_month_to_month; InternetService_Fiber optic; MonthlyCharges,Normal
1809-DMJHQ,0.3,True,is_month_to_month; tenure; OnlineSecurity_No,Normal
2474-LCNUE,0.3,True,is_month_to_month; OnlineSecurity_No; MultipleLines_No,Normal
2927-QRRQV,0.3,True,avg_monthly_spend; PaymentMethod_Electronic check; Contract_One year,Normal
4010-YLMVT,0.3,True,is_month_to_month; avg_monthly_spend; InternetService_Fiber optic,Normal
5339-TJFEK,0.299,True,is_month_to_month; avg_monthly_spend; charge_delta,Normal
4183-WCSEP,0.299,True,is_month_to_month; charge_delta; TotalCharges,Normal
4430-YHXGG,0.299,True,is_month_to_month; tenure; MultipleLines_No,Normal
8755-IWJHN,0.299,True,is_month_to_month; SeniorCitizen; OnlineSecurity_No,Normal
4937-QPZPO,0.298,True,MonthlyCharges; avg_monthly_spend; OnlineSecurity_No,Normal
5630-AHZIL,0.298,True,is_month_to_month; tenure; Contract_Month-to-month,Normal
4680-KUTAJ,0.298,True,is_month_to_month; SeniorCitizen; PaymentMethod_Electronic check,Normal
5424-RLQLC,0.298,True,is_month_to_month; OnlineSecurity_No; charge_delta,Normal
2144-BFDSO,0.298,True,is_month_to_month; MonthlyCharges; avg_monthly_spend,Normal
2480-JZOSN,0.298,True,tenure; TotalCharges; is_month_to_month,Normal
1465-LNTLJ,0.298,True,is_month_to_month; OnlineSecurity_No; tenure,Normal
9943-VSZUV,0.298,True,is_month_to_month; SeniorCitizen; InternetService_Fiber optic,Normal
8217-QYOHV,0.298,True,is_month_to_month; tenure; Contract_Month-to-month,Normal
9210-IAHGH,0.298,True,is_month_to_month; tenure; OnlineSecurity_No,Normal
2257-BOVXD,0.298,True,is_month_to_month; MultipleLines_No; OnlineSecurity_No,Normal
7743-EXURX,0.297,True,is_month_to_month; PaymentMethod_Electronic check; tenure,Normal
9137-NOQKA,0.297,True,is_month_to_month; SeniorCitizen; charge_delta,Normal
0999-QXNSA,0.297,True,is_month_to_month; OnlineSecurity_No; tenure,Normal
4343-EJVQB,0.297,True,is_month_to_month; tenure; InternetService_Fiber optic,Normal
6599-CEBNN,0.297,True,is_month_to_month; InternetService_Fiber optic; TechSupport_No,Normal
7850-VWJUU,0.297,True,is_month_to_month; InternetService_Fiber optic; Contract_Month-to-month,Normal
9767-FFLEM,0.297,True,is_month_to_month; charge_delta; InternetService_Fiber optic,Normal
8647-SDTWQ,0.297,True,is_month_to_month; PaymentMethod_Electronic check; InternetService_Fiber optic,Normal
2623-DRYAM,0.297,True,avg_monthly_spend; PaymentMethod_Electronic check; Contract_One year,Normal
3606-SBKRY,0.296,True,PaymentMethod_Electronic check; OnlineSecurity_No; Contract_One year,Normal
2607-FBDFF,0.296,True,is_month_to_month; tenure; TotalCharges,Normal
1258-YMZNM,0.296,True,avg_monthly_spend; MonthlyCharges; SeniorCitizen,Normal
5141-ZUVBH,0.296,True,is_month_to_month; tenure; InternetService_Fiber optic,Normal
2108-YKQTY,0.296,True,is_month_to_month; tenure; OnlineSecurity_No,Normal
7459-RRWQZ,0.296,True,is_month_to_month; MultipleLines_No; tenure,Normal
1169-WCVAK,0.296,True,is_month_to_month; avg_monthly_spend; InternetService_Fiber optic,Normal
3567-PQTSO,0.296,True,avg_monthly_spend; PaymentMethod_Electronic check; Contract_One year,Normal
7821-DPRQE,0.295,True,is_month_to_month; avg_monthly_spend; InternetService_Fiber optic,Normal
0512-FLFDW,0.295,True,avg_monthly_spend; MonthlyCharges; OnlineSecurity_No,Normal
9277-JOOMO,0.295,True,is_month_to_month; tenure; MultipleLines_No,Normal
8262-COGGB,0.295,True,tenure; is_month_to_month; TotalCharges,Normal
5356-RHIPP,0.295,True,tenure; TotalCharges; is_month_to_month,Normal
4361-BKAXE,0.295,True,is_month_to_month; InternetService_Fiber optic; MonthlyCharges,Normal
8305-VHZBZ,0.295,True,tenure; TotalCharges; is_month_to_month,Normal
8885-QSQBX,0.295,True,tenure; is_month_to_month; charge_delta,Normal
9373-WSLOY,0.295,True,is_month_to_month; PaymentMethod_Electronic check; OnlineSecurity_No,Normal
0431-APWVY,0.294,True,avg_monthly_spend; Contract_One year; OnlineSecurity_No,Normal
3426-NIYYL,0.294,True,is_month_to_month; charge_delta; PaymentMethod_Electronic check,Normal
2676-OXPPQ,0.294,True,is_month_to_month; tenure; TechSupport_No,Normal
8651-ENBZX,0.294,True,avg_monthly_spend; MonthlyCharges; PaymentMethod_Electronic check,Normal
7396-VJUZB,0.294,True,is_month_to_month; tenure; OnlineSecurity_No,Normal
3521-SYVOR,0.294,True,is_month_to_month; TotalCharges; OnlineSecurity_No,Normal
0282-NVSJS,0.294,True,is_month_to_month; SeniorCitizen; MultipleLines_No,Normal
2382-BCKQJ,0.293,True,MonthlyCharges; avg_monthly_spend; OnlineSecurity_No,Normal
8387-MOJJT,0.293,True,is_month_to_month; InternetService_Fiber optic; MonthlyCharges,Normal
6351-SCJKT,0.293,True,is_month_to_month; tenure; TotalCharges,Normal
0100-DUVFC,0.293,True,avg_monthly_spend; PaymentMethod_Electronic check; Contract_One year,Normal
0015-UOCOJ,0.293,True,is_month_to_month; tenure; SeniorCitizen,Normal
4080-IIARD,0.293,True,is_month_to_month; charge_delta; PaymentMethod_Electronic check,Normal
6821-JPCDC,0.293,True,MonthlyCharges; Contract_One year; OnlineSecurity_No,Normal
1449-XQEMT,0.292,True,TotalCharges; is_month_to_month; charge_delta,Normal
7916-VCCPB,0.292,True,is_month_to_month; InternetService_Fiber optic; charge_delta,Normal
4191-XOVOM,0.292,True,avg_monthly_spend; is_month_to_month; PaymentMethod_Electronic check,Normal
5804-HYIEZ,0.292,True,is_month_to_month; avg_monthly_spend; MonthlyCharges,Normal
7854-EKTJL,0.292,True,is_month_to_month; tenure; PaymentMethod_Electronic check,Normal
7730-IUTDZ,0.292,True,is_month_to_month; charge_delta; InternetService_Fiber optic,Normal
5568-DMXZS,0.291,True,is_month_to_month; OnlineSecurity_No; tenure,Normal
5949-EBSQK,0.291,True,is_month_to_month; tenure; OnlineSecurity_No,Normal
6874-SGLHU,0.291,True,avg_monthly_spend; MonthlyCharges; Contract_One year,Normal
4488-KQFDT,0.291,True,avg_monthly_spend; Contract_One year; PaymentMethod_Electronic check,Normal
9693-XMUOB,0.291,True,is_month_to_month; SeniorCitizen; PaymentMethod_Electronic check,Normal
0058-EVZWM,0.291,True,is_month_to_month; avg_monthly_spend; InternetService_Fiber optic,Normal
0191-ZHSKZ,0.291,True,is_month_to_month; SeniorCitizen; PaymentMethod_Electronic check,Normal
8597-CWYHH,0.291,True,OnlineSecurity_No; Contract_One year; avg_monthly_spend,Normal
1432-FPAXX,0.291,True,is_month_to_month; PaymentMethod_Electronic check; PhoneService_No,Normal
4232-JGKIY,0.29,True,tenure; is_month_to_month; charge_delta,Normal
6818-WOBHJ,0.29,True,is_month_to_month; SeniorCitizen; OnlineSecurity_No,Normal
2240-HSJQD,0.29,True,is_month_to_month; charge_delta; avg_monthly_spend,Normal
8544-GOQSH,0.29,True,is_month_to_month; InternetService_Fiber optic; charge_delta,Normal
0742-MOABM,0.29,True,is_month_to_month; tenure; OnlineSecurity_No,Normal
9688-YGXVR,0.29,True,is_month_to_month; InternetService_Fiber optic; OnlineSecurity_No,Normal
1329-VHWNP,0.29,True,is_month_to_month; OnlineSecurity_No; tenure,Normal
7074-STDCN,0.29,True,is_month_to_month; PaymentMethod_Electronic check; charge_delta,Normal
6313-GIDIT,0.289,True,is_month_to_month; PaymentMethod_Electronic check; PhoneService_No,Normal
6559-RAKOZ,0.289,True,MonthlyCharges; avg_monthly_spend; Contract_One year,Normal
3345-JHUEO,0.289,True,is_month_to_month; tenure; TotalCharges,Normal
5485-WUYWF,0.289,True,is_month_to_month; tenure; SeniorCitizen,Normal
0463-ZSDNT,0.289,True,is_month_to_month; OnlineSecurity_No; TechSupport_No,Normal
7617-EYGLW,0.289,True,tenure; is_month_to_month; charge_delta,Normal
4824-GUCBY,0.289,True,is_month_to_month; avg_monthly_spend; SeniorCitizen,Normal
1996-DBMUS,0.289,True,is_month_to_month; InternetService_Fiber optic; OnlineSecurity_No,Normal
5035-PGZXH,0.288,True,avg_monthly_spend; Contract_One year; PaymentMethod_Electronic check,Normal
5136-GFPMB,0.288,True,is_month_to_month; InternetService_Fiber optic; OnlineSecurity_No,Normal
5649-VUKMC,0.288,True,TotalCharges; avg_monthly_spend; MonthlyCharges,Normal
0643-OKLRP,0.288,True,is_month_to_month; SeniorCitizen; avg_monthly_spend,Normal
6360-SVNWV,0.288,True,is_month_to_month; SeniorCitizen; InternetService_Fiber optic,Normal
3097-PYWXL,0.288,True,is_month_to_month; tenure; PaymentMethod_Electronic check,Normal
2172-EJXVF,0.288,True,avg_monthly_spend; PaymentMethod_Electronic check; Contract_One year,Normal
8761-NSOBC,0.288,True,is_month_to_month; MonthlyCharges; charge_delta,Normal
6538-POCHL,0.287,True,is_month_to_month; charge_delta; InternetService_Fiber optic,Normal
9158-VCTQB,0.287,True,is_month_to_month; InternetService_Fiber optic; MonthlyCharges,Normal
1480-IVEVR,0.287,True,SeniorCitizen; OnlineSecurity_No; Contract_One year,Normal
6288-LBEAR,0.287,True,is_month_to_month; InternetService_Fiber optic; OnlineSecurity_No,Normal
9544-PYPSJ,0.287,True,is_month_to_month; MonthlyCharges; OnlineSecurity_No,Normal
0836-SEYLU,0.287,True,is_month_to_month; TotalCharges; PhoneService_No,Normal
5149-TGWDZ,0.287,True,avg_monthly_spend; MonthlyCharges; OnlineSecurity_No,Normal
8705-DWKTI,0.287,True,is_month_to_month; avg_monthly_spend; charge_delta,Normal
0804-XBFBV,0.287,True,is_month_to_month; TotalCharges; OnlineSecurity_No,Normal
0774-IFUVM,0.287,True,is_month_to_month; TotalCharges; TechSupport_No,Normal
9039-ZVJDC,0.287,True,is_month_to_month; tenure; TotalCharges,Normal
2931-SVLTV,0.286,True,is_month_to_month; InternetService_Fiber optic; MultipleLines_No,Normal
1956-YIFGE,0.286,True,MonthlyCharges; avg_monthly_spend; Contract_One year,Normal
6952-OMNWB,0.286,True,is_month_to_month; avg_monthly_spend; OnlineSecurity_No,Normal
5707-ORNDZ,0.286,True,is_month_to_month; SeniorCitizen; tenure,Normal
0260-ZDLGK,0.286,True,is_month_to_month; tenure; charge_delta,Normal
2279-AXJJK,0.285,True,is_month_to_month; InternetService_Fiber optic; OnlineSecurity_No,Normal
4588-YBNIB,0.285,True,tenure; is_month_to_month; TotalCharges,Normal
1767-TGTKO,0.285,True,is_month_to_month; OnlineSecurity_No; PaymentMethod_Electronic check,Normal
3685-YLCMQ,0.285,True,avg_monthly_spend; TotalCharges; MonthlyCharges,Normal
2233-FAGXV,0.285,True,is_month_to_month; tenure; MultipleLines_No,Normal
4667-OHGKG,0.285,True,tenure; is_month_to_month; TotalCharges,Normal
7950-XWOVN,0.284,True,is_month_to_month; PhoneService_No; OnlineSecurity_No,Normal
3657-COGMW,0.284,True,is_month_to_month; InternetService_Fiber optic; SeniorCitizen,Normal
8679-JOEVF,0.284,True,is_month_to_month; OnlineSecurity_No; SeniorCitizen,Normal
3522-CDKHF,0.284,True,is_month_to_month; InternetService_Fiber optic; TotalCharges,Normal
2369-FEVNO,0.284,True,TotalCharges; tenure; is_month_to_month,Normal
2625-TRCZQ,0.284,True,is_month_to_month; PaymentMethod_Electronic check; PhoneService_No,Normal
7789-HKSBS,0.284,True,MonthlyCharges; Partner_No; avg_monthly_spend,Normal
2770-NSVDG,0.284,True,is_month_to_month; charge_delta; PaymentMethod_Electronic check,Normal
7047-FWEYA,0.284,True,MonthlyCharges; Contract_One year; PaymentMethod_Electronic check,Normal
6227-HWPWX,0.284,True,is_month_to_month; InternetService_Fiber optic; OnlineSecurity_No,Normal
2267-FPIMA,0.284,True,is_month_to_month; avg_monthly_spend; InternetService_Fiber optic,Normal
6578-KRMAW,0.284,True,is_month_to_month; charge_delta; avg_monthly_spend,Normal
7298-IZWLY,0.284,True,tenure; is_month_to_month; TotalCharges,Normal
8713-IGZSO,0.283,True,is_month_to_month; tenure; TotalCharges,Normal
1240-KNSEZ,0.283,True,TotalCharges; tenure; is_month_to_month,Normal
7580-UGXNC,0.283,True,is_month_to_month; SeniorCitizen; tenure,Normal
5337-IIWKZ,0.283,True,is_month_to_month; PaymentMethod_Electronic check; OnlineSecurity_No,Normal
6986-IJDHX,0.283,True,is_month_to_month; InternetService_Fiber optic; avg_monthly_spend,Normal
9948-YPTDG,0.283,True,is_month_to_month; InternetService_Fiber optic; avg_monthly_spend,Normal
6891-JPYFF,0.283,True,is_month_to_month; avg_monthly_spend; InternetService_Fiber optic,Normal
4280-DLSHD,0.283,True,is_month_to_month; tenure; OnlineSecurity_No,Normal
0274-JKUJR,0.283,True,is_month_to_month; tenure; PhoneService_No,Normal
5906-BFOZT,0.283,True,tenure; is_month_to_month; TotalCharges,Normal
4634-JLRJT,0.283,True,tenure; is_month_to_month; TotalCharges,Normal
6769-DYBQN,0.283,True,is_month_to_month; avg_monthly_spend; InternetService_Fiber optic,Normal
3865-QBWSJ,0.283,True,is_month_to_month; avg_monthly_spend; InternetService_Fiber optic,Normal
6789-HJBWG,0.283,True,is_month_to_month; PaymentMethod_Electronic check; OnlineSecurity_No,Normal
0003-MKNFE,0.283,True,is_month_to_month; tenure; OnlineSecurity_No,Normal
3620-MWJNE,0.282,True,is_month_to_month; tenure; TotalCharges,Normal
9919-YLNNG,0.282,True,is_month_to_month; avg_monthly_spend; InternetService_Fiber optic,Normal
6664-FPDAC,0.282,True,avg_monthly_spend; Contract_One year; PaymentMethod_Electronic check,Normal
1550-LOAHA,0.282,True,is_month_to_month; InternetService_Fiber optic; OnlineSecurity_No,Normal
6599-GZWCM,0.282,True,OnlineSecurity_No; Contract_One year; charge_delta,Normal
1935-IMVBB,0.282,True,is_month_to_month; InternetService_Fiber optic; OnlineSecurity_No,Normal
8807-ARQET,0.282,True,is_month_to_month; PaymentMethod_Electronic check; PhoneService_No,Normal
4661-NJEUX,0.282,True,TotalCharges; tenure; is_month_to_month,Normal
9415-TPKRV,0.282,True,is_month_to_month; charge_delta; tenure,Normal
4081-DYXAV,0.282,True,OnlineSecurity_No; TotalCharges; Contract_One year,Normal
4226-KKDON,0.282,True,is_month_to_month; tenure; PaymentMethod_Electronic check,Normal
3016-KSVCP,0.281,True,is_month_to_month; OnlineSecurity_No; PhoneService_No,Normal
4070-OKWVH,0.281,True,is_month_to_month; InternetService_Fiber optic; OnlineSecurity_No,Normal
7501-VTYLJ,0.281,True,is_month_to_month; tenure; TotalCharges,Normal
2115-BFTIW,0.281,True,is_month_to_month; charge_delta; InternetService_Fiber optic,Normal
7356-IWLFW,0.281,True,is_month_to_month; MonthlyCharges; avg_monthly_spend,Normal
5243-SAOTC,0.281,True,is_month_to_month; MonthlyCharges; InternetService_Fiber optic,Normal
2157-MXBJS,0.281,True,Contract_One year; OnlineSecurity_No; tenure,Normal
5996-DAOQL,0.28,True,tenure; is_month_to_month; TotalCharges,Normal
1622-HSHSF,0.28,True,tenure; is_month_to_month; TotalCharges,Normal
8868-GAGIO,0.28,True,is_month_to_month; avg_monthly_spend; InternetService_Fiber optic,Normal
5060-TQUQN,0.28,True,is_month_to_month; avg_monthly_spend; InternetService_Fiber optic,Normal
5816-SCGFC,0.28,True,is_month_to_month; OnlineSecurity_No; tenure,Normal
9572-MTILT,0.28,True,avg_monthly_spend; is_month_to_month; PaymentMethod_Electronic check,Normal
6537-OTKMY,0.279,True,PaymentMethod_Electronic check; OnlineSecurity_No; Contract_One year,Normal
3144-KMTWZ,0.279,True,is_month_to_month; OnlineSecurity_No; avg_monthly_spend,Normal
6179-GJPSO,0.279,True,avg_monthly_spend; is_month_to_month; MonthlyCharges,Normal
4307-KTUMW,0.279,True,is_month_to_month; avg_monthly_spend; InternetService_Fiber optic,Normal
8773-HHUOZ,0.279,True,is_month_to_month; TotalCharges; charge_delta,Normal
6353-BRMMA,0.279,True,is_month_to_month; avg_monthly_spend; MonthlyCharges,Normal
5949-HGVJL,0.279,True,is_month_to_month; PaymentMethod_Electronic check; OnlineSecurity_No,Normal
5274-XHAKY,0.279,True,is_month_to_month; avg_monthly_spend; InternetService_Fiber optic,Normal
7976-CICYS,0.279,True,is_month_to_month; tenure; Contract_Month-to-month,Normal
9912-OMZDS,0.279,True,avg_monthly_spend; MonthlyCharges; OnlineSecurity_No,Normal
3404-JNXAX,0.279,True,is_month_to_month; PaymentMethod_Electronic check; InternetService_Fiber optic,Normal
4250-FDVOU,0.278,True,is_month_to_month; tenure; TechSupport_No,Normal
6067-NGCEU,0.278,True,is_month_to_month; avg_monthly_spend; InternetService_Fiber optic,Normal
5154-VEKBL,0.278,True,is_month_to_month; charge_delta; tenure,Normal
6572-ADKRS,0.278,True,is_month_to_month; InternetService_Fiber optic; OnlineSecurity_No,Normal
6121-VZNQB,0.278,True,tenure; is_month_to_month; TotalCharges,Normal
5828-DWPIL,0.278,True,is_month_to_month; PaymentMethod_Electronic check; InternetService_Fiber optic,Normal
5002-GCQFH,0.278,True,is_month_to_month; InternetService_Fiber optic; MultipleLines_No,Normal
2293-IJWPS,0.278,True,avg_monthly_spend; charge_delta; MonthlyCharges,Normal
0871-OPBXW,0.278,True,is_month_to_month; tenure; charge_delta,Normal
0471-ARVMX,0.277,True,avg_monthly_spend; PaymentMethod_Electronic check; MonthlyCharges,Normal
9445-ZUEQE,0.277,True,is_month_to_month; InternetService_Fiber optic; OnlineSecurity_No,Normal
4324-AHJKS,0.277,True,is_month_to_month; tenure; Contract_Month-to-month,Normal
3413-DHLPB,0.277,True,is_month_to_month; MonthlyCharges; InternetService_Fiber optic,Normal
1703-MGIAB,0.277,True,is_month_to_month; TotalCharges; OnlineSecurity_No,Normal
1355-KUSBG,0.277,True,is_month_to_month; tenure; OnlineSecurity_No,Normal
2272-UOINI,0.277,True,is_month_to_month; tenure; avg_monthly_spend,Normal
1493-AMTIE,0.277,True,tenure; is_month_to_month; TotalCharges,Normal
3301-LSLWQ,0.277,True,is_month_to_month; PaymentMethod_Electronic check; charge_delta,Normal
8566-YPRGL,0.277,True,tenure; is_month_to_month; TotalCharges,Normal
2522-AHJXR,0.277,True,is_month_to_month; MonthlyCharges; avg_monthly_spend,Normal
1596-BBVTG,0.277,True,is_month_to_month; InternetService_Fiber optic; charge_delta,Normal
2640-LYMOV,0.277,True,is_month_to_month; tenure; charge_delta,Normal
1156-ZFYDO,0.277,True,tenure; is_month_to_month; charge_delta,Normal
4851-BQDNX,0.276,True,PaymentMethod_Electronic check; avg_monthly_spend; Contract_One year,Normal
3466-WAESX,0.276,True,is_month_to_month; TotalCharges; PaymentMethod_Electronic check,Normal
8257-RZAHR,0.276,True,is_month_to_month; MultipleLines_No; TotalCharges,Normal
2876-VBBBL,0.276,True,tenure; is_month_to_month; TotalCharges,Normal
5188-HGMLP,0.276,True,is_month_to_month; SeniorCitizen; InternetService_Fiber optic,Normal
2003-CKLOR,0.276,True,is_month_to_month; avg_monthly_spend; MonthlyCharges,Normal
4088-YLDSU,0.275,True,avg_monthly_spend; MonthlyCharges; PaymentMethod_Electronic check,Normal
7587-AOVVU,0.275,True,avg_monthly_spend; is_month_to_month; MonthlyCharges,Normal
2011-TRQYE,0.275,True,is_month_to_month; OnlineSecurity_No; PhoneService_No,Normal
7880-XSOJX,0.275,True,is_month_to_month; tenure; PhoneService_No,Normal
7398-LXGYX,0.275,True,is_month_to_month; avg_monthly_spend; InternetService_Fiber optic,Normal
2219-MVUSO,0.275,True,is_month_to_month; OnlineSecurity_No; tenure,Normal
8242-JSVBO,0.275,True,is_month_to_month; tenure; OnlineSecurity_No,Normal
0575-CUQOV,0.275,True,MonthlyCharges; Contract_One year; PaymentMethod_Electronic check,Normal
3756-VNWDH,0.275,True,avg_monthly_spend; MonthlyCharges; Contract_One year,Normal
6184-DYUOB,0.275,True,is_month_to_month; tenure; TotalCharges,Normal
2045-BMBTJ,0.275,True,is_month_to_month; SeniorCitizen; PhoneService_No,Normal
4976-LNFVV,0.274,True,is_month_to_month; SeniorCitizen; PhoneService_No,Normal
9501-UKKNL,0.274,True,is_month_to_month; PaymentMethod_Electronic check; OnlineSecurity_No,Normal
4098-NAUKP,0.274,True,is_month_to_month; avg_monthly_spend; charge_delta,Normal
0406-BPDVR,0.274,True,MonthlyCharges; TotalCharges; SeniorCitizen,Normal
7636-XUHWW,0.274,True,is_month_to_month; tenure; TotalCharges,Normal
2924-KHUVI,0.274,True,MonthlyCharges; PaymentMethod_Electronic check; avg_monthly_spend,Normal
3594-IVHJZ,0.274,True,is_month_to_month; tenure; Contract_Month-to-month,Normal
3445-HXXGF,0.274,True,is_month_to_month; PaymentMethod_Electronic check; SeniorCitizen,Normal
2947-DOMLJ,0.273,True,tenure; is_month_to_month; TotalCharges,Normal
1899-VXWXM,0.273,True,avg_monthly_spend; MonthlyCharges; TotalCharges,Normal
4390-KYULV,0.273,True,is_month_to_month; tenure; TotalCharges,Normal
7989-CHGTL,0.273,True,tenure; is_month_to_month; TotalCharges,Normal
0520-FDVVT,0.273,True,avg_monthly_spend; MonthlyCharges; Contract_One year,Normal
5778-BVOFB,0.273,True,is_month_to_month; tenure; charge_delta,Normal
7621-VPNET,0.272,True,is_month_to_month; InternetService_Fiber optic; OnlineSecurity_No,Normal
2955-PSXOE,0.272,True,tenure; TotalCharges; is_month_to_month,Normal
1000-AJSLD,0.272,True,TotalCharges; tenure; is_month_to_month,Normal
4323-SADQS,0.272,True,is_month_to_month; PaymentMethod_Electronic check; MultipleLines_No,Normal
7966-YOTQW,0.272,True,is_month_to_month; MultipleLines_No; TechSupport_No,Normal
7814-LEEVE,0.272,True,tenure; is_month_to_month; TotalCharges,Normal
6207-WIOLX,0.272,True,is_month_to_month; charge_delta; PhoneService_No,Normal
8751-EDEKA,0.272,True,is_month_to_month; TotalCharges; InternetService_Fiber optic,Normal
3733-LSYCE,0.272,True,is_month_to_month; InternetService_Fiber optic; charge_delta,Normal
9375-MHRRS,0.272,True,is_month_to_month; tenure; OnlineSecurity_No,Normal
6284-KMNUF,0.272,True,MonthlyCharges; avg_monthly_spend; PaymentMethod_Electronic check,Normal
2585-KTFRE,0.272,True,tenure; is_month_to_month; charge_delta,Normal
5443-SCMKX,0.272,True,Contract_One year; OnlineSecurity_No; PaymentMethod_Electronic check,Normal
0222-CNVPT,0.271,True,is_month_to_month; SeniorCitizen; TechSupport_No,Normal
7921-LMDFQ,0.271,True,OnlineSecurity_No; Contract_One year; avg_monthly_spend,Normal
6549-NNDYT,0.271,True,is_month_to_month; charge_delta; PhoneService_No,Normal
8746-OQQRW,0.271,True,is_month_to_month; tenure; TotalCharges,Normal
7853-WNZSY,0.271,True,tenure; is_month_to_month; charge_delta,Normal
6469-QJKZW,0.271,True,is_month_to_month; tenure; PaymentMethod_Electronic check,Normal
1087-UDSIH,0.27,True,is_month_to_month; TotalCharges; tenure,Normal
9350-VLHMB,0.27,True,is_month_to_month; OnlineSecurity_No; avg_monthly_spend,Normal
1024-KPRBB,0.27,True,Contract_One year; OnlineSecurity_No; avg_monthly_spend,Normal
3424-NMNBO,0.269,True,MonthlyCharges; avg_monthly_spend; TotalCharges,Normal
0568-ONFPC,0.269,True,tenure; is_month_to_month; MultipleLines_No,Normal
8992-CEUEN,0.269,True,tenure; is_month_to_month; TotalCharges,Normal
0691-NIKRI,0.269,True,avg_monthly_spend; MonthlyCharges; OnlineSecurity_No,Normal
1217-VASWC,0.269,True,MonthlyCharges; avg_monthly_spend; charge_delta,Normal
5131-PONJI,0.269,True,is_month_to_month; InternetService_Fiber optic; avg_monthly_spend,Normal
0621-TWIEM,0.269,True,is_month_to_month; PaymentMethod_Electronic check; charge_delta,Normal
6507-DTJZV,0.268,True,is_month_to_month; OnlineSecurity_No; TechSupport_No,Normal
3007-FDPEA,0.268,True,is_month_to_month; tenure; charge_delta,Normal
5482-NUPNA,0.268,True,is_month_to_month; tenure; gender_Female,Normal
2480-EJWYP,0.268,True,MonthlyCharges; avg_monthly_spend; SeniorCitizen,Normal
6300-BWMJX,0.268,True,is_month_to_month; PaymentMethod_Electronic check; InternetService_Fiber optic,Normal
7426-WEIJX,0.268,True,is_month_to_month; charge_delta; PaymentMethod_Electronic check,Normal
4797-AXPXK,0.268,True,tenure; is_month_to_month; TotalCharges,Normal
9318-NKNFC,0.268,True,tenure; is_month_to_month; TotalCharges,Normal
7893-IXHRQ,0.268,True,tenure; is_month_to_month; TotalCharges,Normal
3808-HFKDE,0.268,True,is_month_to_month; OnlineSecurity_No; PaymentMethod_Electronic check,Normal
6199-IWKGC,0.268,True,avg_monthly_spend; MonthlyCharges; Contract_One year,Normal
1784-EZDKJ,0.268,True,avg_monthly_spend; MonthlyCharges; TotalCharges,Normal
7251-XFOIL,0.267,True,is_month_to_month; OnlineSecurity_No; InternetService_Fiber optic,Normal
2669-QVCRG,0.267,True,is_month_to_month; InternetService_Fiber optic; TechSupport_No,Normal
0603-OLQDC,0.267,True,is_month_to_month; charge_delta; TechSupport_No,Normal
0461-CVKMU,0.267,True,is_month_to_month; InternetService_Fiber optic; avg_monthly_spend,Normal
2826-DXLQO,0.267,True,is_month_to_month; tenure; SeniorCitizen,Normal
8910-LEDAG,0.267,True,is_month_to_month; SeniorCitizen; TotalCharges,Normal
4001-TSBTV,0.266,True,is_month_to_month; InternetService_Fiber optic; OnlineSecurity_No,Normal
2465-BLLEU,0.266,True,tenure; is_month_to_month; TotalCharges,Normal
4791-QRGMF,0.266,True,MonthlyCharges; avg_monthly_spend; OnlineSecurity_No,Normal
8985-OOPOS,0.266,True,tenure; Contract_One year; OnlineSecurity_No,Normal
3410-MHHUM,0.266,True,OnlineSecurity_No; Contract_One year; PaymentMethod_Electronic check,Normal
3717-LNXKW,0.266,True,is_month_to_month; avg_monthly_spend; InternetService_Fiber optic,Normal
2826-UWHIS,0.266,True,is_month_to_month; avg_monthly_spend; OnlineSecurity_No,Normal
3999-WRNGR,0.265,True,is_month_to_month; PaymentMethod_Electronic check; OnlineSecurity_No,Normal
1061-PNTHC,0.265,True,avg_monthly_spend; is_month_to_month; MonthlyCharges,Normal
4685-ERGHK,0.265,True,PaymentMethod_Electronic check; Contract_One year; avg_monthly_spend,Normal
7856-GANIL,0.265,True,MonthlyCharges; avg_monthly_spend; OnlineSecurity_No,Normal
0880-FVFWF,0.265,True,is_month_to_month; avg_monthly_spend; PaymentMethod_Electronic check,Normal
2303-PJYHN,0.265,True,is_month_to_month; tenure; TotalCharges,Normal
1750-CSKKM,0.265,True,is_month_to_month; MonthlyCharges; OnlineSecurity_No,Normal
9089-UOWJG,0.265,True,is_month_to_month; OnlineSecurity_No; TotalCharges,Normal
7041-TXQJH,0.264,True,is_month_to_month; OnlineSecurity_No; PhoneService_No,Normal
4628-WQCQQ,0.264,True,avg_monthly_spend; Contract_One year; PaymentMethod_Electronic check,Normal
5553-AOINX,0.264,True,avg_monthly_spend; PaymentMethod_Electronic check; Contract_One year,Normal
3345-PBBFH,0.263,True,is_month_to_month; OnlineSecurity_No; tenure,Normal
8620-RJPZN,0.263,True,tenure; is_month_to_month; TotalCharges,Normal
5201-USSQZ,0.263,True,is_month_to_month; InternetService_Fiber optic; avg_monthly_spend,Normal
1422-DGUBX,0.263,True,PaymentMethod_Electronic check; Contract_One year; OnlineSecurity_No,Normal
7909-FIOIY,0.263,True,is_month_to_month; TotalCharges; OnlineSecurity_No,Normal
5802-ADBRC,0.263,True,avg_monthly_spend; MonthlyCharges; Contract_One year,Normal
4307-KWMXE,0.263,True,is_month_to_month; PhoneService_No; OnlineSecurity_No,Normal
6625-UTXEW,0.262,True,is_month_to_month; PaymentMethod_Electronic check; OnlineSecurity_No,Normal
3173-NVMPX,0.262,True,is_month_to_month; tenure; OnlineSecurity_No,Normal
5336-UFNZP,0.262,True,avg_monthly_spend; PaymentMethod_Electronic check; OnlineSecurity_No,Normal
0463-WZZKO,0.262,True,is_month_to_month; tenure; TotalCharges,Normal
8023-QHAIO,0.262,True,is_month_to_month; charge_delta; SeniorCitizen,Normal
5066-GFJMM,0.261,True,is_month_to_month; tenure; TotalCharges,Normal
5088-QZLRL,0.261,True,tenure; is_month_to_month; TotalCharges,Normal
3018-TFTSU,0.261,True,is_month_to_month; InternetService_Fiber optic; Contract_Month-to-month,Normal
4097-YODCF,0.261,True,avg_monthly_spend; MonthlyCharges; Contract_One year,Normal
4918-FYJNT,0.261,True,is_month_to_month; PaymentMethod_Electronic check; InternetService_Fiber optic,Normal
4188-FRABG,0.261,True,is_month_to_month; avg_monthly_spend; PaymentMethod_Electronic check,Normal
1098-TDVUQ,0.261,True,tenure; is_month_to_month; TotalCharges,Normal
5370-IIVVL,0.26,True,avg_monthly_spend; MonthlyCharges; Contract_One year,Normal
3537-HPKQT,0.26,True,is_month_to_month; InternetService_Fiber optic; OnlineSecurity_No,Normal
1205-WNWPJ,0.26,True,is_month_to_month; tenure; OnlineSecurity_No,Normal
3511-APPBJ,0.26,True,MonthlyCharges; avg_monthly_spend; charge_delta,Normal
1360-JYXKQ,0.26,True,MonthlyCharges; avg_monthly_spend; Contract_One year,Normal
6968-GMKPR,0.259,True,is_month_to_month; PaymentMethod_Electronic check; InternetService_Fiber optic,Normal
3055-OYMSE,0.259,True,is_month_to_month; InternetService_Fiber optic; TechSupport_No,Normal
5143-WMWOG,0.259,True,tenure; TotalCharges; is_month_to_month,Normal
4693-VWVBO,0.259,True,TotalCharges; is_month_to_month; tenure,Normal
3419-SNJJD,0.259,True,is_month_to_month; avg_monthly_spend; SeniorCitizen,Normal
5136-KCKGI,0.259,True,avg_monthly_spend; MonthlyCharges; charge_delta,Normal
0959-WHOKV,0.259,True,MonthlyCharges; avg_monthly_spend; Contract_One year,Normal
1814-DKOLC,0.259,True,is_month_to_month; tenure; charge_delta,Normal
2937-FTHUR,0.258,True,is_month_to_month; charge_delta; TotalCharges,Normal
4558-FANTW,0.258,True,is_month_to_month; avg_monthly_spend; InternetService_Fiber optic,Normal
5423-BHIXO,0.258,True,is_month_to_month; PaymentMethod_Electronic check; OnlineSecurity_No,Normal
7669-LCRSD,0.258,True,is_month_to_month; OnlineSecurity_No; TechSupport_No,Normal
5701-SVCWR,0.257,True,tenure; is_month_to_month; charge_delta,Normal
7124-UGSUR,0.257,True,avg_monthly_spend; OnlineSecurity_No; Contract_One year,Normal
5898-IGSLP,0.257,True,is_month_to_month; avg_monthly_spend; InternetService_Fiber optic,Normal
4612-THJBS,0.257,True,MonthlyCharges; SeniorCitizen; TotalCharges,Normal
4439-YRNVD,0.257,True,is_month_to_month; PhoneService_No; tenure,Normal
8679-LZBMD,0.257,True,Contract_One year; charge_delta; OnlineSecurity_No,Normal
2886-KEFUM,0.257,True,avg_monthly_spend; PaymentMethod_Electronic check; OnlineSecurity_No,Normal
1453-RZFON,0.256,True,tenure; is_month_to_month; charge_delta,Normal
3308-MHOOC,0.256,True,tenure; is_month_to_month; TotalCharges,Normal
3689-MOZGR,0.256,True,is_month_to_month; PaymentMethod_Electronic check; MultipleLines_No,Normal
7133-VBDCG,0.256,True,is_month_to_month; avg_monthly_spend; InternetService_Fiber optic,Normal
6942-LBFDP,0.255,True,is_month_to_month; tenure; TotalCharges,Normal
2732-ISEZX,0.255,True,is_month_to_month; tenure; Contract_Month-to-month,Normal
1208-NBVFH,0.255,True,is_month_to_month; PaymentMethod_Electronic check; TechSupport_No,Normal
2817-NTQDO,0.255,True,is_month_to_month; tenure; MultipleLines_No,Normal
7103-IPXPJ,0.255,True,MonthlyCharges; avg_monthly_spend; Contract_One year,Normal
6815-ABQFQ,0.255,True,avg_monthly_spend; MonthlyCharges; TotalCharges,Normal
1357-MVDOZ,0.255,True,is_month_to_month; OnlineSecurity_No; TechSupport_No,Normal
7526-IVLYU,0.255,True,is_month_to_month; TotalCharges; tenure,Normal
7874-ECPQJ,0.254,True,is_month_to_month; tenure; charge_delta,Normal
9614-RMGHA,0.254,True,is_month_to_month; charge_delta; InternetService_Fiber optic,Normal
5649-TJHOV,0.254,True,is_month_to_month; TotalCharges; SeniorCitizen,Normal
5955-EPOAZ,0.254,True,is_month_to_month; tenure; Contract_Month-to-month,Normal
1470-PSXNM,0.254,True,PaymentMethod_Electronic check; avg_monthly_spend; Contract_One year,Normal
5402-HTOTQ,0.254,True,is_month_to_month; charge_delta; OnlineSecurity_No,Normal
2239-JALAW,0.253,True,avg_monthly_spend; MonthlyCharges; Contract_One year,Normal
8799-OXZMD,0.253,True,is_month_to_month; TotalCharges; OnlineSecurity_No,Normal
9500-LTVBP,0.253,True,is_month_to_month; MonthlyCharges; InternetService_Fiber optic,Normal
2080-SRCDE,0.253,True,tenure; is_month_to_month; charge_delta,Normal
8980-WQFWL,0.253,True,is_month_to_month; OnlineSecurity_No; PaymentMethod_Electronic check,Normal
0419-YAAPX,0.253,True,is_month_to_month; avg_monthly_spend; InternetService_Fiber optic,Normal
4255-DDUOU,0.253,True,tenure; TotalCharges; is_month_to_month,Normal
9170-CCKOU,0.253,True,is_month_to_month; avg_monthly_spend; InternetService_Fiber optic,Normal
3744-ZBHON,0.253,True,is_month_to_month; TotalCharges; tenure,Normal
7128-GGCNO,0.253,True,is_month_to_month; InternetService_Fiber optic; OnlineSecurity_No,Normal
1724-IQWNM,0.252,True,tenure; is_month_to_month; TotalCharges,Normal
5325-UWTWJ,0.252,True,is_month_to_month; avg_monthly_spend; InternetService_Fiber optic,Normal
2436-QBZFP,0.252,True,is_month_to_month; charge_delta; PaymentMethod_Electronic check,Normal
7993-NQLJE,0.251,True,is_month_to_month; TotalCharges; InternetService_Fiber optic,Normal
4800-VHZKI,0.251,True,TotalCharges; tenure; is_month_to_month,Normal
1725-MIMXW,0.251,True,tenure; is_month_to_month; TotalCharges,Normal
8775-CEBBJ,0.251,True,is_month_to_month; tenure; OnlineSecurity_No,Normal
0761-AETCS,0.251,True,tenure; is_month_to_month; TotalCharges,Normal
7245-JMTTQ,0.251,True,PaymentMethod_Electronic check; Contract_One year; OnlineSecurity_No,Normal
0913-XWSCN,0.251,True,is_month_to_month; avg_monthly_spend; InternetService_Fiber optic,Normal
5136-RGMZO,0.251,True,is_month_to_month; PaymentMethod_Electronic check; OnlineSecurity_No,Normal
8267-KFGYD,0.25,False,tenure; is_month_to_month; TotalCharges,Normal
7203-OYKCT,0.25,True,avg_monthly_spend; PaymentMethod_Electronic check; Contract_One year,Normal
2731-GJRDG,0.25,True,MonthlyCharges; avg_monthly_spend; Contract_One year,Normal
8627-ZYGSZ,0.25,False,PaymentMethod_Electronic check; Contract_One year; OnlineSecurity_No,Normal
8294-UIMBA,0.25,True,Contract_One year; OnlineSecurity_No; avg_monthly_spend,Normal
9537-VHDTA,0.25,False,tenure; is_month_to_month; TotalCharges,Normal
7839-QRKXN,0.25,False,tenure; TotalCharges; is_month_to_month,Normal
5939-XAIXZ,0.25,False,is_month_to_month; TotalCharges; OnlineSecurity_No,Normal
4897-QSUYC,0.25,False,TotalCharges; tenure; is_month_to_month,Normal
9481-IEBZY,0.249,False,is_month_to_month; charge_delta; avg_monthly_spend,Normal
7595-EHCDL,0.249,False,is_month_to_month; OnlineSecurity_No; TechSupport_No,Normal
6614-VBEGU,0.249,False,is_month_to_month; OnlineSecurity_No; TechSupport_No,Normal
3572-UOLYZ,0.249,False,is_month_to_month; avg_monthly_spend; InternetService_Fiber optic,Normal
4640-UHDOS,0.249,False,is_month_to_month; OnlineSecurity_No; TechSupport_No,Normal
3162-ZJZFU,0.249,False,is_month_to_month; PaymentMethod_Electronic check; InternetService_Fiber optic,Normal
9833-TGFHX,0.249,False,avg_monthly_spend; MonthlyCharges; PaymentMethod_Electronic check,Normal
4118-CEVPF,0.248,False,MonthlyCharges; avg_monthly_spend; SeniorCitizen,Normal
0303-WMMRN,0.248,False,is_month_to_month; tenure; PaperlessBilling_No,Normal
7661-CPURM,0.248,False,Contract_One year; OnlineSecurity_No; avg_monthly_spend,Normal
3873-NFTGI,0.248,False,is_month_to_month; charge_delta; OnlineSecurity_No,Normal
0516-WJVXC,0.248,False,is_month_to_month; tenure; TotalCharges,Normal
4832-VRBMR,0.248,False,avg_monthly_spend; MonthlyCharges; Contract_One year,Normal
3982-XWFZQ,0.248,False,is_month_to_month; PaymentMethod_Electronic check; OnlineSecurity_No,Normal
4320-QMLLA,0.248,False,is_month_to_month; tenure; OnlineSecurity_No,Normal
0356-ERHVT,0.248,False,is_month_to_month; OnlineSecurity_No; TechSupport_No,Normal
5702-SKUOB,0.248,False,is_month_to_month; tenure; TotalCharges,Normal
9862-KJTYK,0.247,False,is_month_to_month; OnlineSecurity_No; MultipleLines_No,Normal
3842-QTGDL,0.247,False,is_month_to_month; avg_monthly_spend; InternetService_Fiber optic,Normal
9101-NTIXF,0.247,False,is_month_to_month; tenure; TotalCharges,Normal
8344-WFMFH,0.247,False,is_month_to_month; OnlineSecurity_No; PaymentMethod_Electronic check,Normal
9629-NHXFW,0.247,False,tenure; is_month_to_month; TotalCharges,Normal
2621-UDNLU,0.247,False,is_month_to_month; tenure; Contract_Month-to-month,Normal
7766-CLTIC,0.247,False,is_month_to_month; OnlineSecurity_No; tenure,Normal
5897-ZYEKH,0.246,False,avg_monthly_spend; PaymentMethod_Electronic check; Contract_One year,Normal
2957-LOLHO,0.246,False,is_month_to_month; OnlineSecurity_No; TechSupport_No,Normal
2684-EIWEO,0.246,False,is_month_to_month; SeniorCitizen; avg_monthly_spend,Normal
7799-DSEWS,0.246,False,is_month_to_month; PaymentMethod_Electronic check; Contract_Month-to-month,Normal
0013-MHZWF,0.246,False,is_month_to_month; OnlineSecurity_No; tenure,Normal
0690-SRQID,0.246,False,is_month_to_month; TotalCharges; tenure,Normal
3584-WKTTW,0.246,False,PaymentMethod_Electronic check; Contract_One year; InternetService_Fiber optic,Normal
8267-ZNYVZ,0.246,False,avg_monthly_spend; MonthlyCharges; Contract_One year,Normal
5438-QMDDL,0.246,False,is_month_to_month; charge_delta; TotalCharges,Normal
8547-NSBBO,0.245,False,is_month_to_month; InternetService_Fiber optic; MonthlyCharges,Normal
4986-MXSFP,0.245,False,is_month_to_month; tenure; Contract_Month-to-month,Normal
4628-CTTLA,0.245,False,is_month_to_month; PaymentMethod_Electronic check; OnlineSecurity_No,Normal
6253-WRFHY,0.245,False,OnlineSecurity_No; Contract_One year; PaymentMethod_Electronic check,Normal
0228-MAUWC,0.245,False,is_month_to_month; TotalCharges; PaymentMethod_Electronic check,Normal
3694-GLTJM,0.245,False,is_month_to_month; tenure; Contract_Month-to-month,Normal
4567-AKPIA,0.245,False,MonthlyCharges; avg_monthly_spend; OnlineSecurity_No,Normal
6689-VRRTK,0.245,False,SeniorCitizen; Contract_One year; MonthlyCharges,Normal
8190-ZTQFB,0.244,False,PaymentMethod_Electronic check; OnlineSecurity_No; Contract_One year,Normal
7246-ZGQDF,0.244,False,tenure; is_month_to_month; TotalCharges,Normal
0471-LVHGK,0.244,False,Contract_One year; PaymentMethod_Electronic check; OnlineSecurity_No,Normal
7673-LPRNY,0.244,False,Contract_One year; PaymentMethod_Electronic check; avg_monthly_spend,Normal
3325-FUYCG,0.243,False,avg_monthly_spend; MonthlyCharges; Contract_One year,Normal
1423-BMPBQ,0.243,False,tenure; is_month_to_month; TotalCharges,Normal
1228-FZFRV,0.243,False,avg_monthly_spend; is_month_to_month; MonthlyCharges,Normal
6410-LEFEN,0.243,False,is_month_to_month; tenure; OnlineSecurity_No,Normal
4781-ZXYGU,0.243,False,TotalCharges; tenure; is_month_to_month,Normal
4819-HJPIW,0.243,False,is_month_to_month; PhoneService_No; OnlineSecurity_No,Normal
1600-DILPE,0.243,False,is_month_to_month; OnlineSecurity_No; TechSupport_No,Normal
0366-NQSHS,0.243,False,is_month_to_month; tenure; Contract_Month-to-month,Normal
4831-EOBFE,0.243,False,is_month_to_month; InternetService_Fiber optic; avg_monthly_spend,Normal
8421-WZOOW,0.243,False,is_month_to_month; InternetService_Fiber optic; OnlineSecurity_No,Normal
0096-FCPUF,0.243,False,is_month_to_month; TechSupport_No; Contract_Month-to-month,Normal
2832-SCUCO,0.242,False,is_month_to_month; tenure; TotalCharges,Normal
1803-BGNBD,0.242,False,is_month_to_month; PaymentMethod_Electronic check; OnlineSecurity_No,Normal
9825-YCXWZ,0.242,False,MonthlyCharges; Contract_One year; avg_monthly_spend,Normal
3945-GFWQL,0.241,False,is_month_to_month; PaymentMethod_Electronic check; OnlineSecurity_No,Normal
1450-SKCVI,0.241,False,is_month_to_month; PaymentMethod_Electronic check; InternetService_Fiber optic,Normal
1485-YDHMM,0.241,False,is_month_to_month; InternetService_Fiber optic; avg_monthly_spend,Normal
4080-OGPJL,0.241,False,is_month_to_month; charge_delta; tenure,Normal
8652-YHIYU,0.241,False,Contract_One year; OnlineSecurity_No; charge_delta,Normal
7596-LDUXP,0.241,False,avg_monthly_spend; Contract_One year; tenure,Normal
2393-DIVAI,0.241,False,is_month_to_month; TotalCharges; tenure,Normal
0853-NWIFK,0.241,False,MonthlyCharges; avg_monthly_spend; Contract_One year,Normal
1591-NFNLQ,0.241,False,is_month_to_month; MonthlyCharges; avg_monthly_spend,Normal
6897-UUBNU,0.24,False,is_month_to_month; InternetService_Fiber optic; OnlineSecurity_No,Normal
0898-XCGTF,0.24,False,MonthlyCharges; OnlineSecurity_No; Contract_One year,Normal
7594-LZNWR,0.24,False,is_month_to_month; SeniorCitizen; InternetService_Fiber optic,Normal
8399-YNDCH,0.24,False,is_month_to_month; SeniorCitizen; TechSupport_No,Normal
2379-GYFLQ,0.24,False,MonthlyCharges; OnlineSecurity_No; avg_monthly_spend,Normal
6627-CFOSN,0.24,False,is_month_to_month; MonthlyCharges; avg_monthly_spend,Normal
0237-YFUTL,0.24,False,MonthlyCharges; avg_monthly_spend; is_month_to_month,Normal
1919-RTPQD,0.24,False,is_month_to_month; OnlineSecurity_No; tenure,Normal
2475-MROZF,0.24,False,is_month_to_month; avg_monthly_spend; charge_delta,Normal
0268-QKIWO,0.24,False,TotalCharges; is_month_to_month; tenure,Normal
9391-YZEJW,0.239,False,OnlineSecurity_No; avg_monthly_spend; Contract_One year,Normal
5144-PQCDZ,0.238,False,is_month_to_month; TotalCharges; tenure,Normal
6954-OOYZZ,0.238,False,is_month_to_month; OnlineSecurity_No; TechSupport_No,Normal
7530-HDYDS,0.238,False,is_month_to_month; avg_monthly_spend; InternetService_Fiber optic,Normal
1091-SOZGA,0.238,False,MonthlyCharges; avg_monthly_spend; OnlineSecurity_No,Normal
1394-SUIUH,0.238,False,is_month_to_month; avg_monthly_spend; SeniorCitizen,Normal
5016-ETTFF,0.237,False,is_month_to_month; PhoneService_No; OnlineSecurity_No,Normal
7826-VVKWT,0.237,False,avg_monthly_spend; MonthlyCharges; SeniorCitizen,Normal
9481-SFCQY,0.237,False,is_month_to_month; OnlineSecurity_No; TechSupport_No,Normal
4695-VADHF,0.237,False,is_month_to_month; PaymentMethod_Electronic check; OnlineSecurity_No,Normal
1193-RTSLK,0.237,False,is_month_to_month; avg_monthly_spend; charge_delta,Normal
2778-OCLGR,0.237,False,is_month_to_month; SeniorCitizen; MultipleLines_No,Normal
5868-YTYKS,0.237,False,tenure; is_month_to_month; TotalCharges,Normal
3807-BPOMJ,0.237,False,avg_monthly_spend; Contract_One year; PaymentMethod_Electronic check,Normal
9700-ISPUP,0.237,False,is_month_to_month; PaymentMethod_Electronic check; OnlineSecurity_No,Normal
9374-YOLBJ,0.236,False,tenure; is_month_to_month; TotalCharges,Normal
9103-TCIHJ,0.236,False,is_month_to_month; MultipleLines_No; TechSupport_No,Normal
6397-JNZZG,0.236,False,is_month_to_month; SeniorCitizen; TotalCharges,Normal
3807-XHCJH,0.236,False,TotalCharges; tenure; is_month_to_month,Normal
4987-GQWPO,0.236,False,is_month_to_month; PhoneService_No; OnlineSecurity_No,Normal
0396-HUJBP,0.236,False,is_month_to_month; tenure; Contract_Month-to-month,Normal
6128-DAFVY,0.236,False,is_month_to_month; OnlineSecurity_No; TechSupport_No,Normal
2911-UREFD,0.236,False,is_month_to_month; PhoneService_No; PaymentMethod_Electronic check,Normal
6576-FBXOJ,0.236,False,PaymentMethod_Electronic check; Contract_One year; OnlineSecurity_No,Normal
8201-AAXCB,0.236,False,is_month_to_month; PaymentMethod_Electronic check; OnlineSecurity_No,Normal
0420-BWTPW,0.236,False,is_month_to_month; tenure; OnlineSecurity_No,Normal
1335-HQMKX,0.235,False,avg_monthly_spend; PaymentMethod_Electronic check; Contract_One year,Normal
1867-TJHTS,0.235,False,is_month_to_month; InternetService_Fiber optic; MonthlyCharges,Normal
7285-KLOTR,0.235,False,Contract_One year; PaymentMethod_Electronic check; MultipleLines_No,Normal
3679-XASPY,0.235,False,tenure; is_month_to_month; TotalCharges,Normal
6854-EXGSF,0.235,False,is_month_to_month; tenure; MultipleLines_No,Normal
5174-ITUMV,0.235,False,avg_monthly_spend; PaymentMethod_Electronic check; Contract_One year,Normal
8706-HRADD,0.234,False,is_month_to_month; PhoneService_No; MultipleLines_No,Normal
5201-FRKKS,0.234,False,is_month_to_month; InternetService_Fiber optic; Contract_Month-to-month,Normal
6281-FKEWS,0.234,False,OnlineSecurity_No; PaymentMethod_Electronic check; Contract_One year,Normal
6270-OMFIW,0.234,False,Contract_One year; PaymentMethod_Electronic check; OnlineSecurity_No,Normal
2782-JEEBU,0.234,False,is_month_to_month; PhoneService_No; MultipleLines_No,Normal
0887-WBJVH,0.233,False,Contract_One year; PaymentMethod_Electronic check; avg_monthly_spend,Normal
7716-YTYHG,0.233,False,avg_monthly_spend; OnlineSecurity_No; Contract_One year,Normal
0621-HJWXJ,0.233,False,is_month_to_month; OnlineSecurity_No; InternetService_Fiber optic,Normal
8920-NAVAY,0.233,False,avg_monthly_spend; OnlineSecurity_No; Contract_One year,Normal
7607-QKKTJ,0.233,False,MonthlyCharges; OnlineSecurity_No; Contract_One year,Normal
6728-VOIFY,0.233,False,MonthlyCharges; Contract_One year; OnlineSecurity_No,Normal
7402-PWYJJ,0.233,False,Contract_One year; avg_monthly_spend; PaymentMethod_Electronic check,Normal
0807-ZABDG,0.233,False,is_month_to_month; tenure; MonthlyCharges,Normal
9103-CXVOK,0.232,False,tenure; is_month_to_month; charge_delta,Normal
2000-MPKCA,0.232,False,avg_monthly_spend; PaymentMethod_Electronic check; Contract_One year,Normal
1074-AMIOH,0.232,False,MonthlyCharges; is_month_to_month; InternetService_Fiber optic,Normal
7410-KTVFV,0.231,False,is_month_to_month; OnlineSecurity_No; charge_delta,Normal
2433-KMEAS,0.231,False,is_month_to_month; TotalCharges; PaymentMethod_Electronic check,Normal
6620-JDYNW,0.231,False,is_month_to_month; TotalCharges; MultipleLines_No,Normal
4524-QCSSM,0.231,False,is_month_to_month; TotalCharges; PhoneService_No,Normal
5028-HTLJB,0.231,False,TotalCharges; tenure; is_month_to_month,Normal
6680-NENYN,0.231,False,OnlineSecurity_No; MonthlyCharges; PaymentMethod_Electronic check,Normal
6967-QIQRV,0.23,False,MonthlyCharges; Contract_One year; tenure,Normal
4501-VCPFK,0.23,False,is_month_to_month; PaymentMethod_Electronic check; OnlineSecurity_No,Normal
9154-QDGTH,0.23,False,avg_monthly_spend; MonthlyCharges; Contract_One year,Normal
1684-FLBGS,0.23,False,is_month_to_month; OnlineSecurity_No; MultipleLines_No,Normal
8444-WRIDW,0.229,False,is_month_to_month; SeniorCitizen; TotalCharges,Normal
0668-OGMHD,0.229,False,is_month_to_month; PaymentMethod_Electronic check; PhoneService_No,Normal
4767-HZZHQ,0.229,False,is_month_to_month; avg_monthly_spend; InternetService_Fiber optic,Normal
2408-TZMJL,0.229,False,charge_delta; PaymentMethod_Electronic check; avg_monthly_spend,Normal
2195-VVRJF,0.229,False,is_month_to_month; SeniorCitizen; TechSupport_No,Normal
8919-FYFQZ,0.229,False,is_month_to_month; SeniorCitizen; PaymentMethod_Electronic check,Normal
4291-HYEBC,0.229,False,SeniorCitizen; PaymentMethod_Electronic check; OnlineSecurity_No,Normal
4123-FCVCB,0.228,False,OnlineSecurity_No; Contract_One year; tenure,Normal
3723-BFBGR,0.228,False,is_month_to_month; SeniorCitizen; charge_delta,Normal
3780-DDGSE,0.228,False,is_month_to_month; PaymentMethod_Electronic check; OnlineSecurity_No,Normal
0811-GSDTP,0.228,False,is_month_to_month; PaymentMethod_Electronic check; OnlineSecurity_No,Normal
0314-TKOSI,0.228,False,is_month_to_month; tenure; TechSupport_No,Normal
1855-CFULU,0.228,False,is_month_to_month; tenure; SeniorCitizen,Normal
5919-VCZYM,0.228,False,is_month_to_month; tenure; Contract_Month-to-month,Normal
9835-ZIITK,0.228,False,avg_monthly_spend; OnlineSecurity_No; Contract_One year,Normal
0691-JVSYA,0.228,False,avg_monthly_spend; MonthlyCharges; charge_delta,Normal
3977-QCRSL,0.227,False,is_month_to_month; tenure; Contract_Month-to-month,Normal
5542-DHSXL,0.227,False,is_month_to_month; tenure; Partner_No,Normal
7550-WIQVA,0.227,False,MonthlyCharges; TotalCharges; PaymentMethod_Electronic check,Normal
1222-LRYKO,0.227,False,is_month_to_month; tenure; TotalCharges,Normal
8229-MYEJZ,0.227,False,is_month_to_month; OnlineSecurity_No; TechSupport_No,Normal
7722-CVFXN,0.227,False,avg_monthly_spend; Contract_One year; PaymentMethod_Electronic check,Normal
5073-WXOYN,0.227,False,is_month_to_month; PaymentMethod_Electronic check; OnlineSecurity_No,Normal
9873-MNDKV,0.227,False,is_month_to_month; OnlineSecurity_No; TechSupport_No,Normal
5311-IHLEI,0.226,False,is_month_to_month; charge_delta; tenure,Normal
2320-SLKMB,0.226,False,is_month_to_month; TotalCharges; OnlineSecurity_No,Normal
3982-DQLUS,0.226,False,is_month_to_month; PaymentMethod_Electronic check; avg_monthly_spend,Normal
2533-TIBIX,0.226,False,is_month_to_month; MultipleLines_No; tenure,Normal
0587-DMGBH,0.226,False,is_month_to_month; tenure; PaymentMethod_Electronic check,Normal
3714-JTVOV,0.226,False,is_month_to_month; InternetService_Fiber optic; SeniorCitizen,Normal
7905-NJMXS,0.226,False,is_month_to_month; tenure; MultipleLines_No,Normal
6773-LQTVT,0.226,False,is_month_to_month; SeniorCitizen; OnlineSecurity_No,Normal
9441-QHEVC,0.226,False,tenure; is_month_to_month; TotalCharges,Normal
8979-CAMGB,0.226,False,avg_monthly_spend; Contract_One year; OnlineSecurity_No,Normal
6231-WFGFH,0.225,False,is_month_to_month; tenure; charge_delta,Normal
3407-QGWLG,0.225,False,is_month_to_month; tenure; TotalCharges,Normal
4877-EVATK,0.225,False,tenure; TotalCharges; is_month_to_month,Normal
3030-ZKIWL,0.225,False,tenure; TotalCharges; is_month_to_month,Normal
5067-XJQFU,0.225,False,avg_monthly_spend; MonthlyCharges; PaymentMethod_Electronic check,Normal
7302-ZHMHP,0.225,False,tenure; is_month_to_month; TotalCharges,Normal
7698-YFGEZ,0.225,False,tenure; TotalCharges; is_month_to_month,Normal
9705-IOVQQ,0.224,False,MonthlyCharges; Contract_One year; PaymentMethod_Electronic check,Normal
7549-MYGPK,0.224,False,is_month_to_month; MonthlyCharges; avg_monthly_spend,Normal
8263-OKETD,0.224,False,is_month_to_month; charge_delta; OnlineSecurity_No,Normal
8945-MUQUF,0.224,False,avg_monthly_spend; charge_delta; MonthlyCharges,Normal
0673-IGUQO,0.224,False,tenure; is_month_to_month; TotalCharges,Normal
4945-RVMTE,0.224,False,is_month_to_month; OnlineSecurity_No; TechSupport_No,Normal
3900-AQPHZ,0.224,False,TotalCharges; tenure; is_month_to_month,Normal
2740-JFBOK,0.224,False,is_month_to_month; PaymentMethod_Electronic check; MultipleLines_No,Normal
2959-EEXWB,0.223,False,is_month_to_month; TechSupport_No; Contract_Month-to-month,Normal
5651-WYIPH,0.223,False,is_month_to_month; SeniorCitizen; OnlineSecurity_No,Normal
2898-LSJGD,0.223,False,TotalCharges; charge_delta; PaymentMethod_Electronic check,Normal
8329-GWVPJ,0.223,False,is_month_to_month; InternetService_Fiber optic; OnlineSecurity_No,Normal
9591-YVTEB,0.223,False,is_month_to_month; PaymentMethod_Electronic check; SeniorCitizen,Normal
8904-OPDCK,0.223,False,is_month_to_month; SeniorCitizen; OnlineSecurity_No,Normal
6734-CKRSM,0.223,False,is_month_to_month; TotalCharges; tenure,Normal
8974-OVACP,0.223,False,TotalCharges; tenure; is_month_to_month,Normal
4350-ZTLPI,0.222,False,MonthlyCharges; avg_monthly_spend; OnlineSecurity_No,Normal
5334-JLAXU,0.222,False,is_month_to_month; InternetService_Fiber optic; TechSupport_No,Normal
7096-UCLNH,0.222,False,tenure; TotalCharges; is_month_to_month,Normal
6141-OOXUQ,0.222,False,tenure; is_month_to_month; charge_delta,Normal
2065-MMKGR,0.222,False,OnlineSecurity_No; Contract_One year; TechSupport_No,Normal
3339-EAQNV,0.222,False,MonthlyCharges; avg_monthly_spend; OnlineSecurity_No,Normal
1020-JPQOW,0.222,False,is_month_to_month; PaymentMethod_Electronic check; InternetService_Fiber optic,Normal
7601-WFVZV,0.222,False,tenure; is_month_to_month; charge_delta,Normal
9489-UTFKA,0.222,False,is_month_to_month; tenure; TechSupport_No,Normal
6143-JQKEA,0.222,False,is_month_to_month; OnlineSecurity_No; tenure,Normal
8393-JMVMB,0.222,False,tenure; is_month_to_month; charge_delta,Normal
1066-JKSGK,0.221,False,TotalCharges; tenure; is_month_to_month,Normal
7957-RYHQD,0.221,False,is_month_to_month; InternetService_Fiber optic; avg_monthly_spend,Normal
3936-QQFLL,0.221,False,is_month_to_month; tenure; charge_delta,Normal
1591-MQJTP,0.221,False,avg_monthly_spend; Contract_One year; SeniorCitizen,Normal
8644-XYTSV,0.221,False,is_month_to_month; PhoneService_No; TechSupport_No,Normal
0909-SDHNU,0.221,False,is_month_to_month; tenure; PhoneService_No,Normal
8203-XJZRC,0.221,False,tenure; is_month_to_month; TotalCharges,Normal
5198-EFNBM,0.221,False,PaymentMethod_Electronic check; Contract_One year; OnlineSecurity_No,Normal
6380-ARCEH,0.221,False,tenure; TotalCharges; is_month_to_month,Normal
3589-PPVKW,0.221,False,is_month_to_month; OnlineSecurity_No; tenure,Normal
8812-ZRHFP,0.221,False,Contract_One year; avg_monthly_spend; OnlineSecurity_No,Normal
1698-XFZCI,0.221,False,avg_monthly_spend; PaymentMethod_Electronic check; Contract_One year,Normal
7926-IJOOU,0.22,False,tenure; is_month_to_month; TotalCharges,Normal
6345-HOVES,0.22,False,is_month_to_month; OnlineSecurity_No; charge_delta,Normal
8961-QDZZJ,0.22,False,MonthlyCharges; Contract_One year; OnlineSecurity_No,Normal
5686-CMAWK,0.22,False,PaymentMethod_Electronic check; Contract_One year; OnlineSecurity_No,Normal
3541-ZNUHK,0.22,False,is_month_to_month; avg_monthly_spend; PaymentMethod_Electronic check,Normal
4710-NKCAW,0.219,False,is_month_to_month; tenure; Contract_Month-to-month,Normal
5712-VBOXD,0.219,False,is_month_to_month; TotalCharges; tenure,Normal
4012-ZTHBR,0.219,False,is_month_to_month; PaymentMethod_Electronic check; charge_delta,Normal
7683-CBDKJ,0.219,False,is_month_to_month; PaymentMethod_Electronic check; charge_delta,Normal
1169-SAOCL,0.219,False,avg_monthly_spend; TotalCharges; MonthlyCharges,Normal
6344-SFJVH,0.218,False,is_month_to_month; PhoneService_No; OnlineSecurity_No,Normal
6211-WHMYA,0.218,False,is_month_to_month; PaymentMethod_Electronic check; PhoneService_No,Normal
3580-REOAC,0.218,False,is_month_to_month; OnlineSecurity_No; tenure,Normal
8963-JLGJT,0.218,False,is_month_to_month; tenure; TotalCharges,Normal
6377-KSLXC,0.218,False,is_month_to_month; tenure; charge_delta,Normal
9518-RWHZL,0.218,False,MonthlyCharges; avg_monthly_spend; Contract_One year,Normal
2995-UPRYS,0.218,False,MonthlyCharges; avg_monthly_spend; Contract_One year,Normal
4913-EHYUI,0.217,False,avg_monthly_spend; MonthlyCharges; charge_delta,Normal
9360-AHGNL,0.217,False,MonthlyCharges; avg_monthly_spend; Contract_One year,Normal
4672-FOTSD,0.217,False,is_month_to_month; PaymentMethod_Electronic check; MultipleLines_No,Normal
9426-SXNHE,0.217,False,is_month_to_month; tenure; TotalCharges,Normal
9881-VCZEP,0.216,False,is_month_to_month; OnlineSecurity_No; PaymentMethod_Electronic check,Normal
1641-BYBTK,0.216,False,is_month_to_month; tenure; Contract_Month-to-month,Normal
5067-DGXLL,0.216,False,is_month_to_month; tenure; TotalCharges,Normal
1015-OWJKI,0.216,False,tenure; is_month_to_month; TotalCharges,Normal
4925-LMHOK,0.216,False,is_month_to_month; OnlineSecurity_No; MultipleLines_No,Normal
7129-AZJDE,0.216,False,Contract_One year; OnlineSecurity_No; TechSupport_No,Normal
0103-CSITQ,0.216,False,MonthlyCharges; OnlineSecurity_No; TotalCharges,Normal
1089-HDMKP,0.216,False,is_month_to_month; PaymentMethod_Electronic check; SeniorCitizen,Normal
1976-AZZPJ,0.216,False,is_month_to_month; tenure; PhoneService_No,Normal
7016-BPGEU,0.215,False,is_month_to_month; charge_delta; TotalCharges,Normal
5708-EVONK,0.215,False,is_month_to_month; avg_monthly_spend; InternetService_Fiber optic,Normal
4869-EPIUS,0.215,False,Contract_One year; PaymentMethod_Electronic check; OnlineSecurity_No,Normal
2305-MRGLV,0.215,False,is_month_to_month; InternetService_Fiber optic; OnlineSecurity_No,Normal
8189-HBVRW,0.215,False,is_month_to_month; avg_monthly_spend; InternetService_Fiber optic,Normal
3528-HFRIQ,0.215,False,is_month_to_month; OnlineSecurity_No; SeniorCitizen,Normal
2308-STERM,0.215,False,is_month_to_month; TotalCharges; tenure,Normal
3701-SFMUH,0.215,False,is_month_to_month; tenure; TechSupport_No,Normal
7622-NXQZR,0.215,False,is_month_to_month; OnlineSecurity_No; PhoneService_No,Normal
7878-RTCZG,0.215,False,TotalCharges; tenure; is_month_to_month,Normal
0970-QXPXW,0.215,False,tenure; is_month_to_month; TotalCharges,Normal
6777-TGHTM,0.215,False,MonthlyCharges; Contract_One year; avg_monthly_spend,Normal
5527-ACHSO,0.215,False,is_month_to_month; charge_delta; OnlineSecurity_No,Normal
5766-ZJYBB,0.215,False,tenure; is_month_to_month; charge_delta,Normal
8715-KKTFG,0.215,False,avg_monthly_spend; MonthlyCharges; OnlineSecurity_No,Normal
0618-XWMSS,0.215,False,is_month_to_month; InternetService_Fiber optic; charge_delta,Normal
7750-EYXWZ,0.215,False,Contract_One year; OnlineSecurity_No; PaymentMethod_Electronic check,Normal
9342-VNIMQ,0.215,False,is_month_to_month; OnlineSecurity_No; TechSupport_No,Normal
8205-MQUGY,0.215,False,is_month_to_month; PaymentMethod_Electronic check; OnlineBackup_No,Normal
1135-LMECX,0.215,False,tenure; is_month_to_month; TotalCharges,Normal
2828-SLQPF,0.215,False,is_month_to_month; OnlineSecurity_No; TechSupport_No,Normal
0877-SDMBN,0.214,False,avg_monthly_spend; MonthlyCharges; Contract_One year,Normal
4892-VLANZ,0.214,False,tenure; is_month_to_month; charge_delta,Normal
7239-HZZCX,0.214,False,tenure; is_month_to_month; charge_delta,Normal
2616-UUTFK,0.214,False,is_month_to_month; TechSupport_No; TotalCharges,Normal
6286-SUUWT,0.214,False,tenure; TotalCharges; is_month_to_month,Normal
9396-ZSFLL,0.214,False,is_month_to_month; OnlineSecurity_No; OnlineBackup_No,Normal
3930-ZGWVE,0.214,False,tenure; is_month_to_month; charge_delta,Normal
4237-CLSMM,0.214,False,is_month_to_month; charge_delta; tenure,Normal
2153-MREFK,0.214,False,MonthlyCharges; avg_monthly_spend; Contract_One year,Normal
9828-QHFBK,0.214,False,is_month_to_month; PaymentMethod_Electronic check; TechSupport_No,Normal
4310-KEDTB,0.214,False,is_month_to_month; OnlineSecurity_No; TechSupport_No,Normal
5180-UCIIQ,0.214,False,is_month_to_month; SeniorCitizen; charge_delta,Normal
7243-LCGGZ,0.213,False,tenure; is_month_to_month; TotalCharges,Normal
9122-UMROB,0.213,False,tenure; is_month_to_month; TotalCharges,Normal
4211-MMAZN,0.213,False,tenure; is_month_to_month; TotalCharges,Normal
7434-SHXLS,0.213,False,tenure; is_month_to_month; TotalCharges,Normal
8749-CLJXC,0.213,False,tenure; TotalCharges; is_month_to_month,Normal
9975-SKRNR,0.213,False,tenure; is_month_to_month; TotalCharges,Normal
6569-KTMDU,0.213,False,tenure; is_month_to_month; TotalCharges,Normal
2810-FTLEM,0.213,False,is_month_to_month; PaymentMethod_Electronic check; PaperlessBilling_No,Normal
1732-FEKLD,0.213,False,avg_monthly_spend; charge_delta; MonthlyCharges,Normal
1663-MHLHE,0.212,False,tenure; is_month_to_month; TotalCharges,Normal
6394-HHHZM,0.212,False,is_month_to_month; TotalCharges; tenure,Normal
4360-QRAVE,0.212,False,is_month_to_month; SeniorCitizen; PhoneService_No,Normal
4013-GUXND,0.212,False,tenure; is_month_to_month; TotalCharges,Normal
3976-NLDEZ,0.212,False,tenure; is_month_to_month; TotalCharges,Normal
1104-FEJAM,0.212,False,is_month_to_month; charge_delta; OnlineSecurity_No,Normal
7551-JOHTI,0.212,False,tenure; is_month_to_month; TotalCharges,Normal
9254-RBFON,0.212,False,MonthlyCharges; avg_monthly_spend; Contract_One year,Normal
2866-IKBTM,0.212,False,tenure; is_month_to_month; TotalCharges,Normal
6473-ULUHT,0.212,False,is_month_to_month; avg_monthly_spend; MultipleLines_No,Normal
4393-RYCRE,0.212,False,MonthlyCharges; Contract_One year; avg_monthly_spend,Normal
2668-TZSPS,0.212,False,tenure; is_month_to_month; TotalCharges,Normal
3727-JEZTU,0.211,False,tenure; is_month_to_month; TotalCharges,Normal
0130-SXOUN,0.211,False,is_month_to_month; OnlineSecurity_No; InternetService_Fiber optic,Normal
3148-BLQJT,0.211,False,TotalCharges; tenure; is_month_to_month,Normal
3785-NRHYR,0.211,False,tenure; is_month_to_month; charge_delta,Normal
8410-BGQXN,0.211,False,is_month_to_month; tenure; TotalCharges,Normal
6050-IJRHS,0.211,False,avg_monthly_spend; PaymentMethod_Electronic check; Contract_One year,Normal
1029-QFBEN,0.211,False,tenure; is_month_to_month; charge_delta,Normal
7134-MJPDY,0.211,False,avg_monthly_spend; Contract_One year; OnlineSecurity_No,Normal
7853-GVUDZ,0.211,False,TotalCharges; tenure; is_month_to_month,Normal
6615-ZGEDR,0.211,False,tenure; is_month_to_month; charge_delta,Normal
1871-MOWRM,0.211,False,is_month_to_month; InternetService_Fiber optic; tenure,Normal
8739-QOTTN,0.21,False,is_month_to_month; tenure; TotalCharges,Normal
3590-TCXTB,0.21,False,tenure; is_month_to_month; TotalCharges,Normal
1153-GNOLC,0.21,False,PaymentMethod_Electronic check; OnlineSecurity_No; PhoneService_No,Normal
9818-XQCUV,0.21,False,is_month_to_month; tenure; Contract_Month-to-month,Normal
7694-VLBWQ,0.21,False,avg_monthly_spend; PaymentMethod_Electronic check; Contract_One year,Normal
0816-TSPHQ,0.21,False,is_month_to_month; tenure; Contract_Month-to-month,Normal
1110-KYLGQ,0.21,False,avg_monthly_spend; is_month_to_month; MonthlyCharges,Normal
6654-QGBZZ,0.21,False,TotalCharges; tenure; is_month_to_month,Normal
0137-UDEUO,0.21,False,TotalCharges; is_month_to_month; tenure,Normal
1934-SJVJK,0.21,False,TotalCharges; tenure; is_month_to_month,Normal
2676-ISHSF,0.21,False,tenure; is_month_to_month; TotalCharges,Normal
3313-QKNKB,0.21,False,avg_monthly_spend; Contract_One year; OnlineSecurity_No,Normal
1194-SPVSP,0.21,False,tenure; is_month_to_month; charge_delta,Normal
6579-JPICP,0.21,False,tenure; is_month_to_month; TotalCharges,Normal
6713-OKOMC,0.21,False,is_month_to_month; PhoneService_No; tenure,Normal
3170-GWYKC,0.209,False,is_month_to_month; avg_monthly_spend; charge_delta,Normal
9618-LFJRU,0.209,False,is_month_to_month; tenure; TotalCharges,Normal
1963-VAUKV,0.209,False,tenure; is_month_to_month; TotalCharges,Normal
3164-YAXFY,0.209,False,is_month_to_month; PaymentMethod_Electronic check; PhoneService_No,Normal
8791-GFXLZ,0.209,False,is_month_to_month; OnlineSecurity_No; TechSupport_No,Normal
0872-JCPIB,0.209,False,is_month_to_month; charge_delta; TotalCharges,Normal
7017-VFULY,0.209,False,is_month_to_month; tenure; charge_delta,Normal
4745-LSPLO,0.209,False,tenure; is_month_to_month; TotalCharges,Normal
8663-UPDGF,0.209,False,is_month_to_month; charge_delta; PaperlessBilling_No,Normal
1794-SWWKL,0.209,False,is_month_to_month; OnlineSecurity_No; tenure,Normal
5268-DSMNQ,0.209,False,MonthlyCharges; OnlineSecurity_No; avg_monthly_spend,Normal
3858-XHYJO,0.209,False,avg_monthly_spend; MonthlyCharges; charge_delta,Normal
1135-HIORI,0.208,False,OnlineSecurity_No; PaymentMethod_Electronic check; Contract_One year,Normal
2111-DWYHN,0.208,False,tenure; is_month_to_month; TotalCharges,Normal
4194-WHFCB,0.208,False,is_month_to_month; avg_monthly_spend; MonthlyCharges,Normal
9314-QDMDW,0.208,False,OnlineSecurity_No; Contract_One year; charge_delta,Normal
1958-RNRKS,0.208,False,is_month_to_month; PaymentMethod_Electronic check; OnlineSecurity_No,Normal
0215-BQKGS,0.208,False,is_month_to_month; TotalCharges; InternetService_Fiber optic,Normal
1170-SASML,0.208,False,is_month_to_month; avg_monthly_spend; OnlineSecurity_No,Normal
6776-TLWOI,0.208,False,is_month_to_month; TotalCharges; tenure,Normal
9367-OIUXP,0.208,False,is_month_to_month; tenure; TotalCharges,Normal
6633-SYEUS,0.207,False,is_month_to_month; InternetService_Fiber optic; avg_monthly_spend,Normal
1041-RXHRA,0.207,False,is_month_to_month; charge_delta; InternetService_Fiber optic,Normal
5287-QWLKY,0.207,False,avg_monthly_spend; is_month_to_month; InternetService_Fiber optic,Normal
5298-GSTLM,0.207,False,avg_monthly_spend; MonthlyCharges; Contract_One year,Normal
4177-JPDFU,0.207,False,is_month_to_month; OnlineSecurity_No; PhoneService_No,Normal
8091-TTVAX,0.207,False,MonthlyCharges; Contract_One year; OnlineSecurity_No,Normal
5843-TTHGI,0.207,False,is_month_to_month; charge_delta; OnlineSecurity_No,Normal
2709-UQGNP,0.207,False,is_month_to_month; tenure; TechSupport_No,Normal
7319-VENRZ,0.207,False,is_month_to_month; charge_delta; tenure,Normal
0699-NDKJM,0.206,False,is_month_to_month; PhoneService_No; TechSupport_No,Normal
0550-DCXLH,0.206,False,is_month_to_month; OnlineSecurity_No; tenure,Normal
7721-DVEKZ,0.206,False,tenure; is_month_to_month; TotalCharges,Normal
8976-OQHGT,0.206,False,is_month_to_month; tenure; OnlineSecurity_No,Normal
4701-AHWMW,0.206,False,is_month_to_month; charge_delta; OnlineSecurity_No,Normal
7968-QUXNS,0.206,False,is_month_to_month; charge_delta; tenure,Normal
1710-RCXUS,0.206,False,Contract_One year; avg_monthly_spend; OnlineSecurity_No,Normal
1349-WXNGG,0.206,False,tenure; TotalCharges; is_month_to_month,Normal
1352-VHKAJ,0.206,False,is_month_to_month; OnlineSecurity_No; MultipleLines_No,Normal
3156-QLHBO,0.206,False,is_month_to_month; tenure; Contract_Month-to-month,Normal
6124-ACRHJ,0.206,False,tenure; is_month_to_month; charge_delta,Normal
8329-IBCTI,0.206,False,tenure; is_month_to_month; TotalCharges,Normal
7611-YKYTC,0.206,False,is_month_to_month; InternetService_Fiber optic; TechSupport_No,Normal
3806-YAZOV,0.206,False,is_month_to_month; tenure; TotalCharges,Normal
8150-QUDFX,0.205,False,is_month_to_month; tenure; TotalCharges,Normal
6008-NAIXK,0.205,False,PaymentMethod_Electronic check; PhoneService_No; Contract_One year,Normal
9323-HGFWY,0.205,False,MonthlyCharges; avg_monthly_spend; Contract_One year,Normal
0365-TRTPY,0.205,False,is_month_to_month; avg_monthly_spend; charge_delta,Normal
0870-VEMYL,0.205,False,is_month_to_month; tenure; OnlineBackup_No,Normal
3920-HIHMQ,0.204,False,is_month_to_month; OnlineSecurity_No; TechSupport_No,Normal
9571-EDEBV,0.204,False,MonthlyCharges; Contract_One year; avg_monthly_spend,Normal
6743-HHQPF,0.204,False,is_month_to_month; TotalCharges; OnlineSecurity_No,Normal
8999-XXGNS,0.204,False,avg_monthly_spend; OnlineSecurity_No; Contract_One year,Normal
7188-CBBBA,0.204,False,PaymentMethod_Electronic check; avg_monthly_spend; OnlineSecurity_No,Normal
9821-BESNZ,0.204,False,avg_monthly_spend; Contract_One year; PaymentMethod_Electronic check,Normal
9753-OYLBX,0.204,False,tenure; is_month_to_month; TotalCharges,Normal
6890-PFRQX,0.204,False,is_month_to_month; TotalCharges; TechSupport_No,Normal
4958-GZWIY,0.204,False,is_month_to_month; tenure; OnlineSecurity_No,Normal
6686-YPGHK,0.204,False,is_month_to_month; SeniorCitizen; avg_monthly_spend,Normal
1625-JAIIY,0.204,False,avg_monthly_spend; PaymentMethod_Electronic check; Contract_One year,Normal
2346-DJQTB,0.204,False,is_month_to_month; charge_delta; PaymentMethod_Electronic check,Normal
6366-XIVKZ,0.204,False,is_month_to_month; charge_delta; TechSupport_No,Normal
2002-MZHWP,0.204,False,tenure; is_month_to_month; TotalCharges,Normal
5447-WZAFP,0.204,False,MonthlyCharges; Contract_One year; OnlineSecurity_No,Normal
8095-WANWK,0.204,False,is_month_to_month; OnlineSecurity_No; TechSupport_No,Normal
6778-JFCMK,0.204,False,Contract_One year; MultipleLines_No; PhoneService_No,Normal
2592-YKDIF,0.204,False,tenure; is_month_to_month; TotalCharges,Normal
1848-LBZHY,0.204,False,is_month_to_month; tenure; TechSupport_No,Normal
3247-MHJKM,0.203,False,tenure; TotalCharges; is_month_to_month,Normal
9700-ZCLOT,0.203,False,is_month_to_month; tenure; TotalCharges,Normal
0030-FNXPP,0.203,False,is_month_to_month; tenure; TotalCharges,Normal
8048-DSDFQ,0.203,False,tenure; TotalCharges; is_month_to_month,Normal
8495-PRWFH,0.203,False,is_month_to_month; OnlineSecurity_No; SeniorCitizen,Normal
4786-UKSNZ,0.203,False,tenure; TotalCharges; is_month_to_month,Normal
6959-GQEGV,0.203,False,is_month_to_month; PaymentMethod_Electronic check; TechSupport_No,Normal
5624-BQSSA,0.203,False,tenure; is_month_to_month; TotalCharges,Normal
3842-IYKUE,0.203,False,is_month_to_month; avg_monthly_spend; InternetService_Fiber optic,Normal
0440-MOGPM,0.202,False,Contract_One year; PaymentMethod_Electronic check; OnlineSecurity_No,Normal
7808-DVWEP,0.202,False,is_month_to_month; tenure; TotalCharges,Normal
0595-ITUDF,0.202,False,is_month_to_month; PaymentMethod_Electronic check; InternetService_Fiber optic,Normal
2839-RFSQE,0.202,False,is_month_to_month; tenure; charge_delta,Normal
8050-WYBND,0.202,False,OnlineSecurity_No; Contract_One year; TechSupport_No,Normal
9708-KFDBY,0.202,False,tenure; is_month_to_month; TotalCharges,Normal
5049-GLYVG,0.202,False,tenure; is_month_to_month; TotalCharges,Normal
9027-YFHQJ,0.202,False,is_month_to_month; tenure; MultipleLines_No,Normal
2272-JKMSI,0.202,False,PaymentMethod_Electronic check; OnlineSecurity_No; Contract_One year,Normal
4753-PADAS,0.202,False,avg_monthly_spend; MonthlyCharges; Contract_One year,Normal
0620-XEFWH,0.201,False,is_month_to_month; tenure; TotalCharges,Normal
1543-LLLFT,0.201,False,MonthlyCharges; avg_monthly_spend; OnlineSecurity_No,Normal
7395-XWZOY,0.201,False,is_month_to_month; TotalCharges; MultipleLines_No,Normal
0956-ACVZC,0.201,False,avg_monthly_spend; charge_delta; Contract_One year,Normal
2700-LUEVA,0.201,False,tenure; is_month_to_month; TotalCharges,Normal
0178-CIIKR,0.201,False,is_month_to_month; tenure; TotalCharges,Normal
0188-GWFLE,0.2,False,is_month_to_month; tenure; TotalCharges,Normal
8455-HIRAQ,0.2,False,is_month_to_month; OnlineSecurity_No; tenure,Normal
8053-WWDRO,0.2,False,is_month_to_month; tenure; Contract_Month-to-month,Normal
9327-QSDED,0.2,False,is_month_to_month; tenure; OnlineSecurity_No,Normal
3629-WEAAM,0.2,False,is_month_to_month; tenure; OnlineSecurity_No,Normal
6806-YDEUL,0.2,False,is_month_to_month; SeniorCitizen; tenure,Normal
3179-GBRWV,0.2,False,is_month_to_month; SeniorCitizen; TechSupport_No,Normal
5309-TAIKL,0.2,False,is_month_to_month; tenure; OnlineSecurity_No,Normal
5222-JCXZT,0.2,False,is_month_to_month; TotalCharges; tenure,Normal
4338-EYCER,0.199,False,is_month_to_month; TotalCharges; charge_delta,Normal
1905-OEILC,0.199,False,tenure; is_month_to_month; TotalCharges,Normal
4377-VDHYI,0.199,False,avg_monthly_spend; Contract_One year; PaymentMethod_Electronic check,Normal
7854-EDSSA,0.199,False,is_month_to_month; PaymentMethod_Electronic check; MultipleLines_No,Normal
5515-IDEJJ,0.199,False,TotalCharges; tenure; is_month_to_month,Normal
1051-GEJLJ,0.199,False,is_month_to_month; tenure; TotalCharges,Normal
0523-VNGTF,0.199,False,is_month_to_month; PaymentMethod_Electronic check; SeniorCitizen,Normal
8605-ITULD,0.199,False,tenure; is_month_to_month; TotalCharges,Normal
2654-VBVPB,0.199,False,tenure; TotalCharges; is_month_to_month,Normal
9844-FELAJ,0.199,False,avg_monthly_spend; PaymentMethod_Electronic check; Contract_One year,Normal
9795-VOWON,0.199,False,OnlineSecurity_No; tenure; MultipleLines_No,Normal
7089-XXAYG,0.199,False,OnlineSecurity_No; MultipleLines_No; TechSupport_No,Normal
8070-AAWZP,0.199,False,is_month_to_month; SeniorCitizen; MultipleLines_No,Normal
5186-EJEGL,0.199,False,is_month_to_month; tenure; Contract_Month-to-month,Normal
8878-RYUKI,0.199,False,is_month_to_month; PaymentMethod_Electronic check; OnlineSecurity_No,Normal
3870-MQAMG,0.198,False,avg_monthly_spend; MonthlyCharges; PaymentMethod_Electronic check,Normal
5876-HZVZM,0.198,False,is_month_to_month; tenure; TechSupport_No,Normal
2439-QKJUL,0.198,False,is_month_to_month; tenure; charge_delta,Normal
0733-VUNUW,0.198,False,is_month_to_month; MultipleLines_No; TechSupport_No,Normal
9163-GHAYE,0.198,False,is_month_to_month; OnlineSecurity_No; PaymentMethod_Electronic check,Normal
4140-WJAWW,0.198,False,is_month_to_month; tenure; charge_delta,Normal
0567-GGCAC,0.198,False,is_month_to_month; tenure; charge_delta,Normal
8166-ORCHU,0.198,False,charge_delta; avg_monthly_spend; Contract_One year,Normal
5469-CTCWN,0.198,False,avg_monthly_spend; MonthlyCharges; PaymentMethod_Electronic check,Normal
5481-NTDOH,0.198,False,avg_monthly_spend; MonthlyCharges; Contract_One year,Normal
2834-SPCJV,0.198,False,is_month_to_month; avg_monthly_spend; charge_delta,Normal
8148-BPLZQ,0.198,False,is_month_to_month; OnlineSecurity_No; PaymentMethod_Electronic check,Normal
6972-SNKKW,0.198,False,is_month_to_month; tenure; Contract_Month-to-month,Normal
3090-QFUVD,0.198,False,tenure; is_month_to_month; TotalCharges,Normal
1353-LJWEM,0.198,False,is_month_to_month; PaymentMethod_Electronic check; OnlineSecurity_No,Normal
1925-GMVBW,0.198,False,is_month_to_month; tenure; Contract_Month-to-month,Normal
3717-OFRTN,0.197,False,tenure; is_month_to_month; charge_delta,Normal
2220-IAHLS,0.197,False,tenure; is_month_to_month; TotalCharges,Normal
5827-MWCZK,0.197,False,is_month_to_month; charge_delta; MonthlyCharges,Normal
1732-VHUBQ,0.197,False,is_month_to_month; SeniorCitizen; InternetService_Fiber optic,Normal
7310-EGVHZ,0.197,False,tenure; is_month_to_month; TotalCharges,Normal
4184-VODJZ,0.197,False,Contract_One year; PaymentMethod_Electronic check; OnlineSecurity_No,Normal
5687-DKDTV,0.197,False,is_month_to_month; tenure; TotalCharges,Normal
4558-CGYCZ,0.197,False,is_month_to_month; tenure; TotalCharges,Normal
0369-ZGOVK,0.197,False,OnlineSecurity_No; Contract_One year; InternetService_Fiber optic,Normal
6345-ULYRW,0.197,False,SeniorCitizen; avg_monthly_spend; Contract_One year,Normal
0516-OOHAR,0.197,False,MonthlyCharges; avg_monthly_spend; Contract_One year,Normal
3803-KMQFW,0.197,False,tenure; TotalCharges; is_month_to_month,Normal
3604-WLABM,0.197,False,is_month_to_month; OnlineSecurity_No; PaymentMethod_Electronic check,Normal
2208-NQBCT,0.197,False,is_month_to_month; InternetService_Fiber optic; avg_monthly_spend,Normal
8409-WQJUX,0.197,False,PaymentMethod_Electronic check; OnlineSecurity_No; Contract_One year,Normal
6728-WYQBC,0.196,False,tenure; is_month_to_month; charge_delta,Normal
6575-SUVOI,0.196,False,is_month_to_month; SeniorCitizen; MultipleLines_No,Normal
7356-AYNJP,0.196,False,tenure; PaymentMethod_Electronic check; MultipleLines_No,Normal
6505-OZNPG,0.196,False,tenure; PhoneService_No; PaperlessBilling_No,Normal
0883-EIBTI,0.196,False,is_month_to_month; tenure; TotalCharges,Normal
9069-LGEUL,0.196,False,is_month_to_month; charge_delta; TechSupport_No,Normal
7109-MFBYV,0.196,False,is_month_to_month; OnlineSecurity_No; TechSupport_No,Normal
1984-FCOWB,0.196,False,avg_monthly_spend; MonthlyCharges; TotalCharges,Normal
8992-VONJD,0.196,False,is_month_to_month; PaymentMethod_Electronic check; TechSupport_No,Normal
5945-AZYHT,0.196,False,PaymentMethod_Electronic check; MonthlyCharges; Contract_One year,Normal
4646-QZXTF,0.196,False,is_month_to_month; tenure; avg_monthly_spend,Normal
0426-TIRNE,0.196,False,tenure; is_month_to_month; TotalCharges,Normal
5312-IRCFR,0.196,False,Contract_One year; PaymentMethod_Electronic check; OnlineSecurity_No,Normal
3763-GCZHZ,0.196,False,avg_monthly_spend; Contract_One year; MonthlyCharges,Normal
1448-CYWKC,0.196,False,avg_monthly_spend; MonthlyCharges; OnlineSecurity_No,Normal
2576-HXMPA,0.196,False,tenure; is_month_to_month; TotalCharges,Normal
9701-CDXHR,0.195,False,is_month_to_month; InternetService_Fiber optic; OnlineSecurity_No,Normal
4452-QIIEB,0.195,False,is_month_to_month; OnlineSecurity_No; tenure,Normal
9770-LXDBK,0.195,False,is_month_to_month; TotalCharges; tenure,Normal
4789-KWMXN,0.195,False,TotalCharges; MonthlyCharges; Contract_One year,Normal
8111-BKVDS,0.195,False,is_month_to_month; PhoneService_No; MultipleLines_No,Normal
7610-TVOPG,0.195,False,is_month_to_month; PaymentMethod_Electronic check; tenure,Normal
1796-JANOW,0.195,False,is_month_to_month; tenure; charge_delta,Normal
3886-CERTZ,0.195,False,avg_monthly_spend; charge_delta; MonthlyCharges,Normal
2229-VWQJH,0.195,False,is_month_to_month; OnlineSecurity_No; TechSupport_No,Normal
4138-NAXED,0.195,False,is_month_to_month; InternetService_Fiber optic; OnlineSecurity_No,Normal
4710-FDUIZ,0.194,False,MonthlyCharges; avg_monthly_spend; Contract_One year,Normal
3347-YJZZE,0.194,False,is_month_to_month; OnlineSecurity_No; Contract_Month-to-month,Normal
1755-RMCXH,0.194,False,is_month_to_month; tenure; charge_delta,Normal
8970-ANWXO,0.194,False,Contract_One year; OnlineSecurity_No; MultipleLines_No,Normal
0292-WEGCH,0.194,False,is_month_to_month; PaymentMethod_Electronic check; OnlineSecurity_No,Normal
4195-SMMNX,0.194,False,is_month_to_month; tenure; TotalCharges,Normal
4826-TZEVA,0.194,False,is_month_to_month; InternetService_Fiber optic; charge_delta,Normal
0719-SYFRB,0.194,False,is_month_to_month; TotalCharges; tenure,Normal
9974-JFBHQ,0.194,False,is_month_to_month; MonthlyCharges; InternetService_Fiber optic,Normal
4785-NKHCX,0.194,False,is_month_to_month; tenure; SeniorCitizen,Normal
5206-XZZQI,0.194,False,is_month_to_month; InternetService_Fiber optic; OnlineSecurity_No,Normal
0617-FHSGK,0.194,False,is_month_to_month; InternetService_Fiber optic; OnlineSecurity_No,Normal
4020-KIUDI,0.194,False,is_month_to_month; tenure; Contract_Month-to-month,Normal
8006-PYCSW,0.194,False,is_month_to_month; tenure; charge_delta,Normal
3199-NPKCN,0.193,False,PaymentMethod_Electronic check; Contract_One year; InternetService_Fiber optic,Normal
1360-RCYRT,0.193,False,is_month_to_month; OnlineSecurity_No; charge_delta,Normal
8992-OBVDG,0.193,False,is_month_to_month; OnlineSecurity_No; TechSupport_No,Normal
7234-KMNRQ,0.193,False,is_month_to_month; charge_delta; tenure,Normal
4939-KYYPY,0.193,False,is_month_to_month; PaymentMethod_Electronic check; OnlineSecurity_No,Normal
2758-RNWXS,0.193,False,avg_monthly_spend; Contract_One year; PaymentMethod_Electronic check,Normal
2342-CKIAO,0.193,False,is_month_to_month; tenure; Contract_Month-to-month,Normal
9142-KZXOP,0.193,False,is_month_to_month; InternetService_Fiber optic; OnlineSecurity_No,Normal
5133-VRSAB,0.193,False,is_month_to_month; tenure; PhoneService_No,Normal
6469-MRVET,0.193,False,TotalCharges; tenure; PaymentMethod_Electronic check,Normal
2252-JHJGE,0.193,False,avg_monthly_spend; PaymentMethod_Electronic check; MonthlyCharges,Normal
1596-OQSPS,0.193,False,is_month_to_month; OnlineSecurity_No; PaymentMethod_Electronic check,Normal
8198-RKSZG,0.193,False,is_month_to_month; TotalCharges; OnlineSecurity_No,Normal
4450-MDZFX,0.193,False,is_month_to_month; InternetService_Fiber optic; OnlineSecurity_No,Normal
0442-ZXKVS,0.192,False,avg_monthly_spend; MonthlyCharges; Contract_One year,Normal
4003-FUSHP,0.192,False,is_month_to_month; TotalCharges; OnlineSecurity_No,Normal
8967-SZQAS,0.192,False,is_month_to_month; OnlineSecurity_No; PaymentMethod_Electronic check,Normal
3927-NLNRY,0.192,False,OnlineSecurity_No; Contract_One year; avg_monthly_spend,Normal
8250-ZNGGW,0.192,False,is_month_to_month; tenure; SeniorCitizen,Normal
6839-ITVZJ,0.192,False,is_month_to_month; charge_delta; PaymentMethod_Electronic check,Normal
2091-MJTFX,0.192,False,is_month_to_month; charge_delta; OnlineSecurity_No,Normal
0820-FNRNX,0.192,False,is_month_to_month; TotalCharges; OnlineSecurity_No,Normal
6131-FOYAS,0.192,False,is_month_to_month; PaymentMethod_Electronic check; MultipleLines_No,Normal
9986-BONCE,0.192,False,is_month_to_month; tenure; Contract_Month-to-month,Normal
1134-YWTYF,0.192,False,is_month_to_month; PaymentMethod_Electronic check; OnlineSecurity_No,Normal
5366-OBVMR,0.191,False,is_month_to_month; OnlineSecurity_No; Contract_Month-to-month,Normal
3307-TLCUD,0.191,False,is_month_to_month; PhoneService_No; TechSupport_No,Normal
4397-FRLTA,0.191,False,is_month_to_month; tenure; Contract_Month-to-month,Normal
3030-YZADT,0.191,False,is_month_to_month; OnlineSecurity_No; tenure,Normal
5562-YJQGT,0.191,False,is_month_to_month; tenure; TotalCharges,Normal
2446-ZKVAF,0.191,False,is_month_to_month; OnlineSecurity_No; MultipleLines_No,Normal
9644-KVCNC,0.191,False,OnlineSecurity_No; avg_monthly_spend; Contract_One year,Normal
2542-HYGIQ,0.191,False,tenure; TotalCharges; is_month_to_month,Normal
1336-EZFZY,0.191,False,is_month_to_month; tenure; TotalCharges,Normal
4323-OHFOW,0.191,False,avg_monthly_spend; MonthlyCharges; Contract_One year,Normal
1707-HABPF,0.191,False,SeniorCitizen; OnlineSecurity_No; Contract_One year,Normal
6447-GORXK,0.191,False,is_month_to_month; OnlineSecurity_No; TechSupport_No,Normal
4456-RHSNB,0.19,False,is_month_to_month; OnlineSecurity_No; TechSupport_No,Normal
5850-BDWCY,0.19,False,is_month_to_month; tenure; Contract_Month-to-month,Normal
9099-FTUHS,0.19,False,is_month_to_month; PaymentMethod_Electronic check; charge_delta,Normal
9058-HRZSV,0.19,False,is_month_to_month; SeniorCitizen; avg_monthly_spend,Normal
8735-IJJEG,0.19,False,is_month_to_month; OnlineSecurity_No; TechSupport_No,Normal
3230-WYKIR,0.19,False,Contract_One year; OnlineSecurity_No; tenure,Normal
5651-CPDND,0.189,False,is_month_to_month; OnlineSecurity_No; TechSupport_No,Normal
0239-OXEXL,0.189,False,is_month_to_month; avg_monthly_spend; charge_delta,Normal
7502-BNYGS,0.189,False,is_month_to_month; OnlineSecurity_No; TechSupport_No,Normal
5569-IDSEY,0.189,False,avg_monthly_spend; Contract_One year; OnlineSecurity_No,Normal
3675-EQOZA,0.189,False,is_month_to_month; tenure; Contract_Month-to-month,Normal
4132-POCZS,0.189,False,is_month_to_month; PaymentMethod_Electronic check; charge_delta,Normal
7776-QGYJC,0.189,False,is_month_to_month; InternetService_Fiber optic; OnlineSecurity_No,Normal
1666-JZPZT,0.189,False,is_month_to_month; OnlineSecurity_No; TechSupport_No,Normal
4800-CZMPC,0.188,False,avg_monthly_spend; MonthlyCharges; charge_delta,Normal
8562-GHPPI,0.188,False,tenure; is_month_to_month; charge_delta,Normal
3724-UCSHY,0.188,False,is_month_to_month; tenure; Contract_Month-to-month,Normal
0187-WZNAB,0.188,False,is_month_to_month; InternetService_Fiber optic; Contract_Month-to-month,Normal
0701-TJSEF,0.188,False,is_month_to_month; tenure; Contract_Month-to-month,Normal
3733-ZEECP,0.188,False,is_month_to_month; OnlineSecurity_No; PaymentMethod_Electronic check,Normal
7175-NTIXE,0.188,False,is_month_to_month; gender_Female; Contract_Month-to-month,Normal
0247-SLUJI,0.187,False,tenure; is_month_to_month; charge_delta,Normal
3521-MNKLV,0.187,False,is_month_to_month; TotalCharges; charge_delta,Normal
3363-EWLGO,0.187,False,is_month_to_month; tenure; Contract_Month-to-month,Normal
0927-CNGRH,0.187,False,tenure; is_month_to_month; charge_delta,Normal
2207-OBZNX,0.187,False,is_month_to_month; charge_delta; tenure,Normal
2108-GLPQB,0.187,False,is_month_to_month; OnlineSecurity_No; TechSupport_No,Normal
6849-WLEYG,0.187,False,tenure; is_month_to_month; charge_delta,Normal
6647-ZEDXT,0.187,False,OnlineSecurity_No; Contract_One year; MonthlyCharges,Normal
4274-DRSQT,0.187,False,OnlineSecurity_No; Contract_One year; avg_monthly_spend,Normal
3890-RTCMS,0.187,False,is_month_to_month; OnlineSecurity_No; tenure,Normal
3413-CSSTH,0.187,False,is_month_to_month; OnlineSecurity_No; TechSupport_No,Normal
6137-MFAJN,0.187,False,is_month_to_month; PaymentMethod_Electronic check; PhoneService_No,Normal
2259-OUUSZ,0.187,False,tenure; OnlineSecurity_No; MultipleLines_No,Normal
6621-YOBKI,0.187,False,is_month_to_month; tenure; Contract_Month-to-month,Normal
2673-CXQEU,0.186,False,charge_delta; SeniorCitizen; PaymentMethod_Electronic check,Normal
2159-TURXX,0.186,False,is_month_to_month; tenure; charge_delta,Normal
9079-LWTFD,0.186,False,is_month_to_month; avg_monthly_spend; InternetService_Fiber optic,Normal
2716-GFZOR,0.186,False,is_month_to_month; avg_monthly_spend; InternetService_Fiber optic,Normal
3154-CFSZG,0.186,False,is_month_to_month; avg_monthly_spend; InternetService_Fiber optic,Normal
5780-INQIK,0.186,False,is_month_to_month; tenure; OnlineSecurity_No,Normal
4903-UYAVB,0.186,False,is_month_to_month; tenure; Contract_Month-to-month,Normal
8433-WPJTV,0.186,False,avg_monthly_spend; MonthlyCharges; Contract_One year,Normal
8049-WJCLQ,0.186,False,is_month_to_month; OnlineSecurity_No; TechSupport_No,Normal
2087-QAREY,0.186,False,is_month_to_month; TotalCharges; PaperlessBilling_No,Normal
6425-YQLLO,0.186,False,avg_monthly_spend; MonthlyCharges; Contract_One year,Normal
7787-BNTZM,0.185,False,is_month_to_month; tenure; charge_delta,Normal
6791-YBNAK,0.185,False,is_month_to_month; TechSupport_No; OnlineSecurity_No,Normal
3466-BYAVD,0.185,False,is_month_to_month; TotalCharges; OnlineSecurity_No,Normal
4676-MQUEA,0.185,False,avg_monthly_spend; MonthlyCharges; MultipleLines_No,Normal
2928-HLDBA,0.185,False,is_month_to_month; tenure; Contract_Month-to-month,Normal
5811-IWXYM,0.185,False,avg_monthly_spend; MonthlyCharges; OnlineSecurity_No,Normal
7989-AWGEH,0.185,False,is_month_to_month; PaymentMethod_Electronic check; PhoneService_No,Normal
5760-WRAHC,0.185,False,is_month_to_month; SeniorCitizen; Contract_Month-to-month,Normal
5074-FBGHB,0.185,False,avg_monthly_spend; OnlineSecurity_No; MonthlyCharges,Normal
2750-BJLSB,0.185,False,avg_monthly_spend; Contract_One year; PaymentMethod_Electronic check,Normal
3190-XFANI,0.185,False,avg_monthly_spend; MonthlyCharges; OnlineSecurity_No,Normal
9659-ZTWSM,0.184,False,avg_monthly_spend; Contract_One year; OnlineSecurity_No,Normal
9138-EFSMO,0.184,False,charge_delta; Contract_One year; OnlineSecurity_No,Normal
7409-JURKQ,0.184,False,avg_monthly_spend; MonthlyCharges; OnlineSecurity_No,Normal
1179-INLAT,0.184,False,TotalCharges; tenure; Contract_One year,Normal
3794-NFNCH,0.184,False,is_month_to_month; OnlineSecurity_No; TechSupport_No,Normal
0895-LMRSF,0.183,False,OnlineSecurity_No; Contract_One year; TechSupport_No,Normal
7629-WIXZF,0.183,False,tenure; PaymentMethod_Electronic check; Contract_One year,Normal
2410-CIYFZ,0.183,False,is_month_to_month; tenure; Contract_Month-to-month,Normal
9962-BFPDU,0.183,False,TotalCharges; tenure; is_month_to_month,Normal
1113-IUJYX,0.183,False,MonthlyCharges; avg_monthly_spend; Contract_One year,Normal
0278-YXOOG,0.183,False,is_month_to_month; tenure; charge_delta,Normal
5734-EJKXG,0.183,False,avg_monthly_spend; PaymentMethod_Electronic check; Contract_One year,Normal
4760-XOHVN,0.183,False,tenure; is_month_to_month; TotalCharges,Normal
5140-FOMCQ,0.183,False,MonthlyCharges; Contract_One year; TechSupport_No,Normal
4673-KKSLS,0.183,False,is_month_to_month; avg_monthly_spend; InternetService_Fiber optic,Normal
2692-AQCPF,0.182,False,avg_monthly_spend; Contract_One year; OnlineSecurity_No,Normal
9139-WQQDY,0.182,False,avg_monthly_spend; MonthlyCharges; OnlineSecurity_No,Normal
8930-XOTDP,0.182,False,is_month_to_month; TotalCharges; OnlineSecurity_No,Normal
7746-AWNQW,0.182,False,is_month_to_month; OnlineSecurity_No; PhoneService_No,Normal
3373-YZZYM,0.182,False,tenure; is_month_to_month; TotalCharges,Normal
1768-HNVGJ,0.182,False,is_month_to_month; SeniorCitizen; PaymentMethod_Electronic check,Normal
0409-WTMPL,0.182,False,Contract_One year; TechSupport_No; MultipleLines_No,Normal
2946-KIQSP,0.182,False,is_month_to_month; TotalCharges; OnlineSecurity_No,Normal
2458-EOMRE,0.182,False,is_month_to_month; Contract_Month-to-month; TechSupport_No,Normal
3566-VVORZ,0.182,False,is_month_to_month; OnlineSecurity_No; OnlineBackup_No,Normal
4827-USJHP,0.182,False,is_month_to_month; charge_delta; OnlineSecurity_No,Normal
4908-XAXAY,0.181,False,Contract_One year; OnlineSecurity_No; SeniorCitizen,Normal
4083-BFNYK,0.181,False,avg_monthly_spend; SeniorCitizen; MonthlyCharges,Normal
7989-VCQOH,0.181,False,is_month_to_month; avg_monthly_spend; PaymentMethod_Electronic check,Normal
5593-SUAOO,0.181,False,avg_monthly_spend; OnlineSecurity_No; Contract_One year,Normal
2957-JIRMN,0.181,False,PaymentMethod_Electronic check; SeniorCitizen; Contract_One year,Normal
0799-DDIHE,0.181,False,is_month_to_month; OnlineSecurity_No; PaymentMethod_Electronic check,Normal
7241-AJHFS,0.181,False,is_month_to_month; InternetService_Fiber optic; avg_monthly_spend,Normal
6261-LHRTG,0.181,False,is_month_to_month; charge_delta; OnlineSecurity_No,Normal
1345-GKDZZ,0.18,False,is_month_to_month; tenure; TotalCharges,Normal
8033-ATFAS,0.18,False,is_month_to_month; TotalCharges; OnlineSecurity_No,Normal
7544-ZVIKX,0.18,False,avg_monthly_spend; MonthlyCharges; Contract_One year,Normal
5951-AOFIH,0.18,False,is_month_to_month; OnlineSecurity_No; TechSupport_No,Normal
7016-NVRIC,0.18,False,avg_monthly_spend; Contract_One year; SeniorCitizen,Normal
9972-VAFJJ,0.18,False,PaymentMethod_Electronic check; charge_delta; Contract_One year,Normal
6421-SZVEM,0.18,False,avg_monthly_spend; charge_delta; TotalCharges,Normal
6490-FGZAT,0.18,False,is_month_to_month; tenure; Contract_Month-to-month,Normal
4415-WNGVR,0.18,False,Contract_One year; charge_delta; SeniorCitizen,Normal
7025-IWFHT,0.179,False,Contract_One year; PaymentMethod_Electronic check; OnlineSecurity_No,Normal
9831-BPFRI,0.179,False,avg_monthly_spend; PaymentMethod_Electronic check; Contract_One year,Normal
5701-ZIKJE,0.179,False,is_month_to_month; OnlineSecurity_No; OnlineBackup_No,Normal
4016-BJKTZ,0.179,False,MonthlyCharges; avg_monthly_spend; PaymentMethod_Electronic check,Normal
3865-ZYKAD,0.179,False,is_month_to_month; charge_delta; avg_monthly_spend,Normal
0549-CYCQN,0.179,False,SeniorCitizen; OnlineSecurity_No; MonthlyCharges,Normal
2659-VXMWZ,0.179,False,PaymentMethod_Electronic check; Contract_One year; InternetService_Fiber optic,Normal
6733-LRIZX,0.179,False,MonthlyCharges; avg_monthly_spend; PaymentMethod_Electronic check,Normal
5510-BOIUJ,0.179,False,tenure; is_month_to_month; charge_delta,Normal
1142-IHLOO,0.179,False,Contract_One year; avg_monthly_spend; OnlineSecurity_No,Normal
7521-YXVZY,0.179,False,is_month_to_month; TotalCharges; tenure,Normal
2843-CQMEG,0.179,False,is_month_to_month; OnlineSecurity_No; TechSupport_No,Normal
7824-PANSQ,0.178,False,is_month_to_month; avg_monthly_spend; OnlineSecurity_No,Normal
4455-BFSPD,0.178,False,avg_monthly_spend; MonthlyCharges; charge_delta,Normal
2812-SFXMJ,0.178,False,tenure; TotalCharges; is_month_to_month,Normal
4923-ADWXJ,0.178,False,is_month_to_month; charge_delta; OnlineSecurity_No,Normal
5445-GLVOT,0.177,False,is_month_to_month; PaymentMethod_Electronic check; charge_delta,Normal
2604-XVDAM,0.177,False,is_month_to_month; charge_delta; OnlineSecurity_No,Normal
8404-VLQFB,0.177,False,is_month_to_month; PaymentMethod_Electronic check; tenure,Normal
1697-NVVGY,0.177,False,is_month_to_month; SeniorCitizen; TechSupport_No,Normal
8205-OTCHB,0.177,False,OnlineSecurity_No; Contract_One year; MultipleLines_No,Normal
1309-XGFSN,0.177,False,Contract_One year; PaymentMethod_Electronic check; SeniorCitizen,Normal
4868-AADLV,0.177,False,avg_monthly_spend; MonthlyCharges; Contract_One year,Normal
3097-IDVPU,0.177,False,is_month_to_month; OnlineSecurity_No; TechSupport_No,Normal
0330-BGYZE,0.177,False,avg_monthly_spend; MonthlyCharges; Contract_One year,Normal
3402-XRIUO,0.176,False,is_month_to_month; SeniorCitizen; charge_delta,Normal
4701-MLJPN,0.176,False,is_month_to_month; charge_delta; PaymentMethod_Electronic check,Normal
0440-QEXBZ,0.176,False,is_month_to_month; OnlineSecurity_No; TechSupport_No,Normal
5533-RJFTJ,0.176,False,is_month_to_month; charge_delta; OnlineSecurity_No,Normal
9565-JSNFM,0.176,False,OnlineSecurity_No; Contract_One year; InternetService_Fiber optic,Normal
5740-YHGTW,0.176,False,is_month_to_month; MonthlyCharges; avg_monthly_spend,Normal
0048-LUMLS,0.176,False,Contract_One year; avg_monthly_spend; OnlineSecurity_No,Normal
5315-CKEQK,0.176,False,PaymentMethod_Electronic check; SeniorCitizen; OnlineSecurity_No,Normal
6797-UCJHZ,0.176,False,avg_monthly_spend; SeniorCitizen; Contract_One year,Normal
2155-AMQRX,0.176,False,is_month_to_month; OnlineSecurity_No; Contract_Month-to-month,Normal
0487-RPVUM,0.175,False,is_month_to_month; MonthlyCharges; InternetService_Fiber optic,Normal
9578-FOMUK,0.175,False,is_month_to_month; PaymentMethod_Electronic check; MultipleLines_No,Normal
5473-KHBPS,0.175,False,avg_monthly_spend; MonthlyCharges; OnlineSecurity_No,Normal
3506-LCJDC,0.175,False,tenure; TotalCharges; is_month_to_month,Normal
5996-NRVXR,0.175,False,avg_monthly_spend; MonthlyCharges; Contract_One year,Normal
0423-UDIJQ,0.175,False,is_month_to_month; SeniorCitizen; tenure,Normal
1840-BIUOG,0.175,False,PaymentMethod_Electronic check; OnlineSecurity_No; Contract_One year,Normal
4431-EDMIQ,0.175,False,is_month_to_month; tenure; PaymentMethod_Electronic check,Normal
3786-WOVKF,0.175,False,avg_monthly_spend; Contract_One year; MonthlyCharges,Normal
4187-CINZD,0.175,False,MonthlyCharges; SeniorCitizen; Contract_One year,Normal
1699-HPSBG,0.175,False,PaymentMethod_Electronic check; OnlineSecurity_No; tenure,Normal
4719-UMSIY,0.174,False,is_month_to_month; tenure; Contract_Month-to-month,Normal
3472-OAOOR,0.174,False,is_month_to_month; PhoneService_No; TechSupport_No,Normal
8901-HJXTF,0.174,False,is_month_to_month; PhoneService_No; TotalCharges,Normal
6402-SSEJG,0.174,False,PaymentMethod_Electronic check; Contract_One year; PhoneService_No,Normal
6898-MDLZW,0.174,False,is_month_to_month; OnlineSecurity_No; tenure,Normal
5198-HQAEN,0.174,False,Contract_One year; PaymentMethod_Electronic check; avg_monthly_spend,Normal
9970-QBCDA,0.174,False,is_month_to_month; tenure; Contract_Month-to-month,Normal
0447-BEMNG,0.174,False,is_month_to_month; charge_delta; PhoneService_No,Normal
3736-BLEPA,0.174,False,TotalCharges; Contract_One year; OnlineSecurity_No,Normal
7054-ENNGU,0.174,False,is_month_to_month; OnlineSecurity_No; tenure,Normal
7623-HKYRK,0.174,False,is_month_to_month; tenure; charge_delta,Normal
9402-CXWPL,0.174,False,MonthlyCharges; Contract_One year; PaymentMethod_Electronic check,Normal
6723-WSNTY,0.174,False,avg_monthly_spend; OnlineSecurity_No; Contract_One year,Normal
4692-NNQRU,0.173,False,Contract_One year; PaymentMethod_Electronic check; OnlineSecurity_No,Normal
1986-PHGZF,0.173,False,is_month_to_month; SeniorCitizen; TechSupport_No,Normal
1465-WCZVT,0.173,False,is_month_to_month; TotalCharges; tenure,Normal
4608-LCIMN,0.173,False,is_month_to_month; OnlineSecurity_No; tenure,Normal
1257-SXUXQ,0.173,False,is_month_to_month; tenure; Contract_Month-to-month,Normal
7446-YPODE,0.173,False,is_month_to_month; charge_delta; SeniorCitizen,Normal
5151-HQRDG,0.173,False,is_month_to_month; charge_delta; TechSupport_No,Normal
2486-WYVVE,0.172,False,Contract_One year; OnlineSecurity_No; charge_delta,Normal
6227-FBDXH,0.172,False,MonthlyCharges; avg_monthly_spend; Contract_One year,Normal
8849-PRIQJ,0.172,False,PaymentMethod_Electronic check; avg_monthly_spend; MonthlyCharges,Normal
1324-NLTJE,0.172,False,is_month_to_month; SeniorCitizen; OnlineSecurity_No,Normal
7964-ZRKKG,0.172,False,avg_monthly_spend; OnlineSecurity_No; Contract_One year,Normal
3709-OIJEA,0.171,False,PaymentMethod_Electronic check; Contract_One year; avg_monthly_spend,Normal
7036-ZZKBD,0.171,False,is_month_to_month; OnlineSecurity_No; Contract_Month-to-month,Normal
6341-AEVKX,0.171,False,avg_monthly_spend; PaymentMethod_Electronic check; Contract_One year,Normal
6097-EQISJ,0.171,False,avg_monthly_spend; MonthlyCharges; Contract_One year,Normal
1518-OMDIK,0.171,False,is_month_to_month; OnlineSecurity_No; TechSupport_No,Normal
8375-KVTHK,0.171,False,MonthlyCharges; Contract_One year; PaymentMethod_Electronic check,Normal
3316-UWXUY,0.171,False,is_month_to_month; avg_monthly_spend; InternetService_Fiber optic,Normal
7130-CTCUS,0.171,False,is_month_to_month; SeniorCitizen; TechSupport_No,Normal
7764-BDPEE,0.171,False,is_month_to_month; TotalCharges; tenure,Normal
6849-OYAMU,0.171,False,MonthlyCharges; avg_monthly_spend; Contract_One year,Normal
1297-VQDRP,0.171,False,MonthlyCharges; avg_monthly_spend; OnlineSecurity_No,Normal
9575-IWCAZ,0.171,False,tenure; Contract_One year; TotalCharges,Normal
2270-CHBFN,0.17,False,is_month_to_month; avg_monthly_spend; InternetService_Fiber optic,Normal
7663-ZTEGJ,0.17,False,MonthlyCharges; Contract_One year; OnlineSecurity_No,Normal
1410-RSCMR,0.17,False,is_month_to_month; tenure; Contract_Month-to-month,Normal
1502-XFCVR,0.17,False,avg_monthly_spend; MonthlyCharges; TotalCharges,Normal
6563-VNPMN,0.17,False,is_month_to_month; SeniorCitizen; InternetService_Fiber optic,Normal
8003-EWNDZ,0.17,False,is_month_to_month; PaymentMethod_Electronic check; tenure,Normal
5624-RYAMH,0.17,False,is_month_to_month; tenure; PaymentMethod_Electronic check,Normal
3126-WQMGH,0.17,False,is_month_to_month; OnlineSecurity_No; TechSupport_No,Normal
2359-QWQUL,0.169,False,avg_monthly_spend; MonthlyCharges; charge_delta,Normal
8082-GHXOP,0.169,False,is_month_to_month; OnlineSecurity_No; TechSupport_No,Normal
2294-DMMUS,0.169,False,is_month_to_month; OnlineSecurity_No; TechSupport_No,Normal
4291-HPAXL,0.169,False,tenure; is_month_to_month; charge_delta,Normal
9494-BDNNC,0.169,False,PaymentMethod_Electronic check; charge_delta; Contract_One year,Normal
8847-GEOOQ,0.168,False,is_month_to_month; charge_delta; PhoneService_No,Normal
9978-HYCIN,0.168,False,avg_monthly_spend; OnlineSecurity_No; Contract_One year,Normal
9033-EOXWV,0.168,False,OnlineSecurity_No; Contract_One year; tenure,Normal
5018-HEKFO,0.168,False,is_month_to_month; MultipleLines_No; tenure,Normal
3086-RUCRN,0.168,False,is_month_to_month; avg_monthly_spend; MonthlyCharges,Normal
5376-PCKNB,0.168,False,avg_monthly_spend; Contract_One year; charge_delta,Normal
4712-AUQZO,0.168,False,is_month_to_month; PhoneService_No; TechSupport_No,Normal
5197-PYEPU,0.168,False,avg_monthly_spend; charge_delta; MonthlyCharges,Normal
4486-EFAEB,0.167,False,is_month_to_month; charge_delta; PaymentMethod_Electronic check,Normal
7785-RDVIG,0.167,False,is_month_to_month; tenure; TotalCharges,Normal
7868-BGSZA,0.167,False,avg_monthly_spend; Contract_One year; PaymentMethod_Electronic check,Normal
3645-DEYGF,0.167,False,tenure; is_month_to_month; TotalCharges,Normal
6769-DCQLI,0.167,False,charge_delta; avg_monthly_spend; MonthlyCharges,Normal
6574-MCOEH,0.167,False,Contract_One year; PaymentMethod_Electronic check; OnlineSecurity_No,Normal
8292-TYSPY,0.167,False,is_month_to_month; charge_delta; TotalCharges,Normal
2851-STERV,0.167,False,Contract_One year; TotalCharges; PaymentMethod_Electronic check,Normal
7123-WQUHX,0.167,False,avg_monthly_spend; MonthlyCharges; charge_delta,Normal
7789-CRUVC,0.167,False,is_month_to_month; InternetService_Fiber optic; MultipleLines_No,Normal
0639-TSIQW,0.167,False,is_month_to_month; avg_monthly_spend; MonthlyCharges,Normal
5285-MVEHD,0.166,False,avg_monthly_spend; MonthlyCharges; TotalCharges,Normal
6164-HXUGH,0.166,False,is_month_to_month; charge_delta; tenure,Normal
5678-VFNEQ,0.166,False,avg_monthly_spend; MonthlyCharges; Contract_One year,Normal
9763-GRSKD,0.166,False,is_month_to_month; TechSupport_No; OnlineBackup_No,Normal
5730-RIITO,0.166,False,is_month_to_month; SeniorCitizen; PhoneService_No,Normal
6907-CQGPN,0.166,False,is_month_to_month; PaymentMethod_Electronic check; PhoneService_No,Normal
1545-ACTAS,0.166,False,MonthlyCharges; avg_monthly_spend; Contract_One year,Normal
4402-FTBXC,0.166,False,is_month_to_month; InternetService_Fiber optic; avg_monthly_spend,Normal
5766-XQXMQ,0.166,False,is_month_to_month; PaperlessBilling_No; TechSupport_No,Normal
4726-DLWQN,0.166,False,is_month_to_month; SeniorCitizen; charge_delta,Normal
6476-YHMGA,0.165,False,is_month_to_month; TotalCharges; OnlineSecurity_No,Normal
3077-RSNTJ,0.165,False,is_month_to_month; charge_delta; tenure,Normal
1685-VAYJF,0.165,False,is_month_to_month; charge_delta; OnlineSecurity_No,Normal
2284-VFLKH,0.165,False,MonthlyCharges; avg_monthly_spend; Contract_One year,Normal
6483-OATDN,0.165,False,is_month_to_month; tenure; TechSupport_No,Normal
0708-SJDIS,0.165,False,is_month_to_month; OnlineSecurity_No; gender_Female,Normal
1409-PHXTF,0.164,False,PaymentMethod_Electronic check; MonthlyCharges; InternetService_Fiber optic,Normal
7219-TLZHO,0.164,False,is_month_to_month; TotalCharges; tenure,Normal
1810-BOHSY,0.164,False,MonthlyCharges; avg_monthly_spend; Contract_One year,Normal
8735-DCXNF,0.164,False,is_month_to_month; tenure; Contract_Month-to-month,Normal
5150-LJNSR,0.164,False,MonthlyCharges; avg_monthly_spend; Contract_One year,Normal
6383-ZTSIW,0.164,False,MonthlyCharges; avg_monthly_spend; SeniorCitizen,Normal
0786-IVLAW,0.164,False,OnlineSecurity_No; Contract_One year; SeniorCitizen,Normal
2560-PPCHE,0.164,False,avg_monthly_spend; Contract_One year; OnlineSecurity_No,Normal
5343-SGUBI,0.164,False,avg_monthly_spend; OnlineSecurity_No; MonthlyCharges,Normal
0961-ZWLVI,0.163,False,TotalCharges; avg_monthly_spend; MonthlyCharges,Normal
5985-BEHZK,0.163,False,avg_monthly_spend; Contract_One year; OnlineSecurity_No,Normal
9839-ETQOE,0.163,False,is_month_to_month; PaymentMethod_Electronic check; PhoneService_No,Normal
2796-UUZZO,0.163,False,is_month_to_month; OnlineSecurity_No; InternetService_Fiber optic,Normal
7776-QWNFX,0.163,False,is_month_to_month; SeniorCitizen; OnlineSecurity_No,Normal
7797-EJMDP,0.162,False,is_month_to_month; tenure; gender_Female,Normal
3570-YUEKJ,0.162,False,is_month_to_month; OnlineSecurity_No; PaymentMethod_Electronic check,Normal
9929-PLVPA,0.162,False,is_month_to_month; tenure; Contract_Month-to-month,Normal
1304-SEGFY,0.162,False,PaymentMethod_Electronic check; MonthlyCharges; OnlineSecurity_No,Normal
6158-DWPZT,0.162,False,OnlineSecurity_No; charge_delta; tenure,Normal
0953-LGOVU,0.162,False,is_month_to_month; OnlineSecurity_No; PhoneService_No,Normal
9074-KGVOX,0.162,False,is_month_to_month; TechSupport_No; MultipleLines_No,Normal
3639-XJHKQ,0.162,False,is_month_to_month; PaymentMethod_Electronic check; gender_Female,Normal
2186-QZEYA,0.162,False,is_month_to_month; SeniorCitizen; TechSupport_No,Normal
0156-FVPTA,0.161,False,is_month_to_month; TotalCharges; PaymentMethod_Electronic check,Normal
0031-PVLZI,0.161,False,is_month_to_month; TotalCharges; tenure,Normal
7639-SUPCW,0.161,False,is_month_to_month; charge_delta; TotalCharges,Normal
6738-ISCBM,0.161,False,PaymentMethod_Electronic check; Contract_One year; PhoneService_No,Normal
9036-CSKBW,0.161,False,MonthlyCharges; Contract_One year; MultipleLines_No,Normal
0723-VSOBE,0.161,False,OnlineSecurity_No; Contract_One year; SeniorCitizen,Normal
5174-RNGBH,0.161,False,is_month_to_month; tenure; OnlineSecurity_No,Normal
4324-BZCKL,0.161,False,is_month_to_month; charge_delta; OnlineSecurity_No,Normal
6303-KFWSL,0.161,False,OnlineSecurity_No; PaymentMethod_Electronic check; Contract_One year,Normal
8734-FNWVH,0.16,False,is_month_to_month; OnlineSecurity_No; TechSupport_No,Normal
3893-JRNFS,0.16,False,is_month_to_month; OnlineSecurity_No; TechSupport_No,Normal
1360-XFJMR,0.16,False,MonthlyCharges; avg_monthly_spend; Contract_One year,Normal
5846-QFDFI,0.16,False,is_month_to_month; InternetService_Fiber optic; avg_monthly_spend,Normal
9909-DFRJA,0.16,False,avg_monthly_spend; TotalCharges; charge_delta,Normal
7619-ODSGN,0.16,False,is_month_to_month; PaymentMethod_Electronic check; TechSupport_No,Normal
7078-NVFAM,0.16,False,is_month_to_month; PaymentMethod_Electronic check; PhoneService_No,Normal
4075-JFPGR,0.159,False,PaymentMethod_Electronic check; avg_monthly_spend; Contract_One year,Normal
4472-VESGY,0.159,False,is_month_to_month; avg_monthly_spend; MonthlyCharges,Normal
2237-ZFSMY,0.159,False,avg_monthly_spend; charge_delta; PaymentMethod_Electronic check,Normal
8905-IAZPF,0.159,False,OnlineSecurity_No; Contract_One year; charge_delta,Normal
8952-WCVCD,0.158,False,avg_monthly_spend; MonthlyCharges; Contract_One year,Normal
5921-NGYRH,0.158,False,is_month_to_month; InternetService_Fiber optic; TechSupport_No,Normal
1697-BCSHV,0.158,False,is_month_to_month; OnlineSecurity_No; TechSupport_No,Normal
0308-IVGOK,0.158,False,OnlineSecurity_No; charge_delta; tenure,Normal
6439-LAJXL,0.158,False,is_month_to_month; tenure; PaperlessBilling_No,Normal
7108-DGVUU,0.158,False,SeniorCitizen; charge_delta; Contract_One year,Normal
8627-EHGIP,0.158,False,OnlineSecurity_No; charge_delta; TotalCharges,Normal
5440-VHLUL,0.158,False,avg_monthly_spend; OnlineSecurity_No; Contract_One year,Normal
4316-XCSLJ,0.158,False,is_month_to_month; charge_delta; TechSupport_No,Normal
2978-XXSOG,0.158,False,is_month_to_month; PaperlessBilling_No; Contract_Month-to-month,Normal
4700-UBQMV,0.158,False,Contract_One year; tenure; charge_delta,Normal
2722-VOJQL,0.158,False,avg_monthly_spend; MonthlyCharges; OnlineSecurity_No,Normal
8317-BVKSO,0.158,False,is_month_to_month; PaymentMethod_Electronic check; PaperlessBilling_No,Normal
0233-FTHAV,0.157,False,OnlineSecurity_No; Contract_One year; avg_monthly_spend,Normal
5968-XQIVE,0.157,False,PaymentMethod_Electronic check; OnlineSecurity_No; Contract_One year,Normal
5206-HPJKM,0.157,False,is_month_to_month; charge_delta; TechSupport_No,Normal
5732-IKGQH,0.157,False,avg_monthly_spend; MonthlyCharges; Contract_One year,Normal
3703-TTEPD,0.157,False,is_month_to_month; Contract_Month-to-month; TechSupport_No,Normal
2402-TAIRZ,0.157,False,Contract_One year; PaymentMethod_Electronic check; OnlineSecurity_No,Normal
4374-YMUSQ,0.156,False,avg_monthly_spend; MonthlyCharges; Contract_One year,Normal
3128-YOVTD,0.156,False,is_month_to_month; charge_delta; InternetService_Fiber optic,Normal
4277-UDIEF,0.156,False,is_month_to_month; charge_delta; avg_monthly_spend,Normal
3039-MJSLN,0.156,False,is_month_to_month; tenure; TotalCharges,Normal
7883-ROJOC,0.156,False,is_month_to_month; charge_delta; OnlineSecurity_No,Normal
7740-BTPUX,0.156,False,PaymentMethod_Electronic check; avg_monthly_spend; TotalCharges,Normal
2748-MYRVK,0.156,False,MonthlyCharges; Contract_One year; OnlineSecurity_No,Normal
5155-AZQPB,0.156,False,is_month_to_month; OnlineSecurity_No; TechSupport_No,Normal
4189-NAKJS,0.155,False,OnlineSecurity_No; Contract_One year; TechSupport_No,Normal
2234-XADUH,0.155,False,avg_monthly_spend; MonthlyCharges; Contract_One year,Normal
8496-DMZUK,0.155,False,avg_monthly_spend; Contract_One year; MultipleLines_No,Normal
2898-MRKPI,0.155,False,MonthlyCharges; avg_monthly_spend; Contract_One year,Normal
9294-TDIPC,0.154,False,is_month_to_month; tenure; Contract_Month-to-month,Normal
4365-MSDYN,0.154,False,is_month_to_month; tenure; Contract_Month-to-month,Normal
2925-MXLSX,0.154,False,charge_delta; OnlineSecurity_No; Contract_One year,Normal
3896-RCYYE,0.154,False,is_month_to_month; charge_delta; OnlineSecurity_No,Normal
4580-TMHJU,0.154,False,is_month_to_month; TotalCharges; OnlineSecurity_No,Normal
4929-ROART,0.154,False,is_month_to_month; TechSupport_No; OnlineBackup_No,Normal
8295-FHIVV,0.154,False,is_month_to_month; tenure; TotalCharges,Normal
9762-YAQAA,0.154,False,avg_monthly_spend; OnlineSecurity_No; Contract_One year,Normal
1573-LGXBA,0.154,False,MonthlyCharges; Contract_One year; OnlineSecurity_No,Normal
5989-OMNJE,0.153,False,PaymentMethod_Electronic check; Contract_One year; charge_delta,Normal
3255-GRXMG,0.153,False,is_month_to_month; OnlineSecurity_No; TechSupport_No,Normal
2586-CWXVV,0.153,False,is_month_to_month; charge_delta; PhoneService_No,Normal
5966-EMAZU,0.153,False,MonthlyCharges; avg_monthly_spend; charge_delta,Normal
8563-IIOXK,0.153,False,PaymentMethod_Electronic check; tenure; Contract_One year,Normal
8259-NFJTV,0.153,False,is_month_to_month; tenure; PhoneService_No,Normal
4816-OKWNX,0.152,False,MonthlyCharges; avg_monthly_spend; Contract_One year,Normal
5240-CAOYT,0.152,False,is_month_to_month; avg_monthly_spend; InternetService_Fiber optic,Normal
7163-OCEQI,0.152,False,Contract_One year; OnlineSecurity_No; MultipleLines_No,Normal
7361-YPXFS,0.152,False,is_month_to_month; OnlineSecurity_No; SeniorCitizen,Normal
7080-TNUWP,0.152,False,avg_monthly_spend; MonthlyCharges; OnlineSecurity_No,Normal
8634-CILSZ,0.152,False,avg_monthly_spend; Contract_One year; OnlineSecurity_No,Normal
2452-SNHFZ,0.152,False,is_month_to_month; InternetService_Fiber optic; charge_delta,Normal
9249-FXSCK,0.151,False,avg_monthly_spend; Contract_One year; MonthlyCharges,Normal
0484-FFVBJ,0.151,False,OnlineSecurity_No; Contract_One year; TechSupport_No,Normal
7516-GMHUV,0.151,False,MonthlyCharges; SeniorCitizen; TotalCharges,Normal
8671-KKKOS,0.151,False,is_month_to_month; PaymentMethod_Electronic check; PhoneService_No,Normal
6549-YMFAW,0.151,False,is_month_to_month; SeniorCitizen; tenure,Normal
3428-MMGUB,0.151,False,PaymentMethod_Electronic check; TotalCharges; OnlineSecurity_No,Normal
7721-JXEAW,0.151,False,is_month_to_month; OnlineSecurity_No; TechSupport_No,Normal
1925-LFCZZ,0.151,False,OnlineSecurity_No; SeniorCitizen; Contract_One year,Normal
9817-APLHW,0.15,False,is_month_to_month; MultipleLines_No; TotalCharges,Normal
9391-DXGGG,0.15,False,Contract_One year; OnlineSecurity_No; avg_monthly_spend,Normal
2896-TBNBE,0.15,False,Contract_One year; PaymentMethod_Electronic check; OnlineSecurity_No,Normal
5832-EXGTT,0.15,False,is_month_to_month; TechSupport_No; Contract_Month-to-month,Normal
0678-RLHVP,0.15,False,avg_monthly_spend; MonthlyCharges; PaymentMethod_Electronic check,Normal
8769-KKTPH,0.15,False,MonthlyCharges; avg_monthly_spend; Contract_One year,Normal
4747-LCAQL,0.15,False,is_month_to_month; PaperlessBilling_No; Contract_Month-to-month,Normal
3640-JQGJG,0.15,False,is_month_to_month; OnlineSecurity_No; TechSupport_No,Normal
7740-KKCXF,0.149,False,is_month_to_month; OnlineSecurity_No; charge_delta,Normal
3863-QSTYI,0.149,False,is_month_to_month; PaymentMethod_Electronic check; OnlineSecurity_No,Normal
9152-AMKAK,0.149,False,tenure; avg_monthly_spend; TotalCharges,Normal
8080-POTJR,0.149,False,Contract_One year; avg_monthly_spend; TotalCharges,Normal
7266-GSSJX,0.149,False,is_month_to_month; PaymentMethod_Electronic check; Contract_Month-to-month,Normal
3948-XHGNA,0.149,False,is_month_to_month; TotalCharges; charge_delta,Normal
6981-TDRFT,0.149,False,PaymentMethod_Electronic check; Contract_One year; OnlineSecurity_No,Normal
0851-DFJKB,0.148,False,is_month_to_month; gender_Female; PaymentMethod_Electronic check,Normal
2805-EDJPQ,0.148,False,MonthlyCharges; avg_monthly_spend; Contract_One year,Normal
6583-SZVGP,0.148,False,MonthlyCharges; avg_monthly_spend; TotalCharges,Normal
9475-NNDGC,0.148,False,avg_monthly_spend; Contract_One year; OnlineSecurity_No,Normal
0931-MHTEM,0.148,False,MonthlyCharges; avg_monthly_spend; Contract_One year,Normal
6728-DKUCO,0.148,False,avg_monthly_spend; PaymentMethod_Electronic check; Contract_One year,Normal
0384-RVBPI,0.148,False,is_month_to_month; Contract_Month-to-month; TechSupport_No,Normal
3642-GKTCT,0.148,False,avg_monthly_spend; Contract_One year; InternetService_Fiber optic,Normal
9107-UKCKY,0.148,False,Contract_One year; PaymentMethod_Electronic check; OnlineSecurity_No,Normal
2040-OBMLJ,0.148,False,avg_monthly_spend; Contract_One year; OnlineSecurity_No,Normal
9040-KZVWO,0.148,False,OnlineSecurity_No; Contract_One year; InternetService_Fiber optic,Normal
3417-TSCIC,0.148,False,OnlineSecurity_No; Contract_One year; MultipleLines_No,Normal
2212-LYASK,0.147,False,OnlineSecurity_No; Contract_One year; TechSupport_No,Normal
6906-MPARY,0.147,False,Contract_One year; OnlineSecurity_No; avg_monthly_spend,Normal
4833-QTJNO,0.147,False,is_month_to_month; avg_monthly_spend; charge_delta,Normal
2858-MOFSQ,0.147,False,charge_delta; OnlineSecurity_No; Contract_One year,Normal
5913-INRQV,0.147,False,avg_monthly_spend; Contract_One year; InternetService_Fiber optic,Normal
3682-YEUWS,0.147,False,is_month_to_month; tenure; MultipleLines_No,Normal
6749-UTDVX,0.147,False,avg_monthly_spend; MonthlyCharges; PaymentMethod_Electronic check,Normal
4160-AMJTL,0.147,False,is_month_to_month; SeniorCitizen; tenure,Normal
9746-MDMBK,0.146,False,TotalCharges; MonthlyCharges; avg_monthly_spend,Normal
9115-YQHGA,0.146,False,is_month_to_month; PaymentMethod_Electronic check; OnlineSecurity_No,Normal
0479-HMSWA,0.146,False,MonthlyCharges; avg_monthly_spend; PaymentMethod_Electronic check,Normal
5014-WUQMG,0.145,False,avg_monthly_spend; MonthlyCharges; Contract_One year,Normal
0584-BJQGZ,0.145,False,is_month_to_month; Contract_Month-to-month; MultipleLines_No,Normal
5168-MQQCA,0.145,False,MonthlyCharges; charge_delta; OnlineSecurity_No,Normal
9086-YJYXS,0.145,False,Contract_One year; OnlineSecurity_No; avg_monthly_spend,Normal
3221-CJMSG,0.145,False,is_month_to_month; OnlineSecurity_No; Contract_Month-to-month,Normal
0580-PIQHM,0.145,False,MonthlyCharges; avg_monthly_spend; Contract_One year,Normal
2908-ZTPNF,0.145,False,is_month_to_month; OnlineSecurity_No; PhoneService_No,Normal
4544-RXFMG,0.145,False,OnlineSecurity_No; tenure; charge_delta,Normal
7088-FBAWU,0.144,False,is_month_to_month; TechSupport_No; Contract_Month-to-month,Normal
8216-AZUUZ,0.144,False,MonthlyCharges; avg_monthly_spend; PaymentMethod_Electronic check,Normal
6322-PJJDJ,0.144,False,MonthlyCharges; avg_monthly_spend; PaymentMethod_Electronic check,Normal
2972-YDYUW,0.144,False,avg_monthly_spend; Contract_One year; OnlineSecurity_No,Normal
4531-AUZNK,0.144,False,MonthlyCharges; avg_monthly_spend; Contract_One year,Normal
4163-KIUHY,0.144,False,is_month_to_month; PaymentMethod_Electronic check; MultipleLines_No,Normal
9554-DFKIC,0.144,False,is_month_to_month; TechSupport_No; Contract_Month-to-month,Normal
7879-CGSFV,0.144,False,MonthlyCharges; avg_monthly_spend; charge_delta,Normal
9633-DENPU,0.144,False,is_month_to_month; charge_delta; OnlineSecurity_No,Normal
8268-YDIXR,0.144,False,avg_monthly_spend; PaymentMethod_Electronic check; Contract_One year,Normal
6475-VHUIZ,0.144,False,is_month_to_month; PaymentMethod_Electronic check; OnlineSecurity_No,Normal
3865-YIOTT,0.144,False,MonthlyCharges; avg_monthly_spend; Contract_One year,Normal
9863-JZAIC,0.144,False,is_month_to_month; OnlineSecurity_No; TechSupport_No,Normal
2739-CCZMB,0.144,False,is_month_to_month; tenure; Contract_Month-to-month,Normal
9837-FWLCH,0.143,False,is_month_to_month; PaymentMethod_Electronic check; PaperlessBilling_No,Normal
8319-QBEHW,0.143,False,OnlineSecurity_No; charge_delta; Contract_One year,Normal
3275-RHRNE,0.143,False,charge_delta; OnlineSecurity_No; Contract_One year,Normal
4250-ZBWLV,0.143,False,avg_monthly_spend; MonthlyCharges; Contract_One year,Normal
6732-FZUGP,0.143,False,MonthlyCharges; avg_monthly_spend; Contract_One year,Normal
6296-DDOOR,0.143,False,OnlineSecurity_No; PaymentMethod_Electronic check; Contract_One year,Normal
3253-HKOKL,0.143,False,avg_monthly_spend; MonthlyCharges; Contract_One year,Normal
9788-YTFGE,0.143,False,is_month_to_month; tenure; Contract_Month-to-month,Normal
2242-MFOTG,0.143,False,avg_monthly_spend; Contract_One year; MonthlyCharges,Normal
1386-ZIKUV,0.143,False,is_month_to_month; charge_delta; tenure,Normal
7143-BQIBA,0.143,False,is_month_to_month; charge_delta; tenure,Normal
7083-YNSKY,0.143,False,is_month_to_month; charge_delta; tenure,Normal
5478-JJVZK,0.142,False,is_month_to_month; TechSupport_No; Contract_Month-to-month,Normal
7311-MQJCH,0.142,False,tenure; PaymentMethod_Electronic check; TotalCharges,Normal
8849-GYOKR,0.142,False,avg_monthly_spend; MonthlyCharges; Contract_One year,Normal
4472-LVYGI,0.142,False,tenure; TotalCharges; PaperlessBilling_No,Normal
1447-PJGGA,0.142,False,MonthlyCharges; TotalCharges; avg_monthly_spend,Normal
4742-DRORA,0.142,False,avg_monthly_spend; MonthlyCharges; Contract_One year,Normal
3059-NGMXB,0.142,False,is_month_to_month; TechSupport_No; MultipleLines_No,Normal
6258-NGCNG,0.142,False,is_month_to_month; tenure; MultipleLines_No,Normal
7299-GNVPL,0.142,False,is_month_to_month; avg_monthly_spend; InternetService_Fiber optic,Normal
6994-ORCWG,0.142,False,OnlineSecurity_No; tenure; TotalCharges,Normal
9114-VEPUF,0.142,False,PaymentMethod_Electronic check; Contract_One year; MonthlyCharges,Normal
6333-YDVLT,0.142,False,Contract_One year; InternetService_Fiber optic; StreamingMovies_Yes,Normal
4797-MIWUM,0.142,False,is_month_to_month; tenure; PaymentMethod_Bank transfer (automatic),Normal
4476-OSWTN,0.142,False,Contract_One year; InternetService_Fiber optic; charge_delta,Normal
0665-XHDJU,0.141,False,MonthlyCharges; avg_monthly_spend; PaymentMethod_Electronic check,Normal
1163-ONYEY,0.141,False,is_month_to_month; charge_delta; TechSupport_No,Normal
9101-BWFSS,0.141,False,MonthlyCharges; avg_monthly_spend; PaymentMethod_Electronic check,Normal
0991-BRRFB,0.141,False,is_month_to_month; charge_delta; PaymentMethod_Electronic check,Normal
8044-BGWPI,0.141,False,is_month_to_month; PaymentMethod_Electronic check; TotalCharges,Normal
2923-ARZLG,0.141,False,tenure; TotalCharges; PaperlessBilling_No,Normal
1229-RCALF,0.141,False,avg_monthly_spend; PaymentMethod_Electronic check; Contract_One year,Normal
0206-TBWLC,0.14,False,MonthlyCharges; Contract_One year; avg_monthly_spend,Normal
4283-IVYCI,0.14,False,is_month_to_month; tenure; OnlineBackup_No,Normal
9470-RTWDV,0.14,False,Contract_One year; OnlineSecurity_No; avg_monthly_spend,Normal
7919-ZODZZ,0.14,False,OnlineSecurity_No; Contract_One year; tenure,Normal
5176-LDKUH,0.14,False,Contract_One year; OnlineSecurity_No; PaymentMethod_Electronic check,Normal
6302-JGYRJ,0.14,False,charge_delta; avg_monthly_spend; OnlineSecurity_No,Normal
6804-GDMOI,0.14,False,avg_monthly_spend; MonthlyCharges; PaymentMethod_Electronic check,Normal
5448-VWNAM,0.14,False,is_month_to_month; PaperlessBilling_No; Contract_Month-to-month,Normal
6198-PNNSZ,0.14,False,avg_monthly_spend; charge_delta; TotalCharges,Normal
8401-EMUWF,0.14,False,is_month_to_month; TechSupport_No; MultipleLines_No,Normal
4785-QRJHC,0.14,False,Contract_One year; OnlineSecurity_No; PhoneService_No,Normal
8944-AILEF,0.14,False,is_month_to_month; Contract_Month-to-month; PaperlessBilling_No,Normal
1397-XKKWR,0.139,False,tenure; TotalCharges; MultipleLines_No,Normal
9025-ZRPVR,0.139,False,is_month_to_month; tenure; PaperlessBilling_No,Normal
8947-YRTDV,0.139,False,Contract_One year; MonthlyCharges; InternetService_Fiber optic,Normal
9609-BENEA,0.138,False,PaymentMethod_Electronic check; TotalCharges; OnlineSecurity_No,Normal
3523-QRQLL,0.138,False,OnlineSecurity_No; Contract_One year; PaperlessBilling_No,Normal
5640-CAXOA,0.138,False,OnlineSecurity_No; TotalCharges; Contract_One year,Normal
9097-ZUBYC,0.138,False,is_month_to_month; OnlineSecurity_No; TotalCharges,Normal
6035-RIIOM,0.138,False,MonthlyCharges; avg_monthly_spend; TotalCharges,Normal
8731-WBBMB,0.138,False,is_month_to_month; OnlineSecurity_No; Contract_Month-to-month,Normal
5223-UZAVK,0.138,False,avg_monthly_spend; MonthlyCharges; Contract_One year,Normal
8100-HZZLJ,0.138,False,is_month_to_month; charge_delta; PaymentMethod_Electronic check,Normal
2599-CZABP,0.138,False,OnlineSecurity_No; PaymentMethod_Electronic check; charge_delta,Normal
8894-JVDCV,0.138,False,avg_monthly_spend; Contract_One year; InternetService_Fiber optic,Normal
2530-FMFXO,0.138,False,MonthlyCharges; avg_monthly_spend; PaymentMethod_Electronic check,Normal
7105-MXJLL,0.137,False,OnlineSecurity_No; SeniorCitizen; Contract_One year,Normal
1346-PJWTK,0.137,False,is_month_to_month; avg_monthly_spend; InternetService_Fiber optic,Normal
3160-TYXLT,0.137,False,is_month_to_month; PhoneService_No; TechSupport_No,Normal
1120-BMWUB,0.137,False,is_month_to_month; OnlineSecurity_No; PaperlessBilling_No,Normal
9092-GDZKO,0.137,False,is_month_to_month; MultipleLines_No; PaperlessBilling_No,Normal
9057-MSWCO,0.137,False,is_month_to_month; SeniorCitizen; charge_delta,Normal
6968-MHOMU,0.137,False,OnlineSecurity_No; Contract_One year; charge_delta,Normal
1921-KYSAY,0.137,False,Contract_One year; PaymentMethod_Electronic check; OnlineSecurity_No,Normal
2577-GVSIL,0.137,False,Contract_One year; OnlineSecurity_No; MultipleLines_No,Normal
7964-YESJC,0.137,False,is_month_to_month; Contract_Month-to-month; TechSupport_No,Normal
3981-QSVQI,0.137,False,is_month_to_month; tenure; charge_delta,Normal
4116-IQRFR,0.136,False,tenure; Partner_No; MultipleLines_No,Normal
6092-QZVPP,0.136,False,is_month_to_month; charge_delta; avg_monthly_spend,Normal
6368-NWMCE,0.136,False,is_month_to_month; OnlineSecurity_No; gender_Female,Normal
5651-CRHKQ,0.136,False,Contract_One year; OnlineSecurity_No; InternetService_Fiber optic,Normal
1116-DXXDF,0.136,False,MonthlyCharges; PaymentMethod_Electronic check; avg_monthly_spend,Normal
9480-BQJEI,0.136,False,avg_monthly_spend; charge_delta; Contract_One year,Normal
8591-NXRCV,0.136,False,is_month_to_month; gender_Female; Contract_Month-to-month,Normal
8182-PNAGI,0.136,False,is_month_to_month; charge_delta; OnlineSecurity_No,Normal
0743-HRVFF,0.136,False,PaymentMethod_Electronic check; OnlineSecurity_No; Contract_One year,Normal
4355-CVPVS,0.136,False,Contract_One year; avg_monthly_spend; OnlineSecurity_No,Normal
3256-EZDBI,0.135,False,is_month_to_month; SeniorCitizen; charge_delta,Normal
9039-RBEEE,0.135,False,is_month_to_month; charge_delta; PhoneService_No,Normal
9200-NLNPD,0.135,False,OnlineSecurity_No; Contract_One year; PhoneService_No,Normal
2558-BUOZZ,0.135,False,MonthlyCharges; avg_monthly_spend; Contract_One year,Normal
6873-UDNLD,0.134,False,is_month_to_month; charge_delta; PaymentMethod_Electronic check,Normal
1585-MQSSU,0.134,False,is_month_to_month; OnlineSecurity_No; charge_delta,Normal
7140-ADSMJ,0.134,False,is_month_to_month; charge_delta; tenure,Normal
4683-WYDOU,0.134,False,MonthlyCharges; OnlineSecurity_No; charge_delta,Normal
9060-HJJRW,0.134,False,OnlineSecurity_No; Contract_One year; PhoneService_No,Normal
4489-SNOJF,0.134,False,is_month_to_month; PaymentMethod_Electronic check; charge_delta,Normal
1852-XEMDW,0.134,False,is_month_to_month; charge_delta; TechSupport_No,Normal
2931-VUVJN,0.134,False,PaymentMethod_Electronic check; avg_monthly_spend; SeniorCitizen,Normal
5397-TUPSH,0.134,False,SeniorCitizen; OnlineSecurity_No; Contract_One year,Normal
5688-KZTSN,0.134,False,is_month_to_month; charge_delta; PaymentMethod_Electronic check,Normal
9938-EKRGF,0.134,False,is_month_to_month; charge_delta; avg_monthly_spend,Normal
7632-MNYOY,0.133,False,Contract_One year; OnlineSecurity_No; avg_monthly_spend,Normal
1017-FBQMM,0.133,False,avg_monthly_spend; MonthlyCharges; OnlineSecurity_No,Normal
0750-EBAIU,0.133,False,PaymentMethod_Electronic check; avg_monthly_spend; Contract_One year,Normal
3847-BAERP,0.133,False,is_month_to_month; Contract_Month-to-month; gender_Female,Normal
4525-VZCZG,0.133,False,avg_monthly_spend; MonthlyCharges; Contract_One year,Normal
4936-YPJNK,0.133,False,is_month_to_month; charge_delta; tenure,Normal
8224-IVVPA,0.133,False,is_month_to_month; TechSupport_No; gender_Female,Normal
4023-RTIQM,0.133,False,SeniorCitizen; Contract_One year; TechSupport_No,Normal
0516-UXRMT,0.133,False,PaymentMethod_Electronic check; Contract_One year; avg_monthly_spend,Normal
4198-VFOEA,0.132,False,MultipleLines_No; Contract_One year; tenure,Normal
7136-RVDTZ,0.132,False,PaymentMethod_Electronic check; OnlineSecurity_No; PhoneService_No,Normal
0939-EREMR,0.132,False,is_month_to_month; OnlineSecurity_No; TotalCharges,Normal
4644-PIZRT,0.132,False,TotalCharges; Contract_One year; TechSupport_No,Normal
1265-XTECC,0.132,False,MonthlyCharges; avg_monthly_spend; Contract_One year,Normal
3680-CTHUH,0.132,False,avg_monthly_spend; Contract_One year; MonthlyCharges,Normal
9504-DSHWM,0.132,False,is_month_to_month; TotalCharges; OnlineBackup_No,Normal
6617-WLBQC,0.132,False,avg_monthly_spend; Contract_One year; InternetService_Fiber optic,Normal
9378-FXTIZ,0.131,False,OnlineSecurity_No; Contract_One year; TechSupport_No,Normal
4541-RMRLG,0.131,False,is_month_to_month; PaymentMethod_Electronic check; tenure,Normal
7382-DFJTU,0.131,False,is_month_to_month; OnlineSecurity_No; Contract_Month-to-month,Normal
8561-NMTBD,0.13,False,charge_delta; Contract_One year; OnlineSecurity_No,Normal
9738-QLWTP,0.13,False,Contract_One year; avg_monthly_spend; PaymentMethod_Electronic check,Normal
7013-PSXHK,0.13,False,Contract_One year; OnlineSecurity_No; charge_delta,Normal
7940-UQQUG,0.13,False,avg_monthly_spend; MonthlyCharges; Contract_One year,Normal
3675-YDUPJ,0.13,False,is_month_to_month; charge_delta; tenure,Normal
5149-CUZUJ,0.13,False,charge_delta; OnlineSecurity_No; Contract_One year,Normal
8402-EIVQS,0.13,False,avg_monthly_spend; MonthlyCharges; charge_delta,Normal
1679-JRFBR,0.129,False,avg_monthly_spend; MonthlyCharges; Contract_One year,Normal
3638-DIMPH,0.129,False,OnlineSecurity_No; PaymentMethod_Electronic check; Contract_One year,Normal
2696-ECXKC,0.129,False,MonthlyCharges; avg_monthly_spend; Contract_One year,Normal
7605-SNLQG,0.129,False,is_month_to_month; OnlineSecurity_No; TechSupport_No,Normal
1389-WNUIB,0.129,False,Contract_One year; avg_monthly_spend; MultipleLines_No,Normal
7148-XZPHA,0.128,False,is_month_to_month; PaymentMethod_Electronic check; InternetService_Fiber optic,Normal
4075-WKNIU,0.128,False,tenure; OnlineSecurity_No; TotalCharges,Normal
9820-RMCQV,0.128,False,is_month_to_month; OnlineBackup_No; Contract_Month-to-month,Normal
6465-GSRCL,0.128,False,avg_monthly_spend; MonthlyCharges; Contract_One year,Normal
9512-PHSMG,0.128,False,is_month_to_month; Contract_Month-to-month; gender_Female,Normal
6286-ZHAOK,0.128,False,is_month_to_month; charge_delta; MultipleLines_No,Normal
1347-KTTTA,0.128,False,avg_monthly_spend; Contract_One year; MonthlyCharges,Normal
4422-QVIJA,0.128,False,is_month_to_month; OnlineSecurity_No; TechSupport_No,Normal
2690-DVRVK,0.127,False,tenure; charge_delta; PaymentMethod_Electronic check,Normal
5832-TRLPB,0.127,False,Contract_One year; OnlineSecurity_No; Contract_Two year,Normal
1376-HHBDV,0.127,False,is_month_to_month; TechSupport_No; Contract_Month-to-month,Normal
5619-PTMIK,0.127,False,is_month_to_month; PaymentMethod_Electronic check; TechSupport_No,Normal
0308-GIQJT,0.127,False,avg_monthly_spend; Contract_One year; OnlineSecurity_No,Normal
8809-RIHDD,0.127,False,charge_delta; MonthlyCharges; avg_monthly_spend,Normal
2495-TTHBQ,0.127,False,tenure; Contract_One year; Contract_Two year,Normal
1784-BXEFA,0.127,False,is_month_to_month; tenure; Contract_Month-to-month,Normal
2019-HDCZY,0.127,False,PaymentMethod_Electronic check; MonthlyCharges; OnlineSecurity_No,Normal
2794-XIMMO,0.127,False,PaymentMethod_Electronic check; Contract_One year; PhoneService_No,Normal
2363-BJLSL,0.126,False,is_month_to_month; OnlineSecurity_No; charge_delta,Normal
0136-IFMYD,0.126,False,PaymentMethod_Electronic check; OnlineSecurity_No; InternetService_Fiber optic,Normal
6131-JLWZM,0.126,False,is_month_to_month; Contract_Month-to-month; PaperlessBilling_No,Normal
9076-AXYIK,0.126,False,avg_monthly_spend; PaymentMethod_Electronic check; charge_delta,Normal
8034-RYTVV,0.126,False,avg_monthly_spend; Contract_One year; charge_delta,Normal
0815-MFZGM,0.126,False,MonthlyCharges; charge_delta; avg_monthly_spend,Normal
6156-UZDLF,0.126,False,avg_monthly_spend; Contract_One year; InternetService_Fiber optic,Normal
1735-XMJVH,0.126,False,is_month_to_month; charge_delta; tenure,Normal
4495-LHSSK,0.126,False,is_month_to_month; TechSupport_No; OnlineBackup_No,Normal
1099-BTKWT,0.126,False,PaymentMethod_Electronic check; PhoneService_No; Contract_One year,Normal
4332-MUOEZ,0.126,False,SeniorCitizen; MonthlyCharges; avg_monthly_spend,Normal
1629-DQQVB,0.126,False,is_month_to_month; TechSupport_No; OnlineBackup_No,Normal
2055-SIFSS,0.126,False,is_month_to_month; SeniorCitizen; charge_delta,Normal
6497-TILVL,0.126,False,is_month_to_month; charge_delta; tenure,Normal
6837-HAEVO,0.126,False,avg_monthly_spend; PaymentMethod_Electronic check; MonthlyCharges,Normal
9259-PACGQ,0.126,False,charge_delta; is_month_to_month; PaymentMethod_Electronic check,Normal
3391-JSQEW,0.126,False,is_month_to_month; OnlineSecurity_No; TechSupport_No,Normal
4079-VTGLK,0.126,False,SeniorCitizen; PaymentMethod_Electronic check; OnlineSecurity_No,Normal
6112-KTHFQ,0.125,False,is_month_to_month; PaperlessBilling_No; Contract_Month-to-month,Normal
4860-YZGZM,0.125,False,is_month_to_month; PaymentMethod_Electronic check; tenure,Normal
9770-KXGQU,0.125,False,MonthlyCharges; avg_monthly_spend; Contract_One year,Normal
1322-AGOQM,0.125,False,is_month_to_month; charge_delta; OnlineSecurity_No,Normal
1614-JBEBI,0.125,False,is_month_to_month; tenure; PaperlessBilling_No,Normal
0114-RSRRW,0.125,False,is_month_to_month; tenure; Contract_Month-to-month,Normal
2277-BKJKN,0.125,False,avg_monthly_spend; PaymentMethod_Electronic check; OnlineSecurity_No,Normal
3733-UOCWF,0.125,False,avg_monthly_spend; TotalCharges; OnlineSecurity_No,Normal
7811-JIVPF,0.125,False,is_month_to_month; TotalCharges; OnlineSecurity_No,Normal
6794-HKIAJ,0.124,False,is_month_to_month; charge_delta; avg_monthly_spend,Normal
1096-ADRUX,0.124,False,OnlineSecurity_No; Contract_One year; charge_delta,Normal
0396-UKGAI,0.124,False,is_month_to_month; OnlineSecurity_No; Contract_Month-to-month,Normal
3714-XPXBW,0.124,False,is_month_to_month; avg_monthly_spend; MultipleLines_No,Normal
8199-ZLLSA,0.124,False,avg_monthly_spend; TotalCharges; MonthlyCharges,Normal
8548-AWOFC,0.124,False,is_month_to_month; PaymentMethod_Electronic check; OnlineSecurity_No,Normal
7706-DZNKK,0.124,False,is_month_to_month; Contract_Month-to-month; PaperlessBilling_No,Normal
5307-UVGNB,0.123,False,is_month_to_month; TechSupport_No; Contract_Month-to-month,Normal
7572-KPVKK,0.123,False,avg_monthly_spend; MonthlyCharges; PaymentMethod_Electronic check,Normal
8910-ICHIU,0.123,False,avg_monthly_spend; Contract_One year; MonthlyCharges,Normal
7159-NOKYQ,0.123,False,PaymentMethod_Electronic check; OnlineSecurity_No; TechSupport_No,Normal
6900-RBKER,0.123,False,OnlineSecurity_No; InternetService_Fiber optic; TechSupport_No,Normal
1428-IEDPR,0.123,False,MonthlyCharges; PaymentMethod_Electronic check; InternetService_Fiber optic,Normal
3470-BTGQO,0.123,False,is_month_to_month; charge_delta; OnlineSecurity_No,Normal
1530-ZTDOZ,0.123,False,is_month_to_month; PhoneService_No; Contract_Month-to-month,Normal
8017-UVSZU,0.123,False,is_month_to_month; TotalCharges; OnlineSecurity_No,Normal
0345-XMMUG,0.123,False,MonthlyCharges; avg_monthly_spend; InternetService_Fiber optic,Normal
0696-UKTOX,0.123,False,is_month_to_month; OnlineSecurity_No; PaymentMethod_Electronic check,Normal
9651-GTSAQ,0.123,False,MonthlyCharges; avg_monthly_spend; Contract_One year,Normal
8213-TAZPM,0.123,False,MonthlyCharges; avg_monthly_spend; OnlineSecurity_No,Normal
5566-SOEZD,0.122,False,avg_monthly_spend; charge_delta; Contract_One year,Normal
3537-RYBHH,0.122,False,is_month_to_month; SeniorCitizen; TechSupport_No,Normal
5616-PRTNT,0.122,False,is_month_to_month; charge_delta; PaymentMethod_Electronic check,Normal
5193-QLVZB,0.122,False,charge_delta; avg_monthly_spend; MonthlyCharges,Normal
1202-KKGFU,0.122,False,is_month_to_month; TotalCharges; Partner_No,Normal
0257-KXZGU,0.122,False,is_month_to_month; OnlineSecurity_No; charge_delta,Normal
0303-UNCIP,0.122,False,OnlineSecurity_No; Contract_One year; TechSupport_No,Normal
0142-GVYSN,0.122,False,is_month_to_month; charge_delta; PaymentMethod_Electronic check,Normal
1492-QGCLU,0.122,False,is_month_to_month; avg_monthly_spend; PaymentMethod_Electronic check,Normal
3070-BDOQC,0.122,False,MonthlyCharges; charge_delta; PaymentMethod_Electronic check,Normal
3571-DPYUH,0.121,False,avg_monthly_spend; TotalCharges; Contract_One year,Normal
8035-BUYVG,0.121,False,PaymentMethod_Electronic check; PhoneService_No; Contract_One year,Normal
5808-TOTXO,0.121,False,tenure; TotalCharges; Contract_One year,Normal
4504-YOULA,0.121,False,is_month_to_month; TechSupport_No; charge_delta,Normal
7803-XOCCZ,0.121,False,is_month_to_month; avg_monthly_spend; InternetService_Fiber optic,Normal
0098-BOWSO,0.121,False,is_month_to_month; PaymentMethod_Electronic check; PaperlessBilling_No,Normal
5639-NTUPK,0.121,False,is_month_to_month; charge_delta; TechSupport_No,Normal
4623-ZKHLY,0.121,False,is_month_to_month; Contract_Month-to-month; PaperlessBilling_No,Normal
9495-REDIY,0.121,False,MultipleLines_No; Contract_One year; TechSupport_No,Normal
3038-PQIUY,0.121,False,is_month_to_month; charge_delta; TechSupport_No,Normal
1984-GPTEH,0.121,False,is_month_to_month; charge_delta; PaymentMethod_Electronic check,Normal
1385-TQOZW,0.12,False,is_month_to_month; tenure; Contract_Month-to-month,Normal
3209-ZPKFI,0.12,False,is_month_to_month; OnlineSecurity_No; PaymentMethod_Electronic check,Normal
1371-WEPDS,0.12,False,OnlineSecurity_No; Contract_One year; SeniorCitizen,Normal
8231-BSWXX,0.12,False,OnlineSecurity_No; Contract_One year; charge_delta,Normal
3011-WQKSZ,0.12,False,is_month_to_month; charge_delta; PaymentMethod_Electronic check,Normal
5985-TBABQ,0.12,False,Contract_One year; TechSupport_No; StreamingMovies_Yes,Normal
9496-IVVRP,0.12,False,is_month_to_month; OnlineBackup_No; TechSupport_No,Normal
6837-BJYDQ,0.12,False,TotalCharges; tenure; Contract_Two year,Normal
4926-UMJZD,0.12,False,is_month_to_month; charge_delta; OnlineSecurity_No,Normal
2001-EWBQU,0.12,False,avg_monthly_spend; PaymentMethod_Electronic check; MonthlyCharges,Normal
2001-MCUUW,0.12,False,avg_monthly_spend; MonthlyCharges; charge_delta,Normal
5202-IVJNU,0.12,False,is_month_to_month; TotalCharges; charge_delta,Normal
9364-YKUVW,0.12,False,is_month_to_month; tenure; TotalCharges,Normal
0824-VWDPO,0.119,False,MonthlyCharges; avg_monthly_spend; Contract_One year,Normal
5693-PIPCS,0.119,False,MonthlyCharges; avg_monthly_spend; OnlineSecurity_No,Normal
6655-LHBYW,0.119,False,avg_monthly_spend; Contract_One year; MonthlyCharges,Normal
8815-LMFLX,0.119,False,is_month_to_month; MultipleLines_No; Contract_Month-to-month,Normal
1353-GHZOS,0.119,False,Contract_One year; TechSupport_No; Contract_Two year,Normal
1131-SUEKT,0.119,False,MonthlyCharges; avg_monthly_spend; Contract_One year,Normal
7107-UBYKY,0.118,False,is_month_to_month; PaymentMethod_Electronic check; charge_delta,Normal
9411-TPQQV,0.118,False,charge_delta; Contract_One year; PhoneService_No,Normal
3633-CDBUW,0.118,False,Contract_One year; OnlineSecurity_No; charge_delta,Normal
1442-OKRJE,0.118,False,avg_monthly_spend; MonthlyCharges; Contract_One year,Normal
4282-MSACW,0.118,False,avg_monthly_spend; Contract_One year; MonthlyCharges,Normal
6728-CZFEI,0.118,False,OnlineSecurity_No; charge_delta; Contract_One year,Normal
4830-FAXFM,0.118,False,is_month_to_month; charge_delta; MultipleLines_No,Normal
4002-BQWPQ,0.118,False,is_month_to_month; charge_delta; avg_monthly_spend,Normal
2775-SEFEE,0.118,False,tenure; PaperlessBilling_No; TotalCharges,Normal
6260-XLACS,0.118,False,tenure; TotalCharges; charge_delta,Normal
0744-GKNGE,0.118,False,is_month_to_month; avg_monthly_spend; InternetService_Fiber optic,Normal
5446-DKWYW,0.118,False,PaymentMethod_Electronic check; OnlineSecurity_No; Contract_One year,Normal
2332-EFBJY,0.118,False,is_month_to_month; Contract_Month-to-month; PaperlessBilling_No,Normal
4182-BGSIQ,0.118,False,is_month_to_month; charge_delta; tenure,Normal
6705-LNMDD,0.117,False,is_month_to_month; OnlineSecurity_No; OnlineBackup_No,Normal
3318-ISQFQ,0.117,False,is_month_to_month; Contract_Month-to-month; PaperlessBilling_No,Normal
0655-YDGFJ,0.117,False,is_month_to_month; OnlineSecurity_No; TechSupport_No,Normal
1140-UKVZG,0.117,False,is_month_to_month; MultipleLines_No; Contract_Month-to-month,Normal
9013-AQORL,0.117,False,is_month_to_month; OnlineSecurity_No; PhoneService_No,Normal
0917-EZOLA,0.117,False,avg_monthly_spend; MonthlyCharges; charge_delta,Normal
7820-ZYGNY,0.117,False,OnlineSecurity_No; Contract_One year; avg_monthly_spend,Normal
7674-YTAFD,0.117,False,Contract_One year; OnlineSecurity_No; MonthlyCharges,Normal
3758-CKOQL,0.116,False,avg_monthly_spend; Contract_One year; MonthlyCharges,Normal
4190-MFLUW,0.116,False,is_month_to_month; MonthlyCharges; OnlineSecurity_No,Normal
3941-XTSKM,0.116,False,OnlineSecurity_No; Contract_One year; TechSupport_No,Normal
0864-FVJNJ,0.116,False,PaymentMethod_Electronic check; Contract_One year; avg_monthly_spend,Normal
1950-KSVVJ,0.116,False,MonthlyCharges; Contract_One year; InternetService_Fiber optic,Normal
1095-WGNGG,0.116,False,MonthlyCharges; OnlineSecurity_No; TechSupport_No,Normal
6214-EDAKZ,0.116,False,is_month_to_month; charge_delta; PaymentMethod_Electronic check,Normal
0787-LHDYT,0.116,False,is_month_to_month; charge_delta; Contract_Month-to-month,Normal
0128-MKWSG,0.116,False,is_month_to_month; TotalCharges; OnlineBackup_No,Normal
2931-XIQBR,0.116,False,avg_monthly_spend; charge_delta; Contract_One year,Normal
6305-YLBMM,0.115,False,avg_monthly_spend; Contract_One year; MonthlyCharges,Normal
8582-KRHPJ,0.115,False,is_month_to_month; PhoneService_No; TechSupport_No,Normal
3104-OWCGK,0.115,False,PaymentMethod_Electronic check; Contract_One year; avg_monthly_spend,Normal
5013-SBUIH,0.115,False,MonthlyCharges; TotalCharges; PaymentMethod_Electronic check,Normal
2419-FSORS,0.115,False,avg_monthly_spend; MonthlyCharges; PaymentMethod_Electronic check,Normal
0440-UEDAI,0.115,False,avg_monthly_spend; Contract_One year; OnlineSecurity_No,Normal
2851-MMUTZ,0.115,False,is_month_to_month; OnlineSecurity_No; PaperlessBilling_No,Normal
8984-EYLLL,0.115,False,avg_monthly_spend; MonthlyCharges; PaymentMethod_Electronic check,Normal
5173-ZXXXL,0.115,False,tenure; Contract_One year; Contract_Two year,Normal
7055-VKGDA,0.115,False,avg_monthly_spend; MonthlyCharges; Contract_One year,Normal
2639-UGMAZ,0.114,False,PaymentMethod_Electronic check; PhoneService_No; charge_delta,Normal
3327-YBAKM,0.114,False,avg_monthly_spend; MonthlyCharges; Contract_One year,Normal
9146-JRIOX,0.114,False,is_month_to_month; MultipleLines_No; Contract_Month-to-month,Normal
5590-ZSKRV,0.114,False,is_month_to_month; tenure; TechSupport_No,Normal
6994-FGRHH,0.114,False,avg_monthly_spend; MonthlyCharges; PaymentMethod_Electronic check,Normal
9357-UJRUN,0.114,False,PaymentMethod_Electronic check; Contract_One year; MultipleLines_No,Normal
8439-LTUGF,0.114,False,is_month_to_month; charge_delta; tenure,Normal
5120-ZBLAI,0.114,False,Contract_One year; OnlineSecurity_No; MultipleLines_No,Normal
9786-IJYDL,0.114,False,MonthlyCharges; avg_monthly_spend; InternetService_Fiber optic,Normal
3468-DRVQJ,0.114,False,PaymentMethod_Electronic check; tenure; TotalCharges,Normal
9896-UYMIE,0.114,False,Contract_One year; charge_delta; StreamingMovies_Yes,Normal
8189-DUKMV,0.114,False,tenure; TotalCharges; charge_delta,Normal
2202-OUTMO,0.114,False,is_month_to_month; Contract_Month-to-month; gender_Female,Normal
5294-IMHHT,0.113,False,MonthlyCharges; avg_monthly_spend; Contract_One year,Normal
2307-FYNNL,0.113,False,MonthlyCharges; PaymentMethod_Electronic check; InternetService_Fiber optic,Normal
0795-GMVQO,0.113,False,Contract_One year; avg_monthly_spend; charge_delta,Normal
0835-JKADZ,0.113,False,PaymentMethod_Electronic check; OnlineSecurity_No; avg_monthly_spend,Normal
4393-OBCRR,0.113,False,tenure; Contract_One year; TotalCharges,Normal
6103-LIANB,0.113,False,MonthlyCharges; avg_monthly_spend; OnlineSecurity_No,Normal
6870-ECSHE,0.113,False,tenure; TotalCharges; Contract_One year,Normal
2266-SJNAT,0.113,False,avg_monthly_spend; MonthlyCharges; Contract_One year,Normal
3729-OWRVL,0.113,False,PaymentMethod_Electronic check; InternetService_Fiber optic; MultipleLines_No,Normal
1208-DNHLN,0.113,False,OnlineSecurity_No; TotalCharges; TechSupport_No,Normal
3272-VUHPV,0.112,False,is_month_to_month; OnlineSecurity_No; tenure,Normal
8963-MQVYN,0.112,False,is_month_to_month; PaymentMethod_Electronic check; PaperlessBilling_No,Normal
4759-PXTAN,0.112,False,Contract_One year; PaymentMethod_Electronic check; OnlineSecurity_No,Normal
6840-RESVB,0.112,False,avg_monthly_spend; Contract_One year; MultipleLines_No,Normal
0285-INHLN,0.112,False,is_month_to_month; charge_delta; TechSupport_No,Normal
0076-LVEPS,0.112,False,is_month_to_month; PhoneService_No; PaperlessBilling_No,Normal
2801-NISEI,0.112,False,is_month_to_month; charge_delta; PaymentMethod_Electronic check,Normal
3285-UCQVC,0.112,False,is_month_to_month; charge_delta; PhoneService_No,Normal
1337-BOZWO,0.112,False,OnlineSecurity_No; TechSupport_No; Contract_One year,Normal
8785-EPNCG,0.111,False,is_month_to_month; charge_delta; MultipleLines_No,Normal
5353-WILCI,0.111,False,is_month_to_month; PaymentMethod_Electronic check; Contract_Month-to-month,Normal
5872-OEQNH,0.111,False,PaymentMethod_Electronic check; Contract_One year; PhoneService_No,Normal
9031-ZVQPT,0.111,False,MonthlyCharges; avg_monthly_spend; PaymentMethod_Electronic check,Normal
1810-MVMAI,0.111,False,is_month_to_month; charge_delta; PaymentMethod_Electronic check,Normal
0052-DCKON,0.111,False,avg_monthly_spend; MonthlyCharges; Contract_One year,Normal
0689-DSXGL,0.111,False,is_month_to_month; charge_delta; InternetService_Fiber optic,Normal
6035-BXTTY,0.111,False,is_month_to_month; OnlineSecurity_No; SeniorCitizen,Normal
0810-BDHAW,0.111,False,Contract_One year; PaymentMethod_Electronic check; avg_monthly_spend,Normal
7217-JYHOQ,0.111,False,is_month_to_month; Contract_Month-to-month; PaperlessBilling_No,Normal
2233-TXSIU,0.111,False,MultipleLines_No; Contract_One year; TechSupport_No,Normal
0036-IHMOT,0.111,False,MonthlyCharges; avg_monthly_spend; charge_delta,Normal
9853-JFZDU,0.11,False,is_month_to_month; OnlineSecurity_No; PaymentMethod_Electronic check,Normal
3635-JBPSG,0.11,False,OnlineSecurity_No; tenure; PhoneService_No,Normal
1400-WIVLL,0.11,False,MonthlyCharges; avg_monthly_spend; PaymentMethod_Electronic check,Normal
9848-JQJTX,0.11,False,avg_monthly_spend; charge_delta; MonthlyCharges,Normal
0373-AIVNJ,0.11,False,tenure; PhoneService_No; MultipleLines_No,Normal
1121-QSIVB,0.11,False,charge_delta; Contract_One year; OnlineSecurity_No,Normal
3948-FVVRP,0.11,False,is_month_to_month; OnlineSecurity_No; tenure,Normal
7614-QVWQL,0.11,False,OnlineSecurity_No; charge_delta; Contract_One year,Normal
0594-UFTUL,0.11,False,is_month_to_month; charge_delta; Contract_Month-to-month,Normal
5562-BETPV,0.109,False,tenure; charge_delta; TotalCharges,Normal
8314-DPQHL,0.109,False,tenure; Contract_One year; PhoneService_No,Normal
8318-LCNBW,0.109,False,Contract_One year; PhoneService_No; StreamingMovies_Yes,Normal
7997-EASSD,0.109,False,OnlineSecurity_No; Contract_One year; InternetService_Fiber optic,Normal
3096-YXENJ,0.109,False,avg_monthly_spend; MonthlyCharges; OnlineSecurity_No,Normal
9592-ERDKV,0.109,False,Contract_One year; charge_delta; avg_monthly_spend,Normal
8133-ANHHJ,0.109,False,avg_monthly_spend; MonthlyCharges; Contract_One year,Normal
8909-BOLNL,0.109,False,tenure; TotalCharges; num_services,Normal
7435-ZNUYY,0.109,False,tenure; Contract_One year; Contract_Two year,Normal
0218-QNVAS,0.109,False,MonthlyCharges; avg_monthly_spend; Contract_One year,Normal
7566-DSRLQ,0.109,False,PaymentMethod_Electronic check; OnlineSecurity_No; avg_monthly_spend,Normal
5619-XZZKR,0.109,False,TotalCharges; tenure; num_services,Normal
4946-EDSEW,0.108,False,is_month_to_month; PaperlessBilling_No; Contract_Month-to-month,Normal
4091-TVOCN,0.108,False,Contract_One year; charge_delta; MultipleLines_No,Normal
6784-XYJAE,0.108,False,PaymentMethod_Electronic check; OnlineSecurity_No; Contract_One year,Normal
9391-TTOYH,0.108,False,is_month_to_month; Contract_Month-to-month; PaperlessBilling_No,Normal
8756-RDDLT,0.108,False,is_month_to_month; PaymentMethod_Electronic check; OnlineSecurity_No,Normal
1060-ENTOF,0.108,False,avg_monthly_spend; Contract_One year; charge_delta,Normal
7094-MSZAO,0.108,False,is_month_to_month; Contract_Month-to-month; PaperlessBilling_No,Normal
2324-EFHVG,0.108,False,avg_monthly_spend; MonthlyCharges; OnlineSecurity_No,Normal
6297-NOOPG,0.108,False,PaymentMethod_Electronic check; TotalCharges; OnlineSecurity_No,Normal
6598-RFFVI,0.108,False,tenure; TotalCharges; Contract_One year,Normal
1488-SYSFC,0.108,False,is_month_to_month; PaymentMethod_Electronic check; Contract_Month-to-month,Normal
4429-WYGFR,0.108,False,is_month_to_month; OnlineSecurity_No; Contract_Month-to-month,Normal
8550-XSXUQ,0.108,False,OnlineSecurity_No; Contract_One year; TechSupport_No,Normal
3096-WPXBT,0.108,False,MonthlyCharges; avg_monthly_spend; Contract_One year,Normal
2812-ENYMO,0.108,False,Contract_One year; PhoneService_No; StreamingMovies_Yes,Normal
8845-LWKGE,0.107,False,PaymentMethod_Electronic check; OnlineSecurity_No; Contract_One year,Normal
0516-QREYC,0.107,False,is_month_to_month; SeniorCitizen; Contract_Month-to-month,Normal
3552-CTCYF,0.107,False,avg_monthly_spend; MonthlyCharges; OnlineSecurity_No,Normal
5709-LVOEQ,0.107,False,tenure; TotalCharges; Partner_No,Normal
5345-BMKWB,0.107,False,is_month_to_month; charge_delta; tenure,Normal
9388-ZEYVT,0.107,False,PaymentMethod_Electronic check; OnlineSecurity_No; Contract_One year,Normal
6933-VLYFX,0.107,False,PaymentMethod_Electronic check; charge_delta; Contract_One year,Normal
0723-FDLAY,0.107,False,Contract_One year; avg_monthly_spend; OnlineSecurity_No,Normal
7629-WFGLW,0.107,False,PaymentMethod_Electronic check; Contract_One year; MultipleLines_No,Normal
0323-XWWTN,0.107,False,tenure; MultipleLines_No; TotalCharges,Normal
2391-IPLOP,0.107,False,PaymentMethod_Electronic check; Contract_One year; OnlineSecurity_No,Normal
6242-SGYTS,0.107,False,avg_monthly_spend; MonthlyCharges; Contract_One year,Normal
3594-UVONA,0.107,False,Contract_One year; avg_monthly_spend; MultipleLines_No,Normal
0623-EJQEG,0.107,False,PaymentMethod_Electronic check; Contract_One year; avg_monthly_spend,Normal
1395-OFUWC,0.106,False,is_month_to_month; OnlineSecurity_No; charge_delta,Normal
1237-WIYYZ,0.106,False,is_month_to_month; Contract_Month-to-month; PaperlessBilling_No,Normal
2519-TWKFS,0.106,False,OnlineSecurity_No; Contract_One year; MultipleLines_No,Normal
0536-ACXIP,0.106,False,avg_monthly_spend; MonthlyCharges; charge_delta,Normal
8079-XRJRS,0.106,False,charge_delta; PaymentMethod_Electronic check; avg_monthly_spend,Normal
4626-OZDTJ,0.106,False,Contract_One year; OnlineSecurity_No; Contract_Two year,Normal
0310-VQXAM,0.106,False,is_month_to_month; charge_delta; tenure,Normal
5056-FIMPT,0.106,False,avg_monthly_spend; MonthlyCharges; Contract_One year,Normal
1264-FUHCX,0.106,False,OnlineSecurity_No; Contract_One year; PhoneService_No,Normal
4622-YNKIJ,0.106,False,PaymentMethod_Electronic check; avg_monthly_spend; InternetService_Fiber optic,Normal
2250-IVBWA,0.106,False,is_month_to_month; charge_delta; TotalCharges,Normal
4419-UJMUS,0.106,False,MonthlyCharges; avg_monthly_spend; PaymentMethod_Electronic check,Normal
1371-DWPAZ,0.106,False,tenure; Partner_No; TotalCharges,Normal
4829-ZLJTK,0.105,False,PaymentMethod_Electronic check; SeniorCitizen; InternetService_Fiber optic,Normal
4501-UYKBC,0.105,False,OnlineSecurity_No; Contract_One year; SeniorCitizen,Normal
5360-LJCNJ,0.105,False,avg_monthly_spend; MonthlyCharges; OnlineSecurity_No,Normal
6778-EICRF,0.105,False,Contract_One year; avg_monthly_spend; TechSupport_No,Normal
4568-TTZRT,0.105,False,is_month_to_month; charge_delta; tenure,Normal
4389-UEFCZ,0.105,False,avg_monthly_spend; PaymentMethod_Electronic check; OnlineBackup_No,Normal
3863-IUBJR,0.105,False,OnlineSecurity_No; charge_delta; Contract_One year,Normal
7336-RLLRH,0.105,False,Contract_One year; avg_monthly_spend; Contract_Two year,Normal
9677-AVKED,0.105,False,avg_monthly_spend; Contract_One year; charge_delta,Normal
2129-ALKBS,0.105,False,is_month_to_month; PaymentMethod_Electronic check; TotalCharges,Normal
2294-SALNE,0.105,False,avg_monthly_spend; Contract_One year; OnlineSecurity_No,Normal
2967-MXRAV,0.104,False,tenure; TotalCharges; charge_delta,Normal
3623-FQBOX,0.104,False,is_month_to_month; charge_delta; Contract_Month-to-month,Normal
4119-ZYPZY,0.104,False,avg_monthly_spend; PaymentMethod_Electronic check; MonthlyCharges,Normal
1125-SNVCK,0.104,False,is_month_to_month; SeniorCitizen; OnlineSecurity_No,Normal
9350-ZXYJC,0.104,False,tenure; MultipleLines_No; StreamingTV_No,Normal
6865-JZNKO,0.104,False,is_month_to_month; TechSupport_No; Contract_Month-to-month,Normal
6202-JVYEU,0.104,False,PaymentMethod_Electronic check; tenure; PaperlessBilling_No,Normal
8474-UMLNT,0.104,False,is_month_to_month; tenure; Contract_Month-to-month,Normal
0997-YTLNY,0.104,False,is_month_to_month; OnlineSecurity_No; charge_delta,Normal
8929-KSWIH,0.104,False,MonthlyCharges; avg_monthly_spend; InternetService_Fiber optic,Normal
2165-VOEGB,0.104,False,avg_monthly_spend; Contract_One year; MonthlyCharges,Normal
2023-VQFDL,0.104,False,is_month_to_month; PaymentMethod_Electronic check; Contract_Month-to-month,Normal
8624-GIOUT,0.103,False,is_month_to_month; charge_delta; TechSupport_No,Normal
2530-ENDWQ,0.103,False,OnlineSecurity_No; charge_delta; TechSupport_No,Normal
0186-CAERR,0.103,False,avg_monthly_spend; MonthlyCharges; Contract_One year,Normal
8851-RAGOV,0.103,False,is_month_to_month; Contract_Month-to-month; gender_Female,Normal
6295-OSINB,0.103,False,MonthlyCharges; PaymentMethod_Electronic check; avg_monthly_spend,Normal
6671-NGWON,0.103,False,is_month_to_month; tenure; Contract_Month-to-month,Normal
4827-LTQRJ,0.103,False,avg_monthly_spend; Contract_One year; SeniorCitizen,Normal
4895-TMWIR,0.103,False,is_month_to_month; charge_delta; SeniorCitizen,Normal
7470-DYNOE,0.103,False,OnlineSecurity_No; Contract_One year; PaymentMethod_Electronic check,Normal
1708-PBBOA,0.102,False,PaymentMethod_Electronic check; TotalCharges; Contract_One year,Normal
2239-CFOUJ,0.102,False,tenure; TotalCharges; charge_delta,Normal
2320-YKQBO,0.102,False,is_month_to_month; charge_delta; tenure,Normal
7845-URHJN,0.102,False,is_month_to_month; charge_delta; tenure,Normal
4353-HYOJD,0.102,False,is_month_to_month; charge_delta; OnlineSecurity_No,Normal
6278-FEPBZ,0.102,False,is_month_to_month; tenure; Contract_Month-to-month,Normal
0297-RBCSG,0.102,False,charge_delta; OnlineSecurity_No; Contract_One year,Normal
3716-LRGXK,0.102,False,avg_monthly_spend; MonthlyCharges; OnlineSecurity_No,Normal
8465-SBRXP,0.102,False,avg_monthly_spend; MonthlyCharges; InternetService_Fiber optic,Normal
2969-WGHQO,0.102,False,tenure; PaymentMethod_Electronic check; Contract_One year,Normal
7446-KQISO,0.102,False,MonthlyCharges; avg_monthly_spend; charge_delta,Normal
6979-TNDEU,0.102,False,is_month_to_month; tenure; TotalCharges,Normal
2862-JVEOY,0.102,False,tenure; charge_delta; TotalCharges,Normal
9867-NNXLC,0.102,False,is_month_to_month; charge_delta; PaperlessBilling_No,Normal
0975-UYDTX,0.102,False,avg_monthly_spend; Contract_One year; Contract_Two year,Normal
5084-OOVCJ,0.101,False,is_month_to_month; MonthlyCharges; Contract_Month-to-month,Normal
0725-CXOTM,0.101,False,avg_monthly_spend; Contract_One year; MultipleLines_No,Normal
6568-POCUI,0.101,False,avg_monthly_spend; charge_delta; MonthlyCharges,Normal
1744-JHKYS,0.101,False,is_month_to_month; PaymentMethod_Electronic check; MultipleLines_No,Normal
9546-KDTRB,0.101,False,is_month_to_month; charge_delta; Contract_Month-to-month,Normal
3752-CQSJI,0.101,False,is_month_to_month; charge_delta; Contract_Month-to-month,Normal
5396-IZEPB,0.101,False,is_month_to_month; tenure; Contract_Month-to-month,Normal
8646-JCOMS,0.101,False,OnlineSecurity_No; Contract_One year; avg_monthly_spend,Normal
1004-NOZNR,0.101,False,avg_monthly_spend; TotalCharges; MonthlyCharges,Normal
4903-CNOZC,0.1,False,OnlineSecurity_No; Contract_One year; TechSupport_No,Normal
0667-NSRGI,0.1,False,OnlineSecurity_No; Contract_One year; MultipleLines_No,Normal
5681-LLOEI,0.1,False,avg_monthly_spend; Contract_One year; InternetService_Fiber optic,Normal
0533-UCAAU,0.1,False,OnlineSecurity_No; Contract_One year; SeniorCitizen,Normal
0489-WMEMG,0.1,False,PaymentMethod_Electronic check; OnlineSecurity_No; TotalCharges,Normal
0842-IWYCP,0.1,False,is_month_to_month; charge_delta; OnlineSecurity_No,Normal
4423-JWZJN,0.1,False,Contract_One year; OnlineSecurity_No; avg_monthly_spend,Normal
9932-WBWIK,0.1,False,is_month_to_month; charge_delta; Contract_Month-to-month,Normal
9391-LMANN,0.1,False,avg_monthly_spend; MonthlyCharges; charge_delta,Normal
1991-VOPLL,0.1,False,is_month_to_month; tenure; Contract_Month-to-month,Normal
4697-LUPSU,0.1,False,tenure; TotalCharges; Partner_No,Normal
8457-XIGKN,0.1,False,is_month_to_month; PaperlessBilling_No; Contract_Month-to-month,Normal
9715-WZCLW,0.1,False,PaymentMethod_Electronic check; MonthlyCharges; avg_monthly_spend,Normal
3530-CRZSB,0.1,False,is_month_to_month; tenure; charge_delta,Normal
6289-CPNLD,0.1,False,Contract_One year; TotalCharges; OnlineSecurity_No,Normal
5555-RNPGT,0.1,False,is_month_to_month; MultipleLines_No; tenure,Normal
4464-JCOLN,0.099,False,tenure; TotalCharges; Partner_No,Normal
0750-EKNGL,0.099,False,is_month_to_month; charge_delta; tenure,Normal
5995-OIGLP,0.099,False,is_month_to_month; TotalCharges; OnlineBackup_No,Normal
5286-YHCVC,0.099,False,avg_monthly_spend; OnlineSecurity_No; charge_delta,Normal
9351-LZYGF,0.099,False,is_month_to_month; Contract_Month-to-month; PaperlessBilling_No,Normal
4139-JPIAM,0.099,False,is_month_to_month; PhoneService_No; Contract_Month-to-month,Normal
6661-EIPZC,0.099,False,is_month_to_month; OnlineSecurity_No; PhoneService_No,Normal
9128-CPXKI,0.099,False,charge_delta; avg_monthly_spend; PaymentMethod_Electronic check,Normal
0305-SQECB,0.099,False,tenure; Contract_One year; MultipleLines_No,Normal
3450-WXOAT,0.099,False,is_month_to_month; charge_delta; OnlineSecurity_No,Normal
5756-JYOJT,0.099,False,OnlineSecurity_No; Contract_One year; tenure,Normal
4139-SUGLD,0.099,False,is_month_to_month; charge_delta; TotalCharges,Normal
8610-ZIKJJ,0.099,False,tenure; TotalCharges; Partner_No,Normal
7777-UNYHB,0.099,False,is_month_to_month; charge_delta; Contract_Month-to-month,Normal
6718-BDGHG,0.099,False,OnlineSecurity_No; Contract_One year; MultipleLines_No,Normal
5161-XEUVX,0.098,False,avg_monthly_spend; charge_delta; MonthlyCharges,Normal
8107-RZLNV,0.098,False,avg_monthly_spend; MonthlyCharges; OnlineSecurity_No,Normal
3092-IGHWF,0.098,False,PaymentMethod_Electronic check; avg_monthly_spend; Contract_One year,Normal
2533-QVMSK,0.098,False,PaymentMethod_Electronic check; OnlineSecurity_No; InternetService_Fiber optic,Normal
8224-UAXBZ,0.098,False,PaymentMethod_Electronic check; PhoneService_No; Contract_One year,Normal
9114-AAFQH,0.098,False,Contract_One year; OnlineSecurity_No; PaymentMethod_Electronic check,Normal
5445-PZWGX,0.098,False,avg_monthly_spend; Contract_One year; MonthlyCharges,Normal
5815-HGGHV,0.098,False,charge_delta; Contract_One year; tenure,Normal
9134-WYRVP,0.098,False,avg_monthly_spend; Contract_One year; InternetService_Fiber optic,Normal
8942-DBMHZ,0.098,False,is_month_to_month; Contract_Month-to-month; Contract_Two year,Normal
5025-GOOKI,0.098,False,is_month_to_month; PaperlessBilling_No; Contract_Month-to-month,Normal
5944-UGLLK,0.097,False,OnlineSecurity_No; Contract_One year; PhoneService_No,Normal
1064-FBXNK,0.097,False,tenure; charge_delta; Partner_No,Normal
8752-GHJFU,0.097,False,PaymentMethod_Electronic check; Contract_One year; avg_monthly_spend,Normal
5229-DTFYB,0.097,False,MonthlyCharges; OnlineSecurity_No; InternetService_Fiber optic,Normal
6968-URWQU,0.097,False,TotalCharges; OnlineSecurity_No; Contract_One year,Normal
5195-KPUNQ,0.097,False,MonthlyCharges; avg_monthly_spend; Contract_One year,Normal
5027-YOCXN,0.097,False,Contract_One year; MonthlyCharges; InternetService_Fiber optic,Normal
4822-LPTYJ,0.097,False,avg_monthly_spend; MonthlyCharges; OnlineSecurity_No,Normal
6386-SZZKH,0.097,False,avg_monthly_spend; MonthlyCharges; TotalCharges,Normal
3648-GZPHF,0.097,False,OnlineSecurity_No; TotalCharges; charge_delta,Normal
3099-OONVS,0.097,False,is_month_to_month; PaymentMethod_Electronic check; MonthlyCharges,Normal
7872-RDDLZ,0.097,False,is_month_to_month; SeniorCitizen; OnlineSecurity_No,Normal
4054-CUMIA,0.097,False,is_month_to_month; Contract_Month-to-month; gender_Female,Normal
7641-TQFHN,0.097,False,MonthlyCharges; charge_delta; avg_monthly_spend,Normal
5539-HIVAK,0.097,False,is_month_to_month; SeniorCitizen; TotalCharges,Normal
0484-JPBRU,0.097,False,is_month_to_month; charge_delta; MultipleLines_No,Normal
3621-CHYVB,0.097,False,is_month_to_month; PhoneService_No; Contract_Month-to-month,Normal
8405-IGQFX,0.097,False,OnlineSecurity_No; Contract_One year; avg_monthly_spend,Normal
4000-VGMQP,0.096,False,Contract_One year; OnlineSecurity_No; Contract_Two year,Normal
4765-OXPPD,0.096,False,is_month_to_month; charge_delta; tenure,Normal
4129-LYCOI,0.096,False,avg_monthly_spend; MonthlyCharges; PaymentMethod_Electronic check,Normal
8879-XUAHX,0.096,False,avg_monthly_spend; MonthlyCharges; PaymentMethod_Electronic check,Normal
1696-MZVAU,0.096,False,OnlineSecurity_No; charge_delta; MultipleLines_No,Normal
5153-LXKDT,0.096,False,PaymentMethod_Electronic check; charge_delta; InternetService_Fiber optic,Normal
3518-FSTWG,0.096,False,MonthlyCharges; TechSupport_No; SeniorCitizen,Normal
6648-INWPS,0.096,False,is_month_to_month; PaymentMethod_Electronic check; Contract_Month-to-month,Normal
2120-SMPEX,0.096,False,is_month_to_month; charge_delta; Contract_Month-to-month,Normal
2272-WUSPA,0.096,False,avg_monthly_spend; PaymentMethod_Electronic check; InternetService_Fiber optic,Normal
8565-HBFNN,0.096,False,avg_monthly_spend; Contract_One year; MonthlyCharges,Normal
8065-QBYTO,0.096,False,MonthlyCharges; avg_monthly_spend; Contract_One year,Normal
4011-ARPHK,0.096,False,is_month_to_month; Contract_Month-to-month; TechSupport_No,Normal
0384-LPITE,0.096,False,Contract_One year; PhoneService_No; TechSupport_No,Normal
3181-MIZBN,0.095,False,is_month_to_month; charge_delta; PaymentMethod_Electronic check,Normal
4732-RRJZC,0.095,False,is_month_to_month; tenure; Contract_Month-to-month,Normal
7762-URZQH,0.095,False,avg_monthly_spend; MonthlyCharges; charge_delta,Normal
2791-SFVEW,0.095,False,is_month_to_month; tenure; Contract_Month-to-month,Normal
4808-YNLEU,0.095,False,Contract_One year; charge_delta; TechSupport_No,Normal
2889-FPWRM,0.095,False,avg_monthly_spend; MonthlyCharges; charge_delta,Normal
0895-LNKRC,0.095,False,charge_delta; tenure; TotalCharges,Normal
7459-IMVYU,0.095,False,is_month_to_month; charge_delta; PaymentMethod_Electronic check,Normal
1159-WFSGR,0.095,False,is_month_to_month; charge_delta; PaymentMethod_Electronic check,Normal
7654-YWJUF,0.095,False,avg_monthly_spend; Contract_One year; charge_delta,Normal
5837-LXSDN,0.095,False,OnlineSecurity_No; TotalCharges; charge_delta,Normal
7184-LRUUR,0.095,False,OnlineSecurity_No; Contract_One year; TechSupport_No,Normal
4403-BWPAY,0.095,False,TotalCharges; tenure; MultipleLines_No,Normal
4186-ZBUEW,0.095,False,OnlineSecurity_No; Contract_One year; charge_delta,Normal
1383-EZRWL,0.094,False,is_month_to_month; tenure; TotalCharges,Normal
4654-GGUII,0.094,False,charge_delta; TotalCharges; PhoneService_No,Normal
7445-WMRBW,0.094,False,Contract_One year; OnlineSecurity_No; Contract_Two year,Normal
4713-ZBURT,0.094,False,MonthlyCharges; avg_monthly_spend; OnlineSecurity_No,Normal
3061-BCKYI,0.094,False,is_month_to_month; Contract_Month-to-month; Contract_Two year,Normal
4083-EUGRJ,0.094,False,is_month_to_month; charge_delta; tenure,Normal
5829-NVSQN,0.094,False,Contract_One year; Contract_Two year; gender_Female,Normal
7727-SHVZV,0.094,False,is_month_to_month; tenure; Contract_Month-to-month,Normal
6674-KVJHG,0.094,False,PaymentMethod_Electronic check; Contract_One year; MultipleLines_No,Normal
7954-MLBUN,0.094,False,MonthlyCharges; avg_monthly_spend; OnlineSecurity_No,Normal
1539-LNKHM,0.094,False,is_month_to_month; Contract_Month-to-month; gender_Female,Normal
7812-FZHPE,0.094,False,is_month_to_month; charge_delta; MultipleLines_No,Normal
6933-FHBZC,0.094,False,OnlineSecurity_No; Contract_One year; TechSupport_No,Normal
9730-DRTMJ,0.094,False,charge_delta; Contract_One year; TotalCharges,Normal
5382-TEMLV,0.094,False,is_month_to_month; TechSupport_No; Contract_Month-to-month,Normal
0289-IVARM,0.093,False,is_month_to_month; PaymentMethod_Electronic check; TechSupport_No,Normal
7771-ZONAT,0.093,False,OnlineSecurity_No; PhoneService_No; MultipleLines_No,Normal
2958-NHPPS,0.093,False,is_month_to_month; charge_delta; PaymentMethod_Electronic check,Normal
7956-XQWGU,0.093,False,is_month_to_month; Contract_Month-to-month; PaperlessBilling_No,Normal
7666-WKRON,0.093,False,PaymentMethod_Electronic check; InternetService_Fiber optic; OnlineSecurity_No,Normal
2292-XQWSV,0.093,False,OnlineSecurity_No; TotalCharges; Contract_One year,Normal
1009-IRMNA,0.093,False,is_month_to_month; charge_delta; tenure,Normal
2371-JUNGC,0.093,False,is_month_to_month; Contract_Month-to-month; tenure,Normal
8752-IMQOS,0.093,False,tenure; Partner_No; Contract_One year,Normal
5236-PERKL,0.093,False,avg_monthly_spend; TechSupport_No; InternetService_Fiber optic,Normal
9330-VOFSZ,0.093,False,OnlineSecurity_No; avg_monthly_spend; InternetService_Fiber optic,Normal
7228-PAQPD,0.092,False,OnlineSecurity_No; Contract_One year; tenure,Normal
5081-NWSUP,0.092,False,OnlineSecurity_No; Contract_One year; TotalCharges,Normal
7691-XVTZH,0.092,False,charge_delta; OnlineSecurity_No; TechSupport_No,Normal
8138-EALND,0.092,False,is_month_to_month; tenure; TotalCharges,Normal
7816-VGHTO,0.092,False,OnlineSecurity_No; TotalCharges; tenure,Normal
1114-CENIM,0.092,False,is_month_to_month; OnlineSecurity_No; TechSupport_No,Normal
5663-QBGIS,0.092,False,MonthlyCharges; SeniorCitizen; OnlineSecurity_No,Normal
3969-JQABI,0.092,False,is_month_to_month; charge_delta; TechSupport_No,Normal
1730-VFMWO,0.092,False,is_month_to_month; OnlineSecurity_No; Contract_Month-to-month,Normal
9513-DXHDA,0.092,False,Contract_One year; avg_monthly_spend; PaymentMethod_Electronic check,Normal
5863-OOKCL,0.092,False,is_month_to_month; tenure; Contract_Month-to-month,Normal
5857-XRECV,0.092,False,tenure; Contract_One year; Contract_Two year,Normal
8659-HDIYE,0.091,False,is_month_to_month; SeniorCitizen; OnlineSecurity_No,Normal
2428-ZMCTB,0.091,False,is_month_to_month; tenure; Contract_Month-to-month,Normal
0661-KBKPA,0.091,False,Contract_One year; OnlineSecurity_No; Contract_Two year,Normal
2150-WLKUW,0.091,False,OnlineSecurity_No; Contract_One year; Contract_Two year,Normal
5089-IFSDP,0.091,False,avg_monthly_spend; MonthlyCharges; TotalCharges,Normal
0377-JBKKT,0.091,False,is_month_to_month; charge_delta; Contract_Month-to-month,Normal
2911-IJORQ,0.091,False,avg_monthly_spend; Contract_One year; charge_delta,Normal
0621-JFHOL,0.091,False,tenure; OnlineSecurity_No; PhoneService_No,Normal
8780-RSYYU,0.091,False,is_month_to_month; Contract_Month-to-month; PaperlessBilling_No,Normal
8204-TIFGJ,0.091,False,is_month_to_month; Contract_Month-to-month; PaymentMethod_Bank transfer (automatic),Normal
6036-TTFYU,0.091,False,is_month_to_month; charge_delta; TotalCharges,Normal
6993-YCOBK,0.091,False,PaymentMethod_Electronic check; charge_delta; InternetService_Fiber optic,Normal
8152-VETUR,0.091,False,MonthlyCharges; OnlineSecurity_No; TechSupport_No,Normal
0960-HUWBM,0.091,False,MonthlyCharges; avg_monthly_spend; charge_delta,Normal
9822-BIIGN,0.091,False,is_month_to_month; PaymentMethod_Electronic check; MultipleLines_No,Normal
4159-NAAIX,0.091,False,MonthlyCharges; OnlineSecurity_No; avg_monthly_spend,Normal
5440-FLBQG,0.091,False,avg_monthly_spend; MonthlyCharges; charge_delta,Normal
9308-ANMVE,0.091,False,is_month_to_month; PaymentMethod_Electronic check; TechSupport_No,Normal
0380-ZCSBI,0.091,False,is_month_to_month; charge_delta; tenure,Normal
8865-TNMNX,0.091,False,OnlineSecurity_No; tenure; Contract_One year,Normal
2882-DDZPG,0.091,False,is_month_to_month; charge_delta; tenure,Normal
9931-KGHOA,0.091,False,is_month_to_month; TechSupport_No; Contract_Month-to-month,Normal
8008-ESFLK,0.09,False,PaymentMethod_Electronic check; Contract_One year; charge_delta,Normal
2371-KFUOG,0.09,False,MonthlyCharges; charge_delta; avg_monthly_spend,Normal
4881-GQJTW,0.09,False,is_month_to_month; Contract_Month-to-month; Contract_Two year,Normal
3324-OIRTO,0.09,False,avg_monthly_spend; MonthlyCharges; Contract_One year,Normal
9256-JTBNZ,0.09,False,is_month_to_month; Contract_Month-to-month; PaymentMethod_Bank transfer (automatic),Normal
8350-NYMVI,0.09,False,is_month_to_month; OnlineSecurity_No; PhoneService_No,Normal
3012-VFFMN,0.09,False,is_month_to_month; tenure; Contract_Month-to-month,Normal
0347-UBKUZ,0.09,False,is_month_to_month; charge_delta; TotalCharges,Normal
9798-DRYDS,0.09,False,OnlineSecurity_No; TotalCharges; Contract_One year,Normal
9143-CANJF,0.09,False,is_month_to_month; charge_delta; PaymentMethod_Electronic check,Normal
7432-FFVAR,0.09,False,avg_monthly_spend; Contract_One year; OnlineSecurity_No,Normal
6500-JVEGC,0.09,False,avg_monthly_spend; MonthlyCharges; Contract_One year,Normal
2636-SJDOU,0.09,False,avg_monthly_spend; TotalCharges; Contract_One year,Normal
0193-ESZXP,0.09,False,avg_monthly_spend; MonthlyCharges; TotalCharges,Normal
9586-JGQKH,0.089,False,avg_monthly_spend; MonthlyCharges; OnlineSecurity_No,Normal
4906-ZHGPK,0.089,False,PaymentMethod_Electronic check; Contract_One year; OnlineSecurity_No,Normal
6838-HVLXG,0.089,False,is_month_to_month; Contract_Month-to-month; tenure,Normal
1696-HXOWK,0.089,False,Contract_One year; avg_monthly_spend; TechSupport_No,Normal
7317-GGVPB,0.089,False,avg_monthly_spend; MonthlyCharges; charge_delta,Normal
1334-PDUKM,0.089,False,OnlineSecurity_No; avg_monthly_spend; Contract_One year,Normal
6265-SXWBU,0.089,False,avg_monthly_spend; OnlineSecurity_No; Contract_One year,Normal
1563-IWQEX,0.089,False,is_month_to_month; Contract_Month-to-month; tenure,Normal
8089-UZWLX,0.089,False,avg_monthly_spend; OnlineSecurity_No; MonthlyCharges,Normal
6040-CGACY,0.089,False,is_month_to_month; tenure; TotalCharges,Normal
0557-ASKVU,0.089,False,OnlineSecurity_No; Contract_One year; tenure,Normal
4694-PHWFW,0.089,False,is_month_to_month; charge_delta; tenure,Normal
0487-VVUVK,0.089,False,is_month_to_month; charge_delta; Contract_Month-to-month,Normal
0068-FIGTF,0.088,False,Contract_One year; OnlineSecurity_No; Contract_Two year,Normal
1850-AKQEP,0.088,False,is_month_to_month; TotalCharges; tenure,Normal
0002-ORFBO,0.088,False,OnlineSecurity_No; tenure; Contract_One year,Normal
0742-LAFQK,0.088,False,avg_monthly_spend; MonthlyCharges; PaymentMethod_Electronic check,Normal
5774-XZTQC,0.088,False,is_month_to_month; tenure; Contract_Month-to-month,Normal
7707-PYBBH,0.088,False,is_month_to_month; charge_delta; Contract_Month-to-month,Normal
5327-CNLUQ,0.088,False,avg_monthly_spend; MonthlyCharges; InternetService_Fiber optic,Normal
9518-IMLHK,0.088,False,is_month_to_month; Contract_Month-to-month; PaperlessBilling_No,Normal
9402-ROUMJ,0.088,False,MonthlyCharges; avg_monthly_spend; Contract_One year,Normal
2930-UOTMB,0.088,False,is_month_to_month; charge_delta; Contract_Month-to-month,Normal
7134-HBPBS,0.088,False,avg_monthly_spend; MonthlyCharges; OnlineSecurity_No,Normal
9367-TCUYN,0.087,False,is_month_to_month; Contract_Month-to-month; tenure,Normal
6481-OGDOO,0.087,False,Contract_One year; charge_delta; avg_monthly_spend,Normal
2746-DIJLO,0.087,False,TotalCharges; OnlineSecurity_No; Contract_One year,Normal
7762-ONLJY,0.087,False,tenure; Partner_No; Contract_One year,Normal
3915-ODIYG,0.087,False,PaymentMethod_Electronic check; SeniorCitizen; Contract_One year,Normal
7531-GQHME,0.087,False,is_month_to_month; Contract_Month-to-month; Contract_Two year,Normal
6419-ZTTLE,0.087,False,PaymentMethod_Electronic check; SeniorCitizen; Contract_One year,Normal
4510-PYUSH,0.087,False,is_month_to_month; SeniorCitizen; TechSupport_No,Normal
9139-TWBAS,0.087,False,PhoneService_No; TotalCharges; TechSupport_No,Normal
5777-KJIRB,0.086,False,OnlineSecurity_No; TechSupport_No; Contract_One year,Normal
8467-WYNSR,0.086,False,is_month_to_month; Contract_Month-to-month; Contract_Two year,Normal
4826-DXMUP,0.086,False,TotalCharges; OnlineSecurity_No; Contract_One year,Normal
2330-PQGDQ,0.086,False,avg_monthly_spend; OnlineSecurity_No; charge_delta,Normal
0117-LFRMW,0.086,False,is_month_to_month; charge_delta; TechSupport_No,Normal
0607-MVMGC,0.086,False,Contract_One year; OnlineSecurity_No; charge_delta,Normal
0356-OBMAC,0.086,False,MonthlyCharges; avg_monthly_spend; OnlineSecurity_No,Normal
1162-ECVII,0.086,False,MonthlyCharges; OnlineSecurity_No; avg_monthly_spend,Normal
2466-NEJOJ,0.086,False,is_month_to_month; tenure; Contract_Month-to-month,Normal
6480-YAGIY,0.086,False,charge_delta; Contract_One year; MonthlyCharges,Normal
6766-HFKLA,0.086,False,MonthlyCharges; charge_delta; avg_monthly_spend,Normal
9972-NKTFD,0.085,False,is_month_to_month; charge_delta; OnlineSecurity_No,Normal
0748-RDGGM,0.085,False,avg_monthly_spend; MonthlyCharges; TotalCharges,Normal
9522-ZSINC,0.085,False,charge_delta; PaymentMethod_Electronic check; tenure,Normal
9052-DHNKM,0.085,False,charge_delta; PaymentMethod_Electronic check; Contract_One year,Normal
8707-HOEDG,0.085,False,TotalCharges; PaymentMethod_Electronic check; avg_monthly_spend,Normal
3750-RNQKR,0.085,False,is_month_to_month; Contract_Month-to-month; tenure,Normal
3115-JPJDD,0.085,False,Contract_One year; TechSupport_No; avg_monthly_spend,Normal
7036-TYDEC,0.085,False,avg_monthly_spend; MonthlyCharges; PaymentMethod_Electronic check,Normal
5304-EFJLP,0.085,False,OnlineSecurity_No; InternetService_Fiber optic; SeniorCitizen,Normal
9488-FYQAU,0.085,False,avg_monthly_spend; MonthlyCharges; OnlineSecurity_No,Normal
7718-UPSKJ,0.085,False,avg_monthly_spend; Contract_One year; MonthlyCharges,Normal
3696-XRIEN,0.085,False,avg_monthly_spend; Contract_One year; MonthlyCharges,Normal
2144-ESWKO,0.085,False,PhoneService_No; Contract_One year; TechSupport_No,Normal
4654-DLAMQ,0.085,False,avg_monthly_spend; Contract_One year; MonthlyCharges,Normal
6266-QHOJZ,0.085,False,charge_delta; PaymentMethod_Electronic check; avg_monthly_spend,Normal
1898-JSNDC,0.085,False,OnlineSecurity_No; Contract_One year; TechSupport_No,Normal
5701-GUXDC,0.084,False,PhoneService_No; MultipleLines_No; Contract_One year,Normal
7519-JTWQH,0.084,False,avg_monthly_spend; MonthlyCharges; OnlineSecurity_No,Normal
5724-BIDBU,0.084,False,PaymentMethod_Electronic check; Contract_One year; MultipleLines_No,Normal
7182-OVLBJ,0.084,False,avg_monthly_spend; MonthlyCharges; InternetService_Fiber optic,Normal
5504-WSIUR,0.084,False,OnlineSecurity_No; Contract_One year; avg_monthly_spend,Normal
2830-LEWOA,0.084,False,avg_monthly_spend; MonthlyCharges; OnlineSecurity_No,Normal
7208-PSIHR,0.084,False,avg_monthly_spend; MonthlyCharges; OnlineSecurity_No,Normal
1090-PYKCI,0.084,False,avg_monthly_spend; Contract_One year; charge_delta,Normal
7931-PXHFC,0.084,False,TotalCharges; OnlineSecurity_No; Contract_One year,Normal
1877-HKBQX,0.084,False,tenure; Contract_One year; Contract_Two year,Normal
1527-SXDPN,0.084,False,charge_delta; MonthlyCharges; avg_monthly_spend,Normal
4795-WRNVT,0.084,False,is_month_to_month; charge_delta; TechSupport_No,Normal
4682-BLBUC,0.084,False,Contract_One year; PaymentMethod_Electronic check; OnlineSecurity_No,Normal
5269-NRGDP,0.084,False,Contract_One year; OnlineSecurity_No; PaymentMethod_Electronic check,Normal
1536-YHDOE,0.084,False,TotalCharges; Contract_One year; MultipleLines_No,Normal
1301-LOPVR,0.084,False,Contract_One year; PhoneService_No; MultipleLines_No,Normal
3441-CGZJH,0.084,False,Contract_One year; PhoneService_No; gender_Female,Normal
3192-NQECA,0.084,False,OnlineSecurity_No; InternetService_Fiber optic; MultipleLines_No,Normal
6257-DTAYD,0.083,False,avg_monthly_spend; MonthlyCharges; charge_delta,Normal
9405-GPBBG,0.083,False,OnlineSecurity_No; InternetService_Fiber optic; MultipleLines_No,Normal
8246-SHFGA,0.083,False,is_month_to_month; Contract_Month-to-month; Contract_Two year,Normal
9386-LDCZR,0.083,False,charge_delta; avg_monthly_spend; Contract_One year,Normal
7233-IOQNP,0.083,False,is_month_to_month; PhoneService_No; Contract_Month-to-month,Normal
0661-KQHNK,0.083,False,tenure; Partner_No; gender_Female,Normal
2450-ZKEED,0.083,False,OnlineSecurity_No; charge_delta; Contract_One year,Normal
3259-FDWOY,0.083,False,avg_monthly_spend; MonthlyCharges; TotalCharges,Normal
0392-BZIUW,0.083,False,avg_monthly_spend; MonthlyCharges; TechSupport_No,Normal
7998-ZLXWN,0.083,False,is_month_to_month; Contract_Month-to-month; charge_delta,Normal
3597-YASZG,0.083,False,avg_monthly_spend; MonthlyCharges; SeniorCitizen,Normal
4712-UYOOI,0.083,False,is_month_to_month; PaymentMethod_Electronic check; Contract_Month-to-month,Normal
6408-OTUBZ,0.083,False,avg_monthly_spend; Contract_One year; MonthlyCharges,Normal
9933-QRGTX,0.083,False,PaymentMethod_Electronic check; OnlineBackup_No; InternetService_Fiber optic,Normal
2578-JQPHZ,0.083,False,MonthlyCharges; charge_delta; avg_monthly_spend,Normal
8822-KNBHV,0.083,False,avg_monthly_spend; Contract_One year; Contract_Two year,Normal
2243-FNMMI,0.083,False,is_month_to_month; Contract_Month-to-month; charge_delta,Normal
7136-IHZJA,0.083,False,is_month_to_month; charge_delta; Contract_Month-to-month,Normal
4806-DXQCE,0.082,False,charge_delta; TotalCharges; PaymentMethod_Electronic check,Normal
6838-YAUVY,0.082,False,avg_monthly_spend; MonthlyCharges; charge_delta,Normal
6967-PEJLL,0.082,False,PaymentMethod_Electronic check; Contract_One year; MultipleLines_No,Normal
6603-QWSPR,0.082,False,avg_monthly_spend; MonthlyCharges; InternetService_Fiber optic,Normal
5795-KTGUD,0.082,False,TechSupport_No; InternetService_Fiber optic; MultipleLines_No,Normal
8261-GWDBQ,0.082,False,avg_monthly_spend; charge_delta; MonthlyCharges,Normal
2773-OVBPK,0.082,False,avg_monthly_spend; OnlineSecurity_No; InternetService_Fiber optic,Normal
1171-TYKUR,0.082,False,is_month_to_month; TotalCharges; PaymentMethod_Electronic check,Normal
5577-OTWWW,0.082,False,is_month_to_month; charge_delta; tenure,Normal
4063-EIKNQ,0.082,False,is_month_to_month; PaymentMethod_Bank transfer (automatic); Contract_Month-to-month,Normal
3374-TTZTK,0.082,False,MonthlyCharges; avg_monthly_spend; TotalCharges,Normal
5297-MDOIR,0.082,False,avg_monthly_spend; Contract_One year; TechSupport_No,Normal
2724-FJDYW,0.082,False,OnlineSecurity_No; Contract_One year; charge_delta,Normal
3486-KHMLI,0.082,False,is_month_to_month; MultipleLines_No; Contract_Month-to-month,Normal
6476-EPYZR,0.082,False,is_month_to_month; Contract_Month-to-month; Contract_Two year,Normal
0201-MIBOL,0.082,False,MonthlyCharges; SeniorCitizen; charge_delta,Normal
8016-ZMGMO,0.082,False,OnlineSecurity_No; SeniorCitizen; Contract_One year,Normal
4776-XSKYQ,0.082,False,OnlineSecurity_No; Contract_One year; tenure,Normal
0106-UGRDO,0.082,False,avg_monthly_spend; MonthlyCharges; PaymentMethod_Electronic check,Normal
2223-KAGMX,0.082,False,is_month_to_month; charge_delta; MonthlyCharges,Normal
7156-MXBJE,0.082,False,charge_delta; avg_monthly_spend; Contract_One year,Normal
5032-USPKF,0.081,False,avg_monthly_spend; Contract_One year; charge_delta,Normal
4049-ZPALD,0.081,False,MonthlyCharges; avg_monthly_spend; TechSupport_No,Normal
6616-AALSR,0.081,False,avg_monthly_spend; MonthlyCharges; charge_delta,Normal
5748-RNCJT,0.081,False,avg_monthly_spend; MonthlyCharges; OnlineBackup_No,Normal
0112-QWPNC,0.081,False,avg_monthly_spend; Contract_One year; PaymentMethod_Electronic check,Normal
4079-ULGFR,0.081,False,is_month_to_month; Contract_Month-to-month; num_services,Normal
4801-KFYKL,0.081,False,is_month_to_month; tenure; PaymentMethod_Bank transfer (automatic),Normal
5998-DZLYR,0.081,False,charge_delta; MonthlyCharges; OnlineSecurity_No,Normal
2205-LPVGL,0.081,False,TotalCharges; avg_monthly_spend; SeniorCitizen,Normal
4418-LZMSV,0.081,False,is_month_to_month; OnlineSecurity_No; Contract_Month-to-month,Normal
1136-XGEQU,0.081,False,avg_monthly_spend; Contract_One year; charge_delta,Normal
4104-PVRPS,0.081,False,is_month_to_month; charge_delta; Contract_Month-to-month,Normal
1150-FTQGN,0.081,False,avg_monthly_spend; Contract_One year; MonthlyCharges,Normal
2338-BQEZT,0.081,False,is_month_to_month; TechSupport_No; Contract_Month-to-month,Normal
3229-USWAR,0.081,False,Contract_One year; avg_monthly_spend; MonthlyCharges,Normal
0201-OAMXR,0.081,False,avg_monthly_spend; Contract_One year; MonthlyCharges,Normal
2408-PSJVE,0.081,False,is_month_to_month; charge_delta; OnlineSecurity_No,Normal
9711-FJTBX,0.081,False,Contract_One year; charge_delta; OnlineSecurity_No,Normal
6308-CQRBU,0.081,False,avg_monthly_spend; MonthlyCharges; TotalCharges,Normal
4366-CTOUZ,0.08,False,MonthlyCharges; avg_monthly_spend; OnlineSecurity_No,Normal
6992-TKNYO,0.08,False,Contract_One year; OnlineSecurity_No; charge_delta,Normal
8879-ZKJOF,0.08,False,Contract_One year; avg_monthly_spend; MonthlyCharges,Normal
7542-CYDDM,0.08,False,is_month_to_month; charge_delta; Contract_Month-to-month,Normal
1545-JFUML,0.08,False,PaymentMethod_Electronic check; charge_delta; MonthlyCharges,Normal
6502-KUGLL,0.08,False,is_month_to_month; Contract_Month-to-month; gender_Female,Normal
0635-WKOLD,0.08,False,OnlineSecurity_No; Contract_One year; Contract_Two year,Normal
3898-BSJYF,0.08,False,Contract_One year; tenure; TotalCharges,Normal
5514-YQENT,0.08,False,MonthlyCharges; PaymentMethod_Electronic check; InternetService_Fiber optic,Normal
8406-LNMHF,0.08,False,avg_monthly_spend; SeniorCitizen; Contract_One year,Normal
2634-HCZGT,0.08,False,PaymentMethod_Electronic check; SeniorCitizen; Contract_One year,Normal
8735-NBLWT,0.08,False,is_month_to_month; charge_delta; tenure,Normal
1779-PWPMG,0.08,False,avg_monthly_spend; SeniorCitizen; InternetService_Fiber optic,Normal
9695-IDRZR,0.08,False,avg_monthly_spend; MonthlyCharges; InternetService_Fiber optic,Normal
9362-MWODR,0.08,False,is_month_to_month; TotalCharges; Contract_Month-to-month,Normal
2651-ZCBXV,0.08,False,avg_monthly_spend; MonthlyCharges; TotalCharges,Normal
6941-KXRRV,0.08,False,OnlineSecurity_No; SeniorCitizen; Contract_One year,Normal
1057-FOGLZ,0.08,False,is_month_to_month; Contract_Month-to-month; gender_Female,Normal
9309-BZGNT,0.08,False,OnlineSecurity_No; Contract_One year; SeniorCitizen,Normal
1480-BKXGA,0.079,False,avg_monthly_spend; MonthlyCharges; InternetService_Fiber optic,Normal
1891-QRQSA,0.079,False,charge_delta; SeniorCitizen; InternetService_Fiber optic,Normal
1444-VVSGW,0.079,False,avg_monthly_spend; Contract_One year; MonthlyCharges,Normal
5954-BDFSG,0.079,False,MonthlyCharges; avg_monthly_spend; OnlineSecurity_No,Normal
2197-OMWGI,0.079,False,PaymentMethod_Electronic check; SeniorCitizen; OnlineSecurity_No,Normal
6075-QMNRR,0.079,False,is_month_to_month; charge_delta; TechSupport_No,Normal
9555-SAHUZ,0.079,False,is_month_to_month; PaymentMethod_Electronic check; charge_delta,Normal
2499-AJYUA,0.079,False,avg_monthly_spend; OnlineSecurity_No; SeniorCitizen,Normal
1282-IHQAC,0.078,False,OnlineSecurity_No; SeniorCitizen; charge_delta,Normal
2834-JRTUA,0.078,False,avg_monthly_spend; charge_delta; TotalCharges,Normal
8220-OCUFY,0.078,False,PaymentMethod_Electronic check; charge_delta; tenure,Normal
3351-NQLDI,0.078,False,avg_monthly_spend; MonthlyCharges; Contract_One year,Normal
4488-PSYCG,0.078,False,is_month_to_month; TotalCharges; Contract_Month-to-month,Normal
4057-FKCZK,0.078,False,avg_monthly_spend; OnlineSecurity_No; TechSupport_No,Normal
3137-NYQQI,0.078,False,TotalCharges; Contract_One year; StreamingMovies_Yes,Normal
0208-BPQEJ,0.078,False,is_month_to_month; Contract_Month-to-month; num_services,Normal
5447-VYTKW,0.078,False,is_month_to_month; Contract_Month-to-month; Contract_Two year,Normal
4837-QUSFT,0.078,False,MonthlyCharges; avg_monthly_spend; Contract_One year,Normal
8573-CGOCC,0.078,False,is_month_to_month; Contract_Month-to-month; tenure,Normal
3387-PLKUI,0.078,False,is_month_to_month; Contract_Month-to-month; tenure,Normal
5294-CDGWY,0.078,False,PaymentMethod_Electronic check; Contract_One year; charge_delta,Normal
5789-LDFXO,0.078,False,PaymentMethod_Electronic check; charge_delta; Contract_One year,Normal
9967-ATRFS,0.077,False,is_month_to_month; charge_delta; Contract_Month-to-month,Normal
6440-DKQGE,0.077,False,OnlineSecurity_No; Contract_One year; charge_delta,Normal
9866-OCCKE,0.077,False,MonthlyCharges; avg_monthly_spend; InternetService_Fiber optic,Normal
3282-ZISZV,0.077,False,avg_monthly_spend; Contract_One year; OnlineSecurity_No,Normal
4043-MKDTV,0.077,False,PaymentMethod_Electronic check; MonthlyCharges; OnlineSecurity_No,Normal
2469-DTSGX,0.077,False,PaymentMethod_Electronic check; SeniorCitizen; OnlineSecurity_No,Normal
8221-EQDGL,0.077,False,is_month_to_month; charge_delta; TechSupport_No,Normal
4770-QAZXN,0.077,False,is_month_to_month; tenure; Contract_Month-to-month,Normal
9432-RUVSL,0.077,False,avg_monthly_spend; charge_delta; MonthlyCharges,Normal
5578-NKCXI,0.077,False,MonthlyCharges; avg_monthly_spend; Contract_One year,Normal
0716-BQNDX,0.077,False,PaymentMethod_Electronic check; MultipleLines_No; SeniorCitizen,Normal
8071-SBTRN,0.077,False,TotalCharges; charge_delta; InternetService_Fiber optic,Normal
1218-VKFPE,0.077,False,is_month_to_month; Contract_Month-to-month; TotalCharges,Normal
4385-ZKVNW,0.077,False,is_month_to_month; OnlineSecurity_No; Contract_Month-to-month,Normal
1247-QBVSH,0.076,False,is_month_to_month; OnlineSecurity_No; TechSupport_No,Normal
6682-QJDGB,0.076,False,is_month_to_month; MonthlyCharges; TechSupport_No,Normal
9955-QOPOY,0.076,False,OnlineSecurity_No; Contract_One year; PhoneService_No,Normal
8823-RLPWL,0.076,False,avg_monthly_spend; InternetService_Fiber optic; TechSupport_No,Normal
0164-APGRB,0.076,False,avg_monthly_spend; charge_delta; PaymentMethod_Electronic check,Normal
0020-JDNXP,0.076,False,Contract_One year; PhoneService_No; gender_Female,Normal
1621-YNCJH,0.076,False,avg_monthly_spend; MonthlyCharges; InternetService_Fiber optic,Normal
9754-CLVZW,0.076,False,is_month_to_month; PhoneService_No; Contract_Month-to-month,Normal
2038-YSEZE,0.076,False,is_month_to_month; Contract_Month-to-month; gender_Female,Normal
9924-JPRMC,0.076,False,avg_monthly_spend; PaymentMethod_Electronic check; MonthlyCharges,Normal
2877-VDUER,0.076,False,OnlineSecurity_No; Contract_One year; PhoneService_No,Normal
1474-JUWSM,0.076,False,PaymentMethod_Electronic check; charge_delta; Contract_One year,Normal
4003-OCTMP,0.076,False,PaymentMethod_Electronic check; Contract_One year; Contract_Two year,Normal
6937-GCDGQ,0.076,False,TechSupport_No; Contract_One year; tenure,Normal
6082-GLJIX,0.076,False,is_month_to_month; charge_delta; Contract_Month-to-month,Normal
9691-HKOVS,0.076,False,Contract_One year; PaymentMethod_Electronic check; avg_monthly_spend,Normal
8029-XYPWT,0.075,False,avg_monthly_spend; charge_delta; InternetService_Fiber optic,Normal
4815-YOSUK,0.075,False,avg_monthly_spend; Contract_One year; charge_delta,Normal
3301-VKTGC,0.075,False,avg_monthly_spend; Contract_One year; MultipleLines_No,Normal
3823-KYNQY,0.075,False,avg_monthly_spend; tenure; Contract_One year,Normal
0266-CLZKZ,0.075,False,MonthlyCharges; charge_delta; avg_monthly_spend,Normal
5671-RQRLP,0.075,False,OnlineSecurity_No; TotalCharges; SeniorCitizen,Normal
8984-HPEMB,0.075,False,avg_monthly_spend; PaymentMethod_Electronic check; MonthlyCharges,Normal
6196-HBOBZ,0.075,False,MonthlyCharges; PaymentMethod_Electronic check; InternetService_Fiber optic,Normal
5537-UXXVS,0.075,False,is_month_to_month; charge_delta; Contract_Month-to-month,Normal
5160-UXJED,0.075,False,OnlineSecurity_No; Contract_One year; TechSupport_No,Normal
0080-EMYVY,0.075,False,OnlineSecurity_No; Contract_One year; TechSupport_No,Normal
6435-VWCCY,0.075,False,charge_delta; SeniorCitizen; avg_monthly_spend,Normal
0496-AHOOK,0.075,False,Contract_One year; StreamingMovies_Yes; Contract_Two year,Normal
4318-RAJVY,0.075,False,charge_delta; tenure; TotalCharges,Normal
3205-MXZRA,0.074,False,OnlineSecurity_No; Contract_One year; Contract_Two year,Normal
2483-XSSMZ,0.074,False,PaymentMethod_Electronic check; Contract_One year; TechSupport_No,Normal
5012-YSPJJ,0.074,False,is_month_to_month; OnlineSecurity_No; Contract_Month-to-month,Normal
2717-HVIZY,0.074,False,is_month_to_month; tenure; TotalCharges,Normal
2988-QRAJY,0.074,False,avg_monthly_spend; charge_delta; InternetService_Fiber optic,Normal
4670-TABXH,0.074,False,avg_monthly_spend; MonthlyCharges; charge_delta,Normal
9498-FIMXL,0.074,False,tenure; PaperlessBilling_No; TotalCharges,Normal
1338-CECEE,0.074,False,OnlineSecurity_No; Contract_One year; TechSupport_No,Normal
7032-LMBHI,0.074,False,TotalCharges; Contract_One year; TechSupport_No,Normal
7541-YLXCL,0.074,False,charge_delta; TotalCharges; OnlineSecurity_No,Normal
7047-YXDMZ,0.074,False,is_month_to_month; charge_delta; Contract_Month-to-month,Normal
5756-OZRIO,0.074,False,OnlineSecurity_No; SeniorCitizen; Contract_One year,Normal
8681-ICONS,0.074,False,is_month_to_month; Contract_Month-to-month; PaperlessBilling_No,Normal
2887-JPYLU,0.074,False,is_month_to_month; charge_delta; OnlineSecurity_No,Normal
9558-IHEZX,0.074,False,MonthlyCharges; avg_monthly_spend; InternetService_Fiber optic,Normal
4942-VZZOM,0.074,False,Contract_One year; MultipleLines_No; TechSupport_No,Normal
2096-XOTMO,0.073,False,is_month_to_month; Contract_Month-to-month; TotalCharges,Normal
0628-CNQRM,0.073,False,Contract_One year; tenure; Contract_Two year,Normal
2316-ESMLS,0.073,False,Contract_One year; MultipleLines_No; Partner_No,Normal
5271-YNWVR,0.073,False,avg_monthly_spend; PaymentMethod_Electronic check; InternetService_Fiber optic,Normal
9473-CBZOP,0.073,False,charge_delta; Contract_One year; TechSupport_No,Normal
2868-LLSKM,0.073,False,avg_monthly_spend; OnlineSecurity_No; Contract_One year,Normal
5018-LXQQG,0.073,False,is_month_to_month; Contract_Month-to-month; gender_Female,Normal
8631-XVRZL,0.073,False,tenure; PaperlessBilling_No; Contract_One year,Normal
8741-LQOBK,0.073,False,is_month_to_month; PhoneService_No; TechSupport_No,Normal
0134-XWXCE,0.073,False,Contract_One year; charge_delta; SeniorCitizen,Normal
4328-VUFWD,0.073,False,OnlineSecurity_No; Contract_One year; PaymentMethod_Electronic check,Normal
4922-CVPDX,0.073,False,OnlineSecurity_No; TechSupport_No; charge_delta,Normal
6506-EYCNH,0.073,False,is_month_to_month; charge_delta; Contract_Month-to-month,Normal
1045-LTCYT,0.073,False,is_month_to_month; tenure; Contract_Month-to-month,Normal
1866-ZSLJM,0.073,False,is_month_to_month; Contract_Month-to-month; Contract_Two year,Normal
7901-IIDQV,0.073,False,OnlineSecurity_No; Contract_One year; Contract_Two year,Normal
1097-FSPVW,0.072,False,is_month_to_month; TotalCharges; Contract_Month-to-month,Normal
4598-ZADCK,0.072,False,PaymentMethod_Electronic check; PhoneService_No; Contract_One year,Normal
3190-FZATL,0.072,False,is_month_to_month; charge_delta; Contract_Month-to-month,Normal
4199-QHJNM,0.072,False,avg_monthly_spend; MonthlyCharges; OnlineSecurity_No,Normal
1183-CANVH,0.072,False,OnlineSecurity_No; Contract_One year; Contract_Two year,Normal
9845-PEEKO,0.072,False,SeniorCitizen; OnlineSecurity_No; TechSupport_No,Normal
8853-TZDGH,0.072,False,OnlineSecurity_No; avg_monthly_spend; InternetService_Fiber optic,Normal
3315-IKYZQ,0.072,False,Contract_One year; Contract_Two year; PhoneService_No,Normal
2683-JXWQQ,0.072,False,is_month_to_month; TechSupport_No; PhoneService_No,Normal
5414-OFQCB,0.072,False,TotalCharges; OnlineSecurity_No; avg_monthly_spend,Normal
1291-CUOCY,0.072,False,avg_monthly_spend; OnlineSecurity_No; InternetService_Fiber optic,Normal
2150-UWTFY,0.072,False,is_month_to_month; Partner_No; gender_Female,Normal
8226-BXGES,0.072,False,charge_delta; avg_monthly_spend; Contract_One year,Normal
3824-RHKVR,0.072,False,is_month_to_month; Contract_Month-to-month; gender_Female,Normal
7971-HLVXI,0.072,False,OnlineSecurity_No; avg_monthly_spend; TechSupport_No,Normal
8461-EFQYM,0.072,False,PaymentMethod_Electronic check; MultipleLines_No; Contract_One year,Normal
4616-ULAOA,0.072,False,OnlineSecurity_No; InternetService_Fiber optic; MultipleLines_No,Normal
3197-NNYNB,0.071,False,avg_monthly_spend; MonthlyCharges; OnlineSecurity_No,Normal
3090-HAWSU,0.071,False,avg_monthly_spend; InternetService_Fiber optic; Dependents_No,Normal
8707-RMEZH,0.071,False,avg_monthly_spend; SeniorCitizen; Contract_One year,Normal
8819-ZBYNA,0.071,False,MonthlyCharges; avg_monthly_spend; InternetService_Fiber optic,Normal
8387-UGUSU,0.071,False,is_month_to_month; charge_delta; tenure,Normal
2546-KZAAT,0.071,False,Contract_One year; charge_delta; avg_monthly_spend,Normal
5260-UMPWX,0.071,False,is_month_to_month; charge_delta; Contract_Month-to-month,Normal
7753-USQYQ,0.071,False,Contract_One year; OnlineSecurity_No; PaymentMethod_Electronic check,Normal
8200-KLNYW,0.071,False,Contract_One year; avg_monthly_spend; Contract_Two year,Normal
1832-PEUTS,0.071,False,TotalCharges; OnlineSecurity_No; TechSupport_No,Normal
9861-PDSZP,0.071,False,avg_monthly_spend; MonthlyCharges; OnlineSecurity_No,Normal
0565-JUPYD,0.071,False,avg_monthly_spend; Contract_One year; MonthlyCharges,Normal
7758-UJWYS,0.071,False,PaymentMethod_Electronic check; OnlineSecurity_No; MultipleLines_No,Normal
3280-MRDOF,0.07,False,SeniorCitizen; OnlineSecurity_No; MultipleLines_No,Normal
6250-CGGUN,0.07,False,avg_monthly_spend; PaymentMethod_Electronic check; Contract_One year,Normal
2484-DGXPZ,0.07,False,is_month_to_month; charge_delta; Contract_Month-to-month,Normal
7925-PNRGI,0.07,False,is_month_to_month; Contract_Month-to-month; MultipleLines_No,Normal
5384-ZTTWP,0.07,False,is_month_to_month; tenure; Contract_Month-to-month,Normal
6319-QSUSR,0.07,False,is_month_to_month; charge_delta; Contract_Month-to-month,Normal
7049-GKVZY,0.07,False,Contract_One year; avg_monthly_spend; Contract_Two year,Normal
2522-WLNSF,0.07,False,SeniorCitizen; OnlineSecurity_No; Contract_One year,Normal
7663-CUXZB,0.07,False,MonthlyCharges; PaymentMethod_Electronic check; InternetService_Fiber optic,Normal
6341-JVQGF,0.07,False,Contract_One year; avg_monthly_spend; Contract_Two year,Normal
0983-TATYJ,0.07,False,OnlineSecurity_No; Contract_One year; Contract_Two year,Normal
4730-AWNAU,0.07,False,Contract_One year; charge_delta; PhoneService_No,Normal
5135-GRQJV,0.07,False,avg_monthly_spend; InternetService_Fiber optic; MultipleLines_No,Normal
8263-QMNTJ,0.07,False,avg_monthly_spend; PaymentMethod_Electronic check; MonthlyCharges,Normal
4137-JOPHL,0.069,False,OnlineSecurity_No; InternetService_Fiber optic; PaperlessBilling_No,Normal
5393-HJZSM,0.069,False,is_month_to_month; TotalCharges; gender_Female,Normal
6861-OKBCE,0.069,False,is_month_to_month; charge_delta; Contract_Month-to-month,Normal
8309-PPCED,0.069,False,OnlineSecurity_No; avg_monthly_spend; InternetService_Fiber optic,Normal
3022-BEXHZ,0.069,False,OnlineSecurity_No; InternetService_Fiber optic; avg_monthly_spend,Normal
5092-STPKP,0.069,False,is_month_to_month; charge_delta; Contract_Month-to-month,Normal
7657-DYEPJ,0.069,False,TotalCharges; OnlineSecurity_No; SeniorCitizen,Normal
5203-XEHAX,0.069,False,PaymentMethod_Electronic check; Contract_One year; TechSupport_No,Normal
6131-IUNXN,0.069,False,is_month_to_month; charge_delta; Contract_Month-to-month,Normal
2926-JEJJC,0.069,False,tenure; PaperlessBilling_No; Contract_One year,Normal
8041-TMEID,0.069,False,MonthlyCharges; SeniorCitizen; TechSupport_No,Normal
5546-QUERU,0.069,False,charge_delta; tenure; Contract_One year,Normal
6663-JOCQO,0.068,False,Contract_One year; TotalCharges; avg_monthly_spend,Normal
1702-CCFNJ,0.068,False,is_month_to_month; charge_delta; OnlineSecurity_No,Normal
6670-MFRPK,0.068,False,TotalCharges; charge_delta; OnlineSecurity_No,Normal
9750-BOOHV,0.068,False,TotalCharges; Contract_One year; PhoneService_No,Normal
5214-NLTIT,0.068,False,OnlineSecurity_No; charge_delta; TechSupport_No,Normal
2056-EVGZL,0.068,False,avg_monthly_spend; MonthlyCharges; OnlineSecurity_No,Normal
0895-UADGO,0.068,False,tenure; PhoneService_No; MultipleLines_No,Normal
6734-FQAJX,0.068,False,avg_monthly_spend; MonthlyCharges; PaymentMethod_Electronic check,Normal
9938-ZREHM,0.068,False,OnlineSecurity_No; Contract_One year; charge_delta,Normal
2171-UDMFD,0.068,False,is_month_to_month; Contract_Month-to-month; charge_delta,Normal
2164-SOQXL,0.068,False,is_month_to_month; Contract_Month-to-month; gender_Female,Normal
3739-YBWAB,0.068,False,Contract_One year; PhoneService_No; charge_delta,Normal
9170-GYZJC,0.068,False,is_month_to_month; avg_monthly_spend; charge_delta,Normal
9917-KWRBE,0.068,False,avg_monthly_spend; Contract_One year; charge_delta,Normal
4578-PHJYZ,0.068,False,PaymentMethod_Electronic check; Contract_One year; OnlineSecurity_No,Normal
0020-INWCK,0.068,False,OnlineSecurity_No; TechSupport_No; MultipleLines_No,Normal
4576-CSAJH,0.068,False,charge_delta; TotalCharges; OnlineSecurity_No,Normal
4815-TUMEQ,0.068,False,charge_delta; tenure; PaperlessBilling_No,Normal
2834-JKOOW,0.068,False,tenure; TotalCharges; PhoneService_No,Normal
7407-SUJIZ,0.068,False,is_month_to_month; Contract_Month-to-month; Contract_Two year,Normal
1038-RQOST,0.067,False,is_month_to_month; charge_delta; Contract_Month-to-month,Normal
9577-WJVCQ,0.067,False,is_month_to_month; charge_delta; TechSupport_No,Normal
7839-NUIAA,0.067,False,is_month_to_month; PaymentMethod_Electronic check; TechSupport_No,Normal
4018-KJYUY,0.067,False,is_month_to_month; charge_delta; Contract_Month-to-month,Normal
7765-LWVVH,0.067,False,PaymentMethod_Electronic check; avg_monthly_spend; charge_delta,Normal
4611-ANLQC,0.067,False,PaymentMethod_Electronic check; PhoneService_No; Contract_One year,Normal
3224-DFQNQ,0.067,False,avg_monthly_spend; PaymentMethod_Electronic check; Contract_One year,Normal
6620-HVDUJ,0.067,False,is_month_to_month; charge_delta; Contract_Month-to-month,Normal
5049-MUBWG,0.067,False,Contract_One year; StreamingMovies_Yes; Contract_Two year,Normal
7923-IYJWY,0.066,False,avg_monthly_spend; TotalCharges; MonthlyCharges,Normal
0536-BGFMZ,0.066,False,is_month_to_month; charge_delta; Contract_Month-to-month,Normal
2054-PJOCK,0.066,False,Contract_One year; avg_monthly_spend; OnlineSecurity_No,Normal
9788-HNGUT,0.066,False,avg_monthly_spend; MonthlyCharges; InternetService_Fiber optic,Normal
8788-DOXSU,0.066,False,OnlineSecurity_No; Contract_One year; TechSupport_No,Normal
2790-XUYMV,0.066,False,avg_monthly_spend; charge_delta; Contract_One year,Normal
7508-KBIMB,0.066,False,Contract_One year; TechSupport_No; Partner_No,Normal
7781-EWARA,0.066,False,PaymentMethod_Electronic check; Contract_One year; PhoneService_No,Normal
2809-ILCYT,0.066,False,TotalCharges; Contract_One year; MultipleLines_No,Normal
5791-KAJFD,0.066,False,Contract_One year; TechSupport_No; charge_delta,Normal
1557-EMYVT,0.066,False,avg_monthly_spend; MonthlyCharges; InternetService_Fiber optic,Normal
5975-BAICR,0.066,False,Contract_One year; TechSupport_No; StreamingMovies_Yes,Normal
5961-VUSRV,0.066,False,tenure; charge_delta; PaperlessBilling_No,Normal
8332-OSJDW,0.066,False,TotalCharges; tenure; charge_delta,Normal
3612-YUNGG,0.066,False,MonthlyCharges; avg_monthly_spend; OnlineSecurity_No,Normal
2030-BTZRO,0.066,False,tenure; Partner_No; PaperlessBilling_No,Normal
7010-ZMVBF,0.066,False,is_month_to_month; charge_delta; Contract_Month-to-month,Normal
1661-CZBAU,0.065,False,Contract_One year; MultipleLines_No; StreamingMovies_Yes,Normal
8777-MBMTS,0.065,False,MonthlyCharges; SeniorCitizen; OnlineSecurity_No,Normal
6999-CHVCF,0.065,False,avg_monthly_spend; MonthlyCharges; MultipleLines_No,Normal
5386-THSLQ,0.065,False,OnlineSecurity_No; SeniorCitizen; Contract_One year,Normal
8348-JLBUG,0.065,False,SeniorCitizen; charge_delta; avg_monthly_spend,Normal
2710-WYVXG,0.065,False,charge_delta; tenure; gender_Female,Normal
9000-PLFUZ,0.065,False,SeniorCitizen; OnlineSecurity_No; charge_delta,Normal
6893-ODYYE,0.065,False,avg_monthly_spend; Contract_One year; InternetService_Fiber optic,Normal
6924-TDGMT,0.065,False,tenure; PaperlessBilling_No; Contract_One year,Normal
5278-PNYOX,0.065,False,charge_delta; avg_monthly_spend; MonthlyCharges,Normal
0670-ANMUU,0.065,False,avg_monthly_spend; MonthlyCharges; Contract_One year,Normal
1498-DQNRX,0.065,False,is_month_to_month; charge_delta; Contract_Month-to-month,Normal
1036-GUDCL,0.065,False,is_month_to_month; MonthlyCharges; PaperlessBilling_No,Normal
1599-MMYRQ,0.065,False,avg_monthly_spend; charge_delta; Contract_One year,Normal
5442-BXVND,0.065,False,is_month_to_month; MultipleLines_No; Contract_Month-to-month,Normal
5524-KHNJP,0.065,False,Contract_One year; TotalCharges; charge_delta,Normal
3658-QQJYD,0.065,False,Contract_One year; charge_delta; StreamingMovies_Yes,Normal
0980-FEXWF,0.065,False,OnlineSecurity_No; Contract_One year; TechSupport_No,Normal
9313-QOLTZ,0.065,False,is_month_to_month; charge_delta; Contract_Month-to-month,Normal
9351-HXDMR,0.065,False,avg_monthly_spend; charge_delta; MonthlyCharges,Normal
5546-BYZSM,0.065,False,is_month_to_month; PaymentMethod_Electronic check; Contract_Month-to-month,Normal
0519-DRGTI,0.065,False,is_month_to_month; Contract_Month-to-month; gender_Female,Normal
3213-VVOLG,0.065,False,tenure; TotalCharges; Partner_No,Normal
2673-ZALNP,0.065,False,charge_delta; TotalCharges; tenure,Normal
5915-DGNVC,0.065,False,charge_delta; Contract_One year; PaymentMethod_Electronic check,Normal
5327-XOKKY,0.065,False,TotalCharges; SeniorCitizen; OnlineSecurity_No,Normal
8383-SGHJU,0.065,False,PaymentMethod_Electronic check; charge_delta; Contract_One year,Normal
1226-JZNKR,0.065,False,PaymentMethod_Electronic check; tenure; TotalCharges,Normal
6427-FEFIG,0.065,False,MultipleLines_No; TechSupport_No; OnlineBackup_No,Normal
4367-NUYAO,0.065,False,tenure; TotalCharges; Partner_No,Normal
8996-ZROXE,0.065,False,PaymentMethod_Electronic check; OnlineSecurity_No; Contract_One year,Normal
9229-RQABD,0.064,False,charge_delta; MultipleLines_No; avg_monthly_spend,Normal
2798-NYLMZ,0.064,False,avg_monthly_spend; MonthlyCharges; TotalCharges,Normal
1452-XRSJV,0.064,False,is_month_to_month; TechSupport_No; Contract_Month-to-month,Normal
9467-ROOLM,0.064,False,is_month_to_month; charge_delta; Contract_Month-to-month,Normal
3407-JMJQQ,0.064,False,avg_monthly_spend; MonthlyCharges; TotalCharges,Normal
3372-CDXFJ,0.064,False,Contract_One year; MultipleLines_No; tenure,Normal
8898-KASCD,0.064,False,OnlineSecurity_No; PhoneService_No; Contract_One year,Normal
2388-LAESQ,0.064,False,avg_monthly_spend; SeniorCitizen; InternetService_Fiber optic,Normal
0907-HQNTS,0.064,False,avg_monthly_spend; InternetService_Fiber optic; MultipleLines_No,Normal
8869-LIHMK,0.064,False,avg_monthly_spend; charge_delta; InternetService_Fiber optic,Normal
6171-ZTVYB,0.064,False,is_month_to_month; Contract_Month-to-month; MultipleLines_No,Normal
8015-IHCGW,0.064,False,avg_monthly_spend; PaymentMethod_Electronic check; InternetService_Fiber optic,Normal
4223-BKEOR,0.064,False,Contract_One year; TechSupport_No; tenure,Normal
6869-FGJJC,0.064,False,Contract_One year; OnlineSecurity_No; avg_monthly_spend,Normal
9199-PWQVC,0.064,False,Contract_One year; TechSupport_No; avg_monthly_spend,Normal
6797-LNAQX,0.064,False,MonthlyCharges; charge_delta; OnlineSecurity_No,Normal
8434-PNQZX,0.064,False,OnlineSecurity_No; MultipleLines_No; avg_monthly_spend,Normal
3363-DTIVD,0.064,False,avg_monthly_spend; PaymentMethod_Electronic check; MonthlyCharges,Normal
6993-YGFJV,0.064,False,avg_monthly_spend; TotalCharges; InternetService_Fiber optic,Normal
0547-HURJB,0.063,False,is_month_to_month; Contract_Month-to-month; Contract_Two year,Normal
4522-XRWWI,0.063,False,avg_monthly_spend; Contract_One year; charge_delta,Normal
1729-VLAZJ,0.063,False,tenure; Contract_One year; PhoneService_No,Normal
6174-NRBTZ,0.063,False,Contract_One year; PhoneService_No; MultipleLines_No,Normal
5236-XMZJY,0.063,False,is_month_to_month; TechSupport_No; Contract_Month-to-month,Normal
7255-SSFBC,0.063,False,avg_monthly_spend; OnlineSecurity_No; InternetService_Fiber optic,Normal
0956-SYCWG,0.063,False,PaymentMethod_Electronic check; charge_delta; tenure,Normal
6416-JNVRK,0.063,False,OnlineSecurity_No; Contract_One year; TechSupport_No,Normal
8559-WNQZS,0.063,False,tenure; TotalCharges; charge_delta,Normal
8109-YUOHE,0.062,False,charge_delta; Contract_One year; TechSupport_No,Normal
7520-HQWJU,0.062,False,is_month_to_month; charge_delta; TechSupport_No,Normal
5777-ZPQNC,0.062,False,PaymentMethod_Electronic check; charge_delta; Contract_One year,Normal
0401-WDBXM,0.062,False,avg_monthly_spend; MonthlyCharges; charge_delta,Normal
5887-IKKYO,0.062,False,avg_monthly_spend; MonthlyCharges; OnlineSecurity_No,Normal
8559-CIZFV,0.062,False,charge_delta; Contract_One year; tenure,Normal
7746-QYVCO,0.062,False,Contract_One year; TechSupport_No; tenure,Normal
3259-QMXUN,0.062,False,PaymentMethod_Electronic check; avg_monthly_spend; MultipleLines_No,Normal
5372-FBKBN,0.062,False,is_month_to_month; Contract_Month-to-month; gender_Female,Normal
5753-QQWPW,0.062,False,PaymentMethod_Electronic check; charge_delta; Contract_One year,Normal
1320-GVNHT,0.062,False,avg_monthly_spend; MonthlyCharges; charge_delta,Normal
9589-ABEPT,0.062,False,OnlineSecurity_No; avg_monthly_spend; MultipleLines_No,Normal
5862-BRIXZ,0.062,False,PhoneService_No; PhoneService_Yes; MultipleLines_No,Normal
0946-FKYTX,0.062,False,OnlineSecurity_No; Contract_One year; PhoneService_No,Normal
3580-HYCSP,0.062,False,TechSupport_No; InternetService_Fiber optic; PaymentMethod_Bank transfer (automatic),Normal
1841-YSJGV,0.062,False,avg_monthly_spend; charge_delta; InternetService_Fiber optic,Normal
5451-YHYPW,0.062,False,avg_monthly_spend; MonthlyCharges; InternetService_Fiber optic,Normal
0572-ZJKLT,0.061,False,MonthlyCharges; avg_monthly_spend; InternetService_Fiber optic,Normal
4134-BSXLX,0.061,False,is_month_to_month; Contract_Month-to-month; Partner_No,Normal
2878-RMWXY,0.061,False,avg_monthly_spend; MonthlyCharges; SeniorCitizen,Normal
3850-OKINF,0.061,False,PaymentMethod_Electronic check; Contract_One year; MultipleLines_No,Normal
8591-TKMZH,0.061,False,InternetService_Fiber optic; Partner_No; avg_monthly_spend,Normal
8075-GXIUB,0.061,False,SeniorCitizen; tenure; Contract_Two year,Normal
6034-ZRYCV,0.061,False,PaymentMethod_Electronic check; PhoneService_No; OnlineSecurity_No,Normal
8777-PVYGU,0.061,False,charge_delta; Contract_One year; TechSupport_No,Normal
7100-FQPRV,0.061,False,Contract_One year; MultipleLines_No; Partner_No,Normal
7576-ASEJU,0.061,False,Contract_One year; avg_monthly_spend; gender_Female,Normal
2387-KDZQY,0.061,False,PaperlessBilling_No; tenure; Contract_One year,Normal
4378-BZYFP,0.061,False,Contract_One year; Contract_Two year; PaperlessBilling_No,Normal
6682-VCIXC,0.061,False,Contract_One year; PhoneService_Yes; Contract_Two year,Normal
7191-ADRGF,0.061,False,OnlineSecurity_No; charge_delta; TotalCharges,Normal
7841-FCRQD,0.061,False,OnlineSecurity_No; Contract_One year; Contract_Two year,Normal
1431-CYWMH,0.061,False,is_month_to_month; Contract_Month-to-month; gender_Female,Normal
0862-PRCBS,0.061,False,avg_monthly_spend; MonthlyCharges; charge_delta,Normal
8573-JGCZW,0.06,False,tenure; Contract_Two year; PaymentMethod_Bank transfer (automatic),Normal
5062-CJJKH,0.06,False,OnlineSecurity_No; Contract_One year; TechSupport_No,Normal
4686-GEFRM,0.06,False,MonthlyCharges; charge_delta; OnlineSecurity_No,Normal
3530-VWVGU,0.06,False,is_month_to_month; Contract_Month-to-month; Partner_No,Normal
0813-TAXXS,0.06,False,OnlineSecurity_No; TechSupport_No; MultipleLines_No,Normal
5090-EMGTC,0.06,False,MonthlyCharges; avg_monthly_spend; OnlineSecurity_No,Normal
8606-CIQUL,0.06,False,avg_monthly_spend; MonthlyCharges; InternetService_Fiber optic,Normal
9289-LBQVU,0.06,False,OnlineSecurity_No; Contract_One year; charge_delta,Normal
9070-BCKQP,0.06,False,avg_monthly_spend; charge_delta; InternetService_Fiber optic,Normal
1163-VIPRI,0.06,False,MonthlyCharges; avg_monthly_spend; PaymentMethod_Electronic check,Normal
9127-FHJBZ,0.06,False,PaymentMethod_Electronic check; avg_monthly_spend; InternetService_Fiber optic,Normal
1623-NLDOT,0.06,False,OnlineSecurity_No; Contract_One year; PhoneService_No,Normal
0727-BNRLG,0.06,False,MonthlyCharges; charge_delta; OnlineSecurity_No,Normal
9906-NHHVC,0.06,False,SeniorCitizen; OnlineSecurity_No; TechSupport_No,Normal
8680-CGLTP,0.06,False,PaymentMethod_Electronic check; charge_delta; Contract_One year,Normal
4445-KWOKW,0.06,False,TotalCharges; Contract_One year; TechSupport_No,Normal
8821-KVZKQ,0.06,False,OnlineSecurity_No; Contract_One year; PhoneService_No,Normal
2323-ARSVR,0.06,False,avg_monthly_spend; PaymentMethod_Electronic check; MonthlyCharges,Normal
7325-ENZFI,0.06,False,Contract_One year; PhoneService_No; charge_delta,Normal
1430-SFQSA,0.059,False,TotalCharges; PhoneService_No; Contract_One year,Normal
2434-EEVDB,0.059,False,avg_monthly_spend; MonthlyCharges; TechSupport_No,Normal
6481-LXPWL,0.059,False,OnlineSecurity_No; Contract_One year; TechSupport_No,Normal
6050-FFXES,0.059,False,avg_monthly_spend; MonthlyCharges; charge_delta,Normal
3354-OADJP,0.059,False,tenure; Contract_One year; TotalCharges,Normal
8901-UPRHR,0.059,False,avg_monthly_spend; MonthlyCharges; charge_delta,Normal
6147-CBCRA,0.059,False,is_month_to_month; Contract_Month-to-month; Contract_Two year,Normal
9987-LUTYD,0.059,False,Contract_One year; tenure; TotalCharges,Normal
3340-QBBFM,0.059,False,OnlineSecurity_No; Contract_One year; SeniorCitizen,Normal
9894-QMIMJ,0.059,False,OnlineSecurity_No; Contract_One year; TechSupport_No,Normal
0074-HDKDG,0.059,False,Contract_One year; TechSupport_No; Partner_No,Normal
9239-GZHZE,0.059,False,avg_monthly_spend; InternetService_Fiber optic; MultipleLines_No,Normal
8570-KLJYJ,0.059,False,Contract_One year; TechSupport_No; Contract_Two year,Normal
3423-HHXAO,0.059,False,charge_delta; tenure; TotalCharges,Normal
0197-PNKNK,0.059,False,avg_monthly_spend; Contract_One year; TechSupport_No,Normal
6752-APNJL,0.058,False,is_month_to_month; TechSupport_No; Contract_Month-to-month,Normal
4513-CXYIX,0.058,False,SeniorCitizen; charge_delta; TechSupport_No,Normal
4526-RMTLL,0.058,False,tenure; avg_monthly_spend; MultipleLines_No,Normal
2348-KCJLT,0.058,False,Contract_One year; TechSupport_No; Contract_Two year,Normal
9207-ZPANB,0.058,False,PaymentMethod_Electronic check; TotalCharges; Contract_One year,Normal
7833-PKIHD,0.058,False,Contract_One year; avg_monthly_spend; charge_delta,Normal
8097-VBQTZ,0.058,False,is_month_to_month; Contract_Month-to-month; PaperlessBilling_No,Normal
1577-HKTFG,0.058,False,is_month_to_month; TotalCharges; Contract_Month-to-month,Normal
5468-BPMMO,0.058,False,is_month_to_month; PaymentMethod_Electronic check; charge_delta,Normal
3766-EJLFL,0.058,False,MonthlyCharges; InternetService_Fiber optic; MultipleLines_No,Normal
0357-NVCRI,0.058,False,is_month_to_month; Contract_Month-to-month; gender_Female,Normal
9758-MFWGD,0.058,False,SeniorCitizen; OnlineSecurity_No; Contract_One year,Normal
8498-XXGWA,0.058,False,is_month_to_month; TechSupport_No; Contract_Month-to-month,Normal
3244-CQPHU,0.058,False,avg_monthly_spend; MonthlyCharges; SeniorCitizen,Normal
9621-OUPYD,0.058,False,charge_delta; Contract_Two year; Contract_One year,Normal
6368-TZZDT,0.058,False,tenure; Partner_No; TotalCharges,Normal
0221-NAUXK,0.058,False,tenure; Contract_One year; PaymentMethod_Bank transfer (automatic),Normal
7801-CEDNV,0.058,False,Partner_No; Contract_One year; Contract_Two year,Normal
7838-LAZFO,0.058,False,Contract_One year; avg_monthly_spend; Contract_Two year,Normal
0530-IJVDB,0.058,False,charge_delta; avg_monthly_spend; PaymentMethod_Electronic check,Normal
9142-XMYJH,0.058,False,is_month_to_month; charge_delta; Contract_Month-to-month,Normal
6509-TSGWN,0.058,False,is_month_to_month; MultipleLines_No; TotalCharges,Normal
9742-XOKTS,0.058,False,avg_monthly_spend; PaymentMethod_Electronic check; Contract_One year,Normal
7089-RKVSZ,0.058,False,tenure; TotalCharges; Contract_One year,Normal
7696-AMHOD,0.057,False,charge_delta; Contract_One year; OnlineSecurity_No,Normal
3259-KNMRR,0.057,False,SeniorCitizen; charge_delta; OnlineSecurity_No,Normal
7105-BENQF,0.057,False,Contract_One year; tenure; TechSupport_No,Normal
2364-UFROM,0.057,False,PaymentMethod_Electronic check; Contract_One year; Contract_Two year,Normal
9313-CDOGY,0.057,False,is_month_to_month; PaymentMethod_Electronic check; charge_delta,Normal
4909-JOUPP,0.057,False,MonthlyCharges; OnlineSecurity_No; avg_monthly_spend,Normal
8690-UPCZI,0.057,False,Contract_One year; Contract_Two year; MultipleLines_No,Normal
3181-VTHOE,0.057,False,OnlineSecurity_No; Contract_One year; PhoneService_No,Normal
2368-GAKKQ,0.057,False,avg_monthly_spend; InternetService_Fiber optic; MultipleLines_No,Normal
4111-BNXIF,0.057,False,PaymentMethod_Electronic check; PhoneService_No; OnlineSecurity_No,Normal
6048-UWKAL,0.057,False,MonthlyCharges; SeniorCitizen; avg_monthly_spend,Normal
7691-KGKGP,0.057,False,is_month_to_month; OnlineSecurity_No; Contract_Month-to-month,Normal
6551-ZCOTS,0.057,False,SeniorCitizen; MultipleLines_No; TotalCharges,Normal
6650-BWFRT,0.057,False,avg_monthly_spend; MonthlyCharges; InternetService_Fiber optic,Normal
0234-TEVTT,0.057,False,Contract_One year; TechSupport_No; PhoneService_No,Normal
2380-DAMQP,0.057,False,avg_monthly_spend; PaymentMethod_Electronic check; InternetService_Fiber optic,Normal
9702-AIUJO,0.057,False,OnlineSecurity_No; Contract_One year; TechSupport_No,Normal
1964-SVLEA,0.057,False,Contract_Two year; PaperlessBilling_No; tenure,Normal
2682-KEVRP,0.057,False,SeniorCitizen; charge_delta; tenure,Normal
7472-EQOAV,0.057,False,avg_monthly_spend; Contract_One year; SeniorCitizen,Normal
4369-NYSCF,0.057,False,Contract_One year; OnlineSecurity_No; Contract_Two year,Normal
0872-CASZJ,0.057,False,Contract_One year; OnlineSecurity_Yes; StreamingMovies_Yes,Normal
3043-SUDUA,0.056,False,is_month_to_month; Contract_Month-to-month; PaymentMethod_Bank transfer (automatic),Normal
4072-IPYLT,0.056,False,is_month_to_month; charge_delta; TechSupport_No,Normal
6176-YJWAS,0.056,False,avg_monthly_spend; MonthlyCharges; TechSupport_No,Normal
3452-FLHYD,0.056,False,PaperlessBilling_No; Contract_Two year; Contract_One year,Normal
0866-QLSIR,0.056,False,Contract_One year; PaperlessBilling_No; Contract_Two year,Normal
7102-JJVTX,0.056,False,tenure; TotalCharges; TechSupport_No,Normal
3705-RHRFR,0.056,False,MonthlyCharges; avg_monthly_spend; TechSupport_No,Normal
5256-SKJGO,0.056,False,PaymentMethod_Electronic check; OnlineSecurity_No; PhoneService_No,Normal
1222-KJNZD,0.056,False,is_month_to_month; Contract_Month-to-month; PaperlessBilling_No,Normal
1094-BKOSX,0.056,False,OnlineSecurity_No; Contract_One year; charge_delta,Normal
5917-HBSDW,0.056,False,is_month_to_month; PaymentMethod_Electronic check; Contract_Month-to-month,Normal
0840-DCNZE,0.056,False,Contract_One year; avg_monthly_spend; Contract_Two year,Normal
0203-HHYIJ,0.056,False,TotalCharges; Contract_One year; MultipleLines_No,Normal
7176-WRTNX,0.056,False,TotalCharges; charge_delta; avg_monthly_spend,Normal
0967-BMLBD,0.056,False,tenure; Contract_One year; PaperlessBilling_No,Normal
5914-XRFQB,0.055,False,avg_monthly_spend; MonthlyCharges; InternetService_Fiber optic,Normal
2325-ZUSFD,0.055,False,Contract_One year; TechSupport_No; StreamingMovies_Yes,Normal
2190-PHBHR,0.055,False,TechSupport_No; MonthlyCharges; DeviceProtection_No,Normal
7710-JSYOA,0.055,False,charge_delta; OnlineSecurity_No; avg_monthly_spend,Normal
8727-XDPUD,0.055,False,OnlineSecurity_No; PhoneService_No; TechSupport_No,Normal
0619-OLYUR,0.055,False,avg_monthly_spend; InternetService_Fiber optic; MultipleLines_No,Normal
9298-WGMRW,0.055,False,avg_monthly_spend; MonthlyCharges; InternetService_Fiber optic,Normal
6878-GGDWG,0.055,False,is_month_to_month; Contract_Month-to-month; gender_Female,Normal
2680-XKKNJ,0.055,False,tenure; Contract_One year; Contract_Two year,Normal
1930-BZLHI,0.055,False,charge_delta; Contract_One year; tenure,Normal
8099-MZPUJ,0.055,False,avg_monthly_spend; TotalCharges; MonthlyCharges,Normal
9617-UDPEU,0.055,False,charge_delta; tenure; PaperlessBilling_No,Normal
3397-AVTKU,0.055,False,OnlineSecurity_No; PaymentMethod_Electronic check; charge_delta,Normal
4451-RWASJ,0.055,False,tenure; PaperlessBilling_No; num_services,Normal
9796-MVYXX,0.055,False,SeniorCitizen; TotalCharges; MultipleLines_No,Normal
9931-DCEZH,0.055,False,OnlineSecurity_No; Contract_One year; charge_delta,Normal
9412-ARGBX,0.055,False,MonthlyCharges; InternetService_Fiber optic; OnlineSecurity_No,Normal
2927-CVULT,0.055,False,MonthlyCharges; avg_monthly_spend; InternetService_Fiber optic,Normal
3034-ZBEQN,0.055,False,OnlineSecurity_No; PhoneService_No; Contract_One year,Normal
8595-SIZNC,0.055,False,charge_delta; SeniorCitizen; Contract_One year,Normal
3026-ATZYV,0.055,False,Contract_One year; TechSupport_No; Contract_Two year,Normal
1150-WFARN,0.055,False,avg_monthly_spend; MonthlyCharges; charge_delta,Normal
5499-ECUTN,0.055,False,Contract_One year; TechSupport_No; Contract_Two year,Normal
0254-KCJGT,0.054,False,avg_monthly_spend; Contract_One year; MultipleLines_No,Normal
8628-MFKAX,0.054,False,avg_monthly_spend; MonthlyCharges; SeniorCitizen,Normal
3963-RYFNS,0.054,False,charge_delta; MonthlyCharges; avg_monthly_spend,Normal
8313-AFGBW,0.054,False,PaymentMethod_Electronic check; OnlineSecurity_No; TechSupport_No,Normal
0661-WCQNQ,0.054,False,Contract_One year; Contract_Two year; Partner_No,Normal
7569-NMZYQ,0.054,False,avg_monthly_spend; MonthlyCharges; InternetService_Fiber optic,Normal
5186-PEIZU,0.054,False,is_month_to_month; Contract_Month-to-month; gender_Female,Normal
5641-DMBFJ,0.054,False,PaymentMethod_Electronic check; avg_monthly_spend; MultipleLines_No,Normal
9637-CDTKZ,0.054,False,avg_monthly_spend; InternetService_Fiber optic; MultipleLines_No,Normal
4135-FRWKJ,0.054,False,charge_delta; PaymentMethod_Electronic check; Contract_One year,Normal
8630-QSGXK,0.054,False,OnlineSecurity_No; MultipleLines_No; PaperlessBilling_No,Normal
8883-ANODQ,0.054,False,avg_monthly_spend; OnlineSecurity_No; charge_delta,Normal
2667-WYLWJ,0.054,False,tenure; Partner_No; PaperlessBilling_No,Normal
1752-OZXFY,0.054,False,charge_delta; Contract_One year; TechSupport_No,Normal
8106-GWQOK,0.054,False,PhoneService_No; PaperlessBilling_No; MultipleLines_No,Normal
7244-QWYHG,0.054,False,charge_delta; Contract_One year; PhoneService_No,Normal
3178-CIFOT,0.054,False,Contract_Two year; PaperlessBilling_No; gender_Female,Normal
8400-WZICQ,0.054,False,is_month_to_month; charge_delta; PaymentMethod_Electronic check,Normal
2200-DSAAL,0.054,False,TotalCharges; PaymentMethod_Electronic check; OnlineSecurity_No,Normal
1834-ABKHQ,0.054,False,OnlineSecurity_No; Contract_One year; TechSupport_No,Normal
2121-JAFOM,0.054,False,avg_monthly_spend; MonthlyCharges; InternetService_Fiber optic,Normal
3214-IYUUQ,0.054,False,Contract_One year; avg_monthly_spend; StreamingMovies_Yes,Normal
9500-IWPXQ,0.054,False,Contract_One year; avg_monthly_spend; PaymentMethod_Electronic check,Normal
1137-DGOWI,0.054,False,Contract_One year; OnlineSecurity_No; Contract_Two year,Normal
7665-VIGUD,0.054,False,tenure; Contract_One year; Contract_Two year,Normal
8975-SKGRX,0.053,False,avg_monthly_spend; MonthlyCharges; InternetService_Fiber optic,Normal
3146-JTQHR,0.053,False,charge_delta; tenure; PaymentMethod_Bank transfer (automatic),Normal
1298-PHBTI,0.053,False,PaymentMethod_Electronic check; OnlineSecurity_No; avg_monthly_spend,Normal
4355-HBJHH,0.053,False,TotalCharges; charge_delta; PaymentMethod_Electronic check,Normal
1760-CAZHT,0.053,False,is_month_to_month; Contract_Month-to-month; num_services,Normal
0254-FNMCI,0.053,False,avg_monthly_spend; charge_delta; PaymentMethod_Electronic check,Normal
1488-PBLJN,0.053,False,avg_monthly_spend; MonthlyCharges; InternetService_Fiber optic,Normal
9027-TMATR,0.053,False,PaymentMethod_Electronic check; avg_monthly_spend; gender_Female,Normal
4115-UMJFQ,0.053,False,OnlineSecurity_No; TechSupport_No; Contract_One year,Normal
0019-EFAEP,0.053,False,avg_monthly_spend; MonthlyCharges; charge_delta,Normal
9860-LISIZ,0.053,False,is_month_to_month; charge_delta; Contract_Month-to-month,Normal
0930-EHUZA,0.053,False,Contract_One year; Contract_Two year; PaperlessBilling_No,Normal
3556-BVQGL,0.053,False,Contract_One year; Contract_Two year; PaperlessBilling_No,Normal
4425-OWHWB,0.053,False,Contract_Two year; Contract_One year; PaperlessBilling_No,Normal
6919-ELBGL,0.053,False,avg_monthly_spend; SeniorCitizen; InternetService_Fiber optic,Normal
1345-ZUKID,0.053,False,TotalCharges; Contract_One year; Contract_Two year,Normal
5995-WWKKG,0.053,False,PaymentMethod_Electronic check; charge_delta; Contract_Two year,Normal
4853-RULSV,0.052,False,avg_monthly_spend; MonthlyCharges; charge_delta,Normal
4859-ZSRDZ,0.052,False,OnlineSecurity_No; PhoneService_No; MonthlyCharges,Normal
0269-XFESX,0.052,False,charge_delta; avg_monthly_spend; Contract_One year,Normal
3283-WCWXT,0.052,False,tenure; TotalCharges; MultipleLines_No,Normal
5039-LZRQT,0.052,False,tenure; Contract_One year; Contract_Two year,Normal
1936-CZAKF,0.052,False,OnlineSecurity_No; TotalCharges; charge_delta,Normal
6445-TNRXS,0.052,False,avg_monthly_spend; TotalCharges; InternetService_Fiber optic,Normal
0756-MPZRL,0.052,False,OnlineSecurity_No; charge_delta; Contract_One year,Normal
1455-HFBXA,0.052,False,avg_monthly_spend; InternetService_Fiber optic; MultipleLines_No,Normal
7196-LIWRH,0.052,False,tenure; TotalCharges; is_new_customer,Normal
6904-JLBGY,0.052,False,avg_monthly_spend; MonthlyCharges; InternetService_Fiber optic,Normal
8076-FEZKJ,0.052,False,TotalCharges; Contract_One year; Contract_Two year,Normal
2511-MORQY,0.052,False,OnlineSecurity_No; Contract_One year; TechSupport_No,Normal
1043-UXOVO,0.052,False,avg_monthly_spend; charge_delta; InternetService_Fiber optic,Normal
0121-SNYRK,0.052,False,charge_delta; Contract_One year; PhoneService_No,Normal
2061-VVFST,0.052,False,is_month_to_month; Contract_Month-to-month; gender_Female,Normal
4508-OEBEY,0.051,False,Contract_One year; TotalCharges; avg_monthly_spend,Normal
5149-QYTTU,0.051,False,avg_monthly_spend; MonthlyCharges; Contract_One year,Normal
2085-JVGAD,0.051,False,is_month_to_month; Contract_Month-to-month; Contract_Two year,Normal
7168-HDQHG,0.051,False,is_month_to_month; Contract_Month-to-month; gender_Female,Normal
5844-QVTAT,0.051,False,TechSupport_No; Contract_One year; Contract_Two year,Normal
6016-LVTJQ,0.051,False,is_month_to_month; Contract_Month-to-month; gender_Female,Normal
5073-RZGBK,0.051,False,avg_monthly_spend; Contract_One year; MonthlyCharges,Normal
8085-MSNLK,0.051,False,avg_monthly_spend; MonthlyCharges; InternetService_Fiber optic,Normal
2453-SAFNS,0.051,False,OnlineSecurity_No; SeniorCitizen; Contract_One year,Normal
3520-FJGCV,0.051,False,avg_monthly_spend; InternetService_Fiber optic; MultipleLines_No,Normal
3669-WHAFY,0.051,False,avg_monthly_spend; InternetService_Fiber optic; MultipleLines_No,Normal
9220-ZNKJI,0.051,False,SeniorCitizen; OnlineSecurity_No; InternetService_Fiber optic,Normal
6194-HBGQN,0.051,False,charge_delta; avg_monthly_spend; Contract_One year,Normal
7619-PLRLP,0.051,False,Contract_One year; StreamingMovies_Yes; Contract_Two year,Normal
6598-KELSS,0.051,False,Contract_One year; TechSupport_No; MultipleLines_No,Normal
8883-GRDWQ,0.051,False,SeniorCitizen; TotalCharges; Contract_One year,Normal
6746-WAUWT,0.051,False,tenure; Contract_Two year; PaperlessBilling_No,Normal
6586-PSJOX,0.051,False,OnlineSecurity_No; Contract_One year; tenure,Normal
7602-MVRMB,0.051,False,InternetService_Fiber optic; MultipleLines_No; avg_monthly_spend,Normal
4778-IZARL,0.051,False,avg_monthly_spend; MonthlyCharges; charge_delta,Normal
4032-RMHCI,0.051,False,charge_delta; Contract_One year; PhoneService_No,Normal
7055-JCGNI,0.051,False,TotalCharges; charge_delta; avg_monthly_spend,Normal
1303-SRDOK,0.051,False,OnlineSecurity_No; TechSupport_No; InternetService_Fiber optic,Normal
3800-LYTRK,0.051,False,tenure; Contract_One year; Contract_Two year,Normal
7644-OMVMY,0.05,False,tenure; TotalCharges; Partner_No,Normal
0454-OKRCT,0.05,False,charge_delta; OnlineSecurity_No; InternetService_Fiber optic,Normal
8208-EUMTE,0.05,False,PhoneService_No; tenure; MultipleLines_No,Normal
7649-PHJVR,0.05,False,tenure; TotalCharges; Contract_Two year,Normal
5375-XLDOF,0.05,False,TotalCharges; charge_delta; avg_monthly_spend,Normal
3374-PZLXD,0.05,False,is_month_to_month; Contract_Month-to-month; Contract_Two year,Normal
5575-GNVDE,0.05,False,Contract_One year; TechSupport_No; Contract_Two year,Normal
7994-XIRTR,0.05,False,Contract_One year; OnlineSecurity_No; SeniorCitizen,Normal
1952-DVVSW,0.05,False,tenure; Partner_No; Contract_One year,Normal
1352-HNSAW,0.05,False,avg_monthly_spend; MonthlyCharges; InternetService_Fiber optic,Normal
7690-KPNCU,0.05,False,Contract_One year; TechSupport_No; StreamingMovies_Yes,Normal
6352-GIGGQ,0.05,False,charge_delta; avg_monthly_spend; Contract_One year,Normal
9150-KPBJQ,0.05,False,charge_delta; tenure; TotalCharges,Normal
1402-PTHGN,0.05,False,TotalCharges; charge_delta; tenure,Normal
5020-ZSTTY,0.05,False,avg_monthly_spend; SeniorCitizen; Contract_One year,Normal
8166-ZZTFS,0.05,False,TotalCharges; SeniorCitizen; charge_delta,Normal
7338-ERIVA,0.05,False,charge_delta; Contract_One year; Contract_Two year,Normal
1915-OAKWD,0.05,False,gender_Female; PaymentMethod_Bank transfer (automatic); Contract_Two year,Normal
8571-ZCMCX,0.05,False,charge_delta; TechSupport_No; PhoneService_No,Normal
6339-TBELP,0.05,False,OnlineSecurity_No; MultipleLines_No; InternetService_Fiber optic,Normal
9746-YKGXB,0.05,False,charge_delta; Contract_One year; TechSupport_No,Normal
5183-KLYEM,0.05,False,avg_monthly_spend; InternetService_Fiber optic; MultipleLines_No,Normal
4717-GHADL,0.05,False,OnlineSecurity_No; MonthlyCharges; charge_delta,Normal
4203-QGNZA,0.05,False,is_month_to_month; Contract_Month-to-month; gender_Female,Normal
3551-GAEGL,0.05,False,Contract_One year; TechSupport_No; PhoneService_No,Normal
7672-VFMXZ,0.05,False,is_month_to_month; PaymentMethod_Electronic check; charge_delta,Normal
5245-VDBUR,0.05,False,PhoneService_No; Contract_One year; TechSupport_No,Normal
1680-VDCWW,0.049,False,tenure; num_services; Contract_One year,Normal
1555-DJEQW,0.049,False,charge_delta; TotalCharges; avg_monthly_spend,Normal
4174-LPGTI,0.049,False,charge_delta; OnlineSecurity_No; Contract_One year,Normal
0042-JVWOJ,0.049,False,PaperlessBilling_No; Contract_One year; Contract_Two year,Normal
7471-MQPOS,0.049,False,TotalCharges; Contract_One year; OnlineSecurity_No,Normal
2550-QHZGP,0.049,False,tenure; Contract_One year; Contract_Two year,Normal
7929-SKFGK,0.049,False,avg_monthly_spend; MonthlyCharges; TotalCharges,Normal
9715-SBVSU,0.049,False,tenure; TechSupport_No; PaperlessBilling_No,Normal
9225-BZLNZ,0.049,False,PaymentMethod_Electronic check; avg_monthly_spend; charge_delta,Normal
5172-RKOCB,0.049,False,MonthlyCharges; avg_monthly_spend; InternetService_Fiber optic,Normal
4378-MYPGO,0.049,False,avg_monthly_spend; MonthlyCharges; TechSupport_No,Normal
2223-GDSHL,0.049,False,avg_monthly_spend; MonthlyCharges; InternetService_Fiber optic,Normal
4163-NCJAK,0.049,False,charge_delta; TotalCharges; Contract_One year,Normal
6635-MYYYZ,0.049,False,avg_monthly_spend; charge_delta; Contract_One year,Normal
6765-MBQNU,0.049,False,TotalCharges; Contract_One year; MultipleLines_No,Normal
4627-MIHJH,0.049,False,avg_monthly_spend; charge_delta; SeniorCitizen,Normal
3082-WQRVY,0.049,False,SeniorCitizen; tenure; Partner_No,Normal
9046-JBFWA,0.049,False,is_month_to_month; Contract_Month-to-month; Contract_Two year,Normal
5038-ETMLM,0.049,False,avg_monthly_spend; InternetService_Fiber optic; MultipleLines_No,Normal
3239-TPHPZ,0.049,False,PaymentMethod_Electronic check; PaperlessBilling_No; TotalCharges,Normal
0679-TDGAK,0.049,False,Contract_One year; avg_monthly_spend; PaymentMethod_Electronic check,Normal
7492-TAFJD,0.049,False,tenure; TotalCharges; MultipleLines_No,Normal
1131-ALZWV,0.049,False,Contract_One year; MultipleLines_No; Contract_Two year,Normal
5906-DVAPM,0.049,False,Contract_One year; avg_monthly_spend; Contract_Two year,Normal
6848-YLDFR,0.049,False,Contract_One year; OnlineSecurity_No; charge_delta,Normal
8746-BFOAJ,0.048,False,charge_delta; SeniorCitizen; PaymentMethod_Bank transfer (automatic),Normal
1022-RKXDR,0.048,False,TotalCharges; MultipleLines_No; avg_monthly_spend,Normal
3115-CZMZD,0.048,False,tenure; TotalCharges; num_services,Normal
9938-TKDGL,0.048,False,MonthlyCharges; PaymentMethod_Electronic check; avg_monthly_spend,Normal
0754-EEBDC,0.048,False,TotalCharges; tenure; charge_delta,Normal
1099-GODLO,0.048,False,tenure; TotalCharges; charge_delta,Normal
4376-KFVRS,0.048,False,avg_monthly_spend; charge_delta; InternetService_Fiber optic,Normal
5602-BVFMK,0.048,False,charge_delta; tenure; TotalCharges,Normal
4702-HDRKD,0.048,False,Contract_One year; PhoneService_No; MultipleLines_No,Normal
2073-QBVBI,0.048,False,OnlineSecurity_No; Contract_One year; PhoneService_No,Normal
6614-FHDBO,0.048,False,MonthlyCharges; avg_monthly_spend; OnlineSecurity_No,Normal
9174-IHETN,0.048,False,OnlineSecurity_No; TechSupport_No; InternetService_Fiber optic,Normal
1354-YZFNB,0.048,False,TotalCharges; tenure; Partner_No,Normal
7037-MTYVW,0.048,False,avg_monthly_spend; MultipleLines_No; charge_delta,Normal
1576-PFZIW,0.048,False,avg_monthly_spend; MonthlyCharges; SeniorCitizen,Normal
3396-DKDEL,0.048,False,avg_monthly_spend; InternetService_Fiber optic; MultipleLines_No,Normal
8760-ZRHKE,0.048,False,PaymentMethod_Electronic check; SeniorCitizen; Contract_One year,Normal
4884-TVUQF,0.048,False,avg_monthly_spend; charge_delta; MonthlyCharges,Normal
9880-TDQAC,0.048,False,PaymentMethod_Electronic check; PhoneService_No; OnlineSecurity_No,Normal
7868-TMWMZ,0.048,False,MonthlyCharges; InternetService_Fiber optic; SeniorCitizen,Normal
1015-JPFYW,0.048,False,charge_delta; tenure; TotalCharges,Normal
1042-HFUCW,0.048,False,OnlineSecurity_No; Contract_One year; charge_delta,Normal
1407-DIGZV,0.048,False,TotalCharges; tenure; Partner_No,Normal
6510-UPNKS,0.048,False,Contract_One year; MultipleLines_No; Contract_Two year,Normal
7353-YOWFP,0.048,False,tenure; Contract_One year; Contract_Two year,Normal
6244-BESBM,0.048,False,MonthlyCharges; OnlineSecurity_No; InternetService_Fiber optic,Normal
7876-AEHIG,0.048,False,Contract_One year; PhoneService_No; Contract_Two year,Normal
4854-SSLTN,0.048,False,tenure; Partner_No; charge_delta,Normal
0022-TCJCI,0.048,False,SeniorCitizen; charge_delta; Contract_One year,Normal
6508-NJYRO,0.048,False,tenure; TotalCharges; Contract_Two year,Normal
1937-OTUKY,0.048,False,MonthlyCharges; charge_delta; avg_monthly_spend,Normal
0428-AXXLJ,0.048,False,Contract_Two year; PaperlessBilling_No; PaymentMethod_Bank transfer (automatic),Normal
8745-PVESG,0.048,False,Contract_One year; MultipleLines_No; Contract_Two year,Normal
7021-XSNYE,0.048,False,tenure; TotalCharges; OnlineBackup_No,Normal
8259-DZLIZ,0.048,False,OnlineSecurity_No; Contract_One year; TechSupport_No,Normal
5762-TJXGK,0.048,False,charge_delta; PhoneService_No; TechSupport_No,Normal
3230-JCNZS,0.047,False,MonthlyCharges; avg_monthly_spend; TechSupport_No,Normal
9928-BZVLZ,0.047,False,tenure; PhoneService_No; OnlineBackup_No,Normal
1032-MAELW,0.047,False,avg_monthly_spend; TotalCharges; Contract_One year,Normal
7375-WMVMT,0.047,False,charge_delta; SeniorCitizen; OnlineSecurity_No,Normal
0675-NCDYU,0.047,False,avg_monthly_spend; MonthlyCharges; InternetService_Fiber optic,Normal
9442-JTWDL,0.047,False,charge_delta; Contract_One year; Contract_Two year,Normal
3617-XLSGQ,0.047,False,avg_monthly_spend; MonthlyCharges; charge_delta,Normal
2361-FJWNO,0.047,False,OnlineSecurity_No; PhoneService_No; Contract_One year,Normal
6103-QCKFX,0.047,False,is_month_to_month; TotalCharges; gender_Female,Normal
3726-TBHQT,0.047,False,avg_monthly_spend; InternetService_Fiber optic; MultipleLines_No,Normal
4086-ATNFV,0.047,False,Contract_One year; TechSupport_No; charge_delta,Normal
6859-QNXIQ,0.047,False,avg_monthly_spend; InternetService_Fiber optic; MultipleLines_No,Normal
9541-PWTWO,0.047,False,OnlineSecurity_No; MultipleLines_No; PaperlessBilling_No,Normal
3892-NXAZG,0.047,False,avg_monthly_spend; InternetService_Fiber optic; MultipleLines_No,Normal
7995-ZHHNZ,0.047,False,TotalCharges; Contract_One year; TechSupport_No,Normal
1866-NXPSP,0.047,False,Contract_One year; avg_monthly_spend; Contract_Two year,Normal
2788-CJQAQ,0.047,False,tenure; charge_delta; Contract_Two year,Normal
3258-ZKPAI,0.047,False,avg_monthly_spend; MonthlyCharges; InternetService_Fiber optic,Normal
4404-HIBDJ,0.047,False,Contract_One year; avg_monthly_spend; charge_delta,Normal
4707-YNOQA,0.047,False,Contract_One year; charge_delta; MultipleLines_No,Normal
1741-WTPON,0.047,False,avg_monthly_spend; MonthlyCharges; InternetService_Fiber optic,Normal
8915-NNTRC,0.047,False,MonthlyCharges; avg_monthly_spend; InternetService_Fiber optic,Normal
4636-OLWOE,0.047,False,Contract_One year; PaymentMethod_Electronic check; OnlineSecurity_No,Normal
8328-SKJNO,0.047,False,Contract_One year; MultipleLines_No; PhoneService_No,Normal
9209-NWPGU,0.047,False,PaymentMethod_Electronic check; Contract_One year; Contract_Two year,Normal
3585-YNADK,0.047,False,Contract_One year; OnlineSecurity_No; Contract_Two year,Normal
9534-NSXEM,0.047,False,Contract_One year; Contract_Two year; PaperlessBilling_No,Normal
4933-IKULF,0.047,False,SeniorCitizen; charge_delta; Contract_Two year,Normal
5825-XJOCM,0.047,False,Contract_One year; TechSupport_No; PaperlessBilling_No,Normal
7663-YJHSN,0.047,False,avg_monthly_spend; MonthlyCharges; InternetService_Fiber optic,Normal
2520-SGTTA,0.047,False,tenure; TotalCharges; Partner_No,Normal
6727-IOTLZ,0.047,False,TotalCharges; OnlineSecurity_No; avg_monthly_spend,Normal
2829-HYVZP,0.046,False,charge_delta; Contract_Two year; PaperlessBilling_No,Normal
3442-ZHHCC,0.046,False,Contract_One year; TotalCharges; TechSupport_No,Normal
9046-DQMTP,0.046,False,is_month_to_month; Contract_Month-to-month; PaymentMethod_Bank transfer (automatic),Normal
5306-BVTKJ,0.046,False,OnlineSecurity_No; charge_delta; Contract_One year,Normal
0013-SMEOE,0.046,False,MonthlyCharges; avg_monthly_spend; InternetService_Fiber optic,Normal
8466-PZBLH,0.046,False,MonthlyCharges; avg_monthly_spend; OnlineBackup_No,Normal
5965-GGPRW,0.046,False,avg_monthly_spend; MonthlyCharges; TechSupport_No,Normal
8165-CBKXO,0.046,False,OnlineSecurity_No; charge_delta; TechSupport_No,Normal
9891-NQDBD,0.046,False,TotalCharges; Contract_One year; avg_monthly_spend,Normal
5061-PBXFW,0.046,False,is_month_to_month; gender_Female; Contract_Month-to-month,Normal
3750-YHRYO,0.046,False,tenure; Contract_One year; Contract_Two year,Normal
1325-USMEC,0.046,False,MonthlyCharges; avg_monthly_spend; charge_delta,Normal
0266-GMEAO,0.046,False,avg_monthly_spend; charge_delta; InternetService_Fiber optic,Normal
0906-QVPMS,0.046,False,avg_monthly_spend; InternetService_Fiber optic; MultipleLines_No,Normal
5993-BQHEA,0.046,False,Contract_One year; Contract_Two year; tenure,Normal
5982-PSMKW,0.046,False,avg_monthly_spend; MultipleLines_No; gender_Female,Normal
0458-HEUZG,0.045,False,OnlineSecurity_No; tenure; charge_delta,Normal
4322-RCYMT,0.045,False,TotalCharges; Contract_One year; OnlineSecurity_No,Normal
7730-CLDSV,0.045,False,MonthlyCharges; avg_monthly_spend; OnlineSecurity_No,Normal
5204-HMGYF,0.045,False,avg_monthly_spend; Contract_One year; charge_delta,Normal
2039-JONDJ,0.045,False,charge_delta; Contract_One year; TechSupport_No,Normal
3870-SPZSI,0.045,False,avg_monthly_spend; charge_delta; InternetService_Fiber optic,Normal
3474-BAFSJ,0.045,False,OnlineSecurity_No; charge_delta; PhoneService_No,Normal
6736-DHUQI,0.045,False,avg_monthly_spend; Contract_One year; TechSupport_No,Normal
3134-DSHVC,0.045,False,avg_monthly_spend; MonthlyCharges; TechSupport_No,Normal
9640-ZSLDC,0.045,False,OnlineSecurity_No; Contract_One year; TechSupport_No,Normal
8608-OZTLB,0.045,False,Contract_One year; charge_delta; PaymentMethod_Electronic check,Normal
6007-TCTST,0.045,False,avg_monthly_spend; MonthlyCharges; InternetService_Fiber optic,Normal
6867-ACCZI,0.045,False,TotalCharges; PaperlessBilling_No; MultipleLines_No,Normal
3717-FDJFU,0.045,False,tenure; TotalCharges; is_new_customer,Normal
8024-XNAFQ,0.045,False,avg_monthly_spend; MonthlyCharges; SeniorCitizen,Normal
7817-OMJNA,0.045,False,charge_delta; tenure; TotalCharges,Normal
3911-RSNHI,0.045,False,OnlineSecurity_No; charge_delta; PhoneService_No,Normal
6726-NNFWD,0.045,False,OnlineSecurity_No; SeniorCitizen; TechSupport_No,Normal
8084-OIVBS,0.045,False,charge_delta; tenure; TotalCharges,Normal
6211-WWLTF,0.045,False,MonthlyCharges; avg_monthly_spend; TechSupport_No,Normal
0868-VJRDR,0.045,False,avg_monthly_spend; MonthlyCharges; charge_delta,Normal
8639-NHQEI,0.045,False,MonthlyCharges; TechSupport_No; MultipleLines_No,Normal
7951-VRDVK,0.044,False,Contract_One year; avg_monthly_spend; Contract_Two year,Normal
4106-HADHQ,0.044,False,Contract_One year; avg_monthly_spend; MonthlyCharges,Normal
9705-ZJBCG,0.044,False,charge_delta; tenure; Contract_One year,Normal
3258-SYSWS,0.044,False,charge_delta; avg_monthly_spend; MonthlyCharges,Normal
7570-WELNY,0.044,False,avg_monthly_spend; charge_delta; TechSupport_No,Normal
3721-CNZHX,0.044,False,tenure; TotalCharges; Contract_Two year,Normal
7636-PEPNS,0.044,False,TotalCharges; OnlineSecurity_No; Contract_One year,Normal
6229-UOLQL,0.044,False,charge_delta; Contract_One year; PhoneService_No,Normal
9297-FVVDH,0.044,False,PaymentMethod_Electronic check; avg_monthly_spend; MultipleLines_No,Normal
9553-DLCLU,0.044,False,TotalCharges; avg_monthly_spend; tenure,Normal
1929-ZCBHE,0.044,False,PaymentMethod_Electronic check; charge_delta; Contract_One year,Normal
4803-LBYPN,0.044,False,is_month_to_month; charge_delta; Contract_Month-to-month,Normal
4664-NJCMS,0.044,False,PhoneService_No; gender_Female; charge_delta,Normal
3727-OWVYD,0.044,False,Contract_One year; TechSupport_No; Contract_Two year,Normal
0023-UYUPN,0.044,False,PaymentMethod_Electronic check; SeniorCitizen; Contract_One year,Normal
0017-IUDMW,0.044,False,avg_monthly_spend; MonthlyCharges; InternetService_Fiber optic,Normal
0657-DOGUM,0.044,False,Contract_One year; gender_Female; MultipleLines_No,Normal
9777-IQHWP,0.044,False,avg_monthly_spend; TechSupport_No; InternetService_Fiber optic,Normal
9330-DHBFL,0.044,False,Contract_One year; Contract_Two year; gender_Female,Normal
1544-JJMYL,0.044,False,Contract_One year; Contract_Two year; StreamingTV_Yes,Normal
5855-EIBDE,0.044,False,MonthlyCharges; avg_monthly_spend; TotalCharges,Normal
2592-HODOV,0.044,False,tenure; Contract_Two year; Contract_One year,Normal
3605-JISKB,0.043,False,SeniorCitizen; Contract_One year; TechSupport_No,Normal
9531-NSBMR,0.043,False,charge_delta; PaperlessBilling_No; TotalCharges,Normal
7605-BDWDC,0.043,False,charge_delta; PhoneService_No; PhoneService_Yes,Normal
3810-DVDQQ,0.043,False,avg_monthly_spend; MonthlyCharges; charge_delta,Normal
5127-BZENZ,0.043,False,Contract_One year; TechSupport_No; OnlineBackup_No,Normal
7030-FZTFM,0.043,False,charge_delta; avg_monthly_spend; OnlineSecurity_No,Normal
4227-OJHAL,0.043,False,Contract_One year; avg_monthly_spend; TotalCharges,Normal
9619-GSATL,0.043,False,TotalCharges; OnlineSecurity_No; Contract_One year,Normal
9766-HGEDE,0.043,False,TotalCharges; Partner_No; Contract_One year,Normal
2274-XUATA,0.043,False,SeniorCitizen; PhoneService_No; MultipleLines_No,Normal
0829-DDVLK,0.043,False,charge_delta; tenure; TotalCharges,Normal
3705-PSNGL,0.043,False,PaymentMethod_Electronic check; Contract_One year; Contract_Two year,Normal
0078-XZMHT,0.043,False,OnlineSecurity_No; MultipleLines_No; avg_monthly_spend,Normal
2773-MADBQ,0.043,False,charge_delta; PhoneService_No; PaperlessBilling_No,Normal
7247-XOZPB,0.043,False,Contract_One year; avg_monthly_spend; Contract_Two year,Normal
9570-KYEUA,0.043,False,avg_monthly_spend; MonthlyCharges; InternetService_Fiber optic,Normal
6114-TCFID,0.043,False,TotalCharges; Contract_One year; PhoneService_No,Normal
5199-FPUSP,0.043,False,charge_delta; TotalCharges; Contract_One year,Normal
8499-BRXTD,0.043,False,Contract_One year; Contract_Two year; StreamingTV_No,Normal
8809-XKHMD,0.043,False,avg_monthly_spend; MonthlyCharges; InternetService_Fiber optic,Normal
0083-PIVIK,0.043,False,avg_monthly_spend; Contract_One year; PaymentMethod_Electronic check,Normal
1429-UYJSV,0.043,False,TotalCharges; Contract_Two year; Contract_One year,Normal
0307-BCOPK,0.043,False,TotalCharges; tenure; charge_delta,Normal
4323-ELYYB,0.043,False,tenure; Contract_One year; Partner_No,Normal
5820-PTRYM,0.043,False,Contract_One year; MultipleLines_No; SeniorCitizen,Normal
1763-KUAAW,0.043,False,SeniorCitizen; PaymentMethod_Bank transfer (automatic); charge_delta,Normal
3547-LQRIK,0.043,False,PaymentMethod_Electronic check; charge_delta; Contract_One year,Normal
6901-GOGZG,0.043,False,PaymentMethod_Electronic check; avg_monthly_spend; MultipleLines_No,Normal
7609-NRNCA,0.043,False,Contract_One year; tenure; Contract_Two year,Normal
7029-IJEJK,0.043,False,Contract_One year; TotalCharges; StreamingMovies_Yes,Normal
6161-ERDGD,0.043,False,PaymentMethod_Electronic check; Contract_One year; avg_monthly_spend,Normal
4616-EWBNJ,0.043,False,charge_delta; TotalCharges; tenure,Normal
7795-CFOCW,0.043,False,Contract_One year; PhoneService_No; PhoneService_Yes,Normal
3186-AJIEK,0.042,False,MonthlyCharges; avg_monthly_spend; charge_delta,Normal
7677-SJJJK,0.042,False,charge_delta; tenure; Contract_Two year,Normal
1642-HMARX,0.042,False,avg_monthly_spend; PaymentMethod_Electronic check; MultipleLines_No,Normal
1904-WAJAA,0.042,False,PaymentMethod_Electronic check; TechSupport_No; MultipleLines_No,Normal
7005-CYUIL,0.042,False,PaymentMethod_Electronic check; MonthlyCharges; avg_monthly_spend,Normal
3724-BSCVH,0.042,False,Contract_One year; TotalCharges; Contract_Two year,Normal
9483-GCPWE,0.042,False,tenure; Contract_One year; TotalCharges,Normal
4537-CIBHB,0.042,False,tenure; charge_delta; TotalCharges,Normal
9680-NIAUV,0.042,False,avg_monthly_spend; MonthlyCharges; charge_delta,Normal
3795-CAWEX,0.042,False,avg_monthly_spend; MonthlyCharges; TotalCharges,Normal
5505-OVWQW,0.042,False,Contract_One year; Contract_Two year; gender_Female,Normal
7670-ZBPOQ,0.042,False,Contract_One year; charge_delta; MultipleLines_No,Normal
2245-ADZFJ,0.042,False,TotalCharges; charge_delta; OnlineSecurity_No,Normal
4999-IEZLT,0.042,False,OnlineSecurity_No; Contract_One year; PhoneService_No,Normal
4304-TSPVK,0.042,False,avg_monthly_spend; TotalCharges; InternetService_Fiber optic,Normal
9184-GALIL,0.042,False,is_month_to_month; charge_delta; Contract_Month-to-month,Normal
3055-VTCGS,0.042,False,OnlineSecurity_No; Contract_One year; TechSupport_No,Normal
1038-ZAGBI,0.042,False,charge_delta; tenure; TotalCharges,Normal
0804-YGEQV,0.042,False,MultipleLines_No; Contract_One year; Contract_Two year,Normal
1401-FTHFQ,0.042,False,charge_delta; Contract_One year; Contract_Two year,Normal
2676-SSLTO,0.042,False,charge_delta; OnlineSecurity_No; MultipleLines_No,Normal
6691-CCIHA,0.042,False,PaymentMethod_Electronic check; TotalCharges; avg_monthly_spend,Normal
0056-EPFBG,0.042,False,MultipleLines_No; PhoneService_No; Partner_No,Normal
6374-NTQLP,0.042,False,avg_monthly_spend; MonthlyCharges; charge_delta,Normal
1839-UMACK,0.042,False,PaymentMethod_Electronic check; Contract_One year; MultipleLines_No,Normal
6522-OIQSX,0.042,False,OnlineSecurity_No; charge_delta; TechSupport_No,Normal
5170-PTRKA,0.042,False,Contract_One year; MultipleLines_No; Contract_Two year,Normal
0810-DHDBD,0.042,False,Contract_One year; avg_monthly_spend; Contract_Two year,Normal
6100-FJZDG,0.041,False,charge_delta; Contract_One year; PaymentMethod_Bank transfer (automatic),Normal
1271-UODNO,0.041,False,OnlineSecurity_No; MultipleLines_No; PaperlessBilling_No,Normal
4877-TSOFF,0.041,False,Contract_One year; avg_monthly_spend; MultipleLines_No,Normal
9720-JJJOR,0.041,False,Contract_One year; TechSupport_No; Contract_Two year,Normal
9845-QOMAD,0.041,False,TotalCharges; Contract_Two year; Contract_One year,Normal
8738-JOKAR,0.041,False,Contract_One year; Contract_Two year; gender_Female,Normal
7173-TETGO,0.041,False,SeniorCitizen; charge_delta; avg_monthly_spend,Normal
2055-BFOCC,0.041,False,avg_monthly_spend; Contract_One year; TotalCharges,Normal
9625-QNLUX,0.041,False,MonthlyCharges; avg_monthly_spend; TechSupport_No,Normal
6434-TTGJP,0.041,False,tenure; PhoneService_No; MultipleLines_No,Normal
5847-MXBEO,0.041,False,Contract_One year; Contract_Two year; charge_delta,Normal
9959-WOFKT,0.041,False,MonthlyCharges; avg_monthly_spend; OnlineBackup_No,Normal
0014-BMAQU,0.041,False,TotalCharges; avg_monthly_spend; InternetService_Fiber optic,Normal
1133-KXCGE,0.041,False,Contract_One year; Contract_Two year; gender_Female,Normal
2351-RRBUE,0.041,False,tenure; TotalCharges; Contract_One year,Normal
7581-EBBOU,0.041,False,OnlineSecurity_No; Contract_One year; Contract_Two year,Normal
8969-PRHFK,0.041,False,Contract_One year; Contract_Two year; StreamingTV_No,Normal
2587-YNLES,0.041,False,tenure; Partner_No; is_new_customer,Normal
2282-YGNOR,0.041,False,Contract_One year; gender_Female; Contract_Two year,Normal
6016-NXBNJ,0.04,False,charge_delta; PaperlessBilling_No; Contract_One year,Normal
7359-WWYJV,0.04,False,avg_monthly_spend; InternetService_Fiber optic; MultipleLines_No,Normal
5055-BRMNE,0.04,False,avg_monthly_spend; MonthlyCharges; charge_delta,Normal
7017-VFHAY,0.04,False,avg_monthly_spend; InternetService_Fiber optic; MultipleLines_No,Normal
3308-JSGML,0.04,False,SeniorCitizen; PhoneService_No; MultipleLines_No,Normal
4311-QTTAI,0.04,False,tenure; charge_delta; Contract_One year,Normal
2907-ILJBN,0.04,False,TotalCharges; Contract_One year; tenure,Normal
6064-PUPMC,0.04,False,Contract_One year; charge_delta; Partner_No,Normal
3243-ZHOHY,0.04,False,tenure; Contract_One year; TotalCharges,Normal
3082-YVEKW,0.04,False,charge_delta; MultipleLines_No; PaperlessBilling_No,Normal
7279-NMVJC,0.04,False,TotalCharges; charge_delta; tenure,Normal
9530-GRMJG,0.04,False,PaymentMethod_Electronic check; avg_monthly_spend; OnlineSecurity_No,Normal
3778-FOAQW,0.04,False,Contract_One year; Contract_Two year; Partner_No,Normal
1552-TKMXS,0.04,False,is_month_to_month; Contract_Month-to-month; Contract_Two year,Normal
8763-KIAFH,0.04,False,Contract_One year; Contract_Two year; gender_Female,Normal
6527-PZFPV,0.04,False,Contract_One year; PaperlessBilling_No; Contract_Two year,Normal
7269-JISCY,0.04,False,TotalCharges; OnlineSecurity_No; charge_delta,Normal
7110-BDTWG,0.04,False,PaymentMethod_Electronic check; OnlineSecurity_No; PhoneService_No,Normal
1069-QJOEE,0.04,False,PaymentMethod_Electronic check; Contract_Two year; Contract_One year,Normal
6990-YNRIO,0.04,False,avg_monthly_spend; MonthlyCharges; charge_delta,Normal
8480-PPONV,0.04,False,avg_monthly_spend; MonthlyCharges; InternetService_Fiber optic,Normal
9847-HNVGP,0.04,False,TotalCharges; Contract_One year; Contract_Two year,Normal
4092-OFQZS,0.04,False,Contract_One year; Contract_Two year; tenure,Normal
6478-HRRCZ,0.04,False,Contract_One year; StreamingMovies_Yes; Contract_Two year,Normal
4973-RLZVI,0.04,False,Contract_One year; TotalCharges; avg_monthly_spend,Normal
5110-CHOPY,0.04,False,PaymentMethod_Electronic check; PhoneService_No; PhoneService_Yes,Normal
7639-LIAYI,0.04,False,avg_monthly_spend; MultipleLines_No; DeviceProtection_No,Normal
6047-SUHPR,0.04,False,TotalCharges; PaymentMethod_Electronic check; Contract_One year,Normal
1897-RCFUM,0.039,False,charge_delta; MultipleLines_No; Contract_One year,Normal
2321-OMBXY,0.039,False,Contract_One year; avg_monthly_spend; MonthlyCharges,Normal
6556-DBKZF,0.039,False,PaymentMethod_Electronic check; OnlineSecurity_No; TechSupport_No,Normal
7369-TRPFD,0.039,False,Contract_One year; num_services; Contract_Two year,Normal
1452-UZOSF,0.039,False,avg_monthly_spend; MonthlyCharges; charge_delta,Normal
3549-ZTMNH,0.039,False,MultipleLines_No; tenure; charge_delta,Normal
9066-QRSDU,0.039,False,PaymentMethod_Electronic check; Contract_One year; charge_delta,Normal
1682-VCOIO,0.039,False,Contract_One year; Contract_Two year; Dependents_No,Normal
3523-BRGUW,0.039,False,charge_delta; SeniorCitizen; Contract_Two year,Normal
0536-ESJEP,0.039,False,TechSupport_No; Partner_No; DeviceProtection_No,Normal
6252-DFGTK,0.039,False,TotalCharges; Contract_One year; charge_delta,Normal
4981-FLTMF,0.039,False,is_month_to_month; charge_delta; Contract_Month-to-month,Normal
8513-OLYGY,0.039,False,avg_monthly_spend; MonthlyCharges; InternetService_Fiber optic,Normal
4024-CSNBY,0.039,False,avg_monthly_spend; MonthlyCharges; InternetService_Fiber optic,Normal
6013-BHCAW,0.039,False,OnlineSecurity_No; MultipleLines_No; avg_monthly_spend,Normal
0104-PPXDV,0.039,False,OnlineSecurity_No; charge_delta; Contract_One year,Normal
3021-VLNRJ,0.039,False,Contract_One year; Contract_Two year; gender_Female,Normal
2188-SXWVT,0.039,False,Contract_One year; TechSupport_No; charge_delta,Normal
8659-IOOPU,0.039,False,PaymentMethod_Electronic check; avg_monthly_spend; MonthlyCharges,Normal
8292-FRFZQ,0.039,False,Contract_One year; PhoneService_No; Contract_Two year,Normal
5716-EZXZN,0.039,False,MonthlyCharges; charge_delta; avg_monthly_spend,Normal
3508-CFVZL,0.039,False,avg_monthly_spend; InternetService_Fiber optic; MultipleLines_No,Normal
0565-IYCGT,0.039,False,charge_delta; TotalCharges; Contract_One year,Normal
9926-PJHDQ,0.039,False,OnlineSecurity_No; TotalCharges; charge_delta,Normal
9802-CAQUT,0.039,False,avg_monthly_spend; MonthlyCharges; TechSupport_No,Normal
2320-TZRRH,0.039,False,Contract_Two year; Contract_One year; gender_Female,Normal
0487-CRLZF,0.039,False,OnlineSecurity_No; gender_Female; PaperlessBilling_No,Normal
6559-ILWKJ,0.039,False,PaymentMethod_Electronic check; OnlineSecurity_No; PhoneService_No,Normal
1194-BHJYC,0.039,False,PhoneService_No; charge_delta; MultipleLines_No,Normal
8311-UEUAB,0.039,False,PaymentMethod_Electronic check; TotalCharges; avg_monthly_spend,Normal
2091-GPPIQ,0.039,False,PaymentMethod_Electronic check; OnlineSecurity_No; MultipleLines_No,Normal
5989-AXPUC,0.039,False,avg_monthly_spend; MonthlyCharges; charge_delta,Normal
2933-XEUJM,0.039,False,charge_delta; TechSupport_No; MultipleLines_No,Normal
7319-ZNRTR,0.039,False,PaymentMethod_Electronic check; Contract_One year; Partner_No,Normal
2904-GGUAZ,0.039,False,avg_monthly_spend; charge_delta; TechSupport_No,Normal
3410-YOQBQ,0.039,False,TotalCharges; OnlineSecurity_No; charge_delta,Normal
2027-DNKIV,0.039,False,Contract_One year; Contract_Two year; PaperlessBilling_No,Normal
3882-IYOIJ,0.039,False,avg_monthly_spend; MonthlyCharges; InternetService_Fiber optic,Normal
4359-INNWN,0.039,False,charge_delta; Contract_One year; Contract_Two year,Normal
7813-TKCVO,0.038,False,charge_delta; tenure; Contract_One year,Normal
3249-VHRIP,0.038,False,OnlineSecurity_No; TechSupport_No; PhoneService_No,Normal
1725-IQNIY,0.038,False,MonthlyCharges; avg_monthly_spend; TotalCharges,Normal
5313-FPXWG,0.038,False,Contract_One year; MultipleLines_No; Contract_Two year,Normal
8670-MEFCP,0.038,False,avg_monthly_spend; gender_Female; MultipleLines_No,Normal
3392-EHMNK,0.038,False,charge_delta; avg_monthly_spend; MonthlyCharges,Normal
3926-YZVVX,0.038,False,OnlineSecurity_No; charge_delta; Contract_One year,Normal
8932-CZHRQ,0.038,False,TotalCharges; Contract_One year; avg_monthly_spend,Normal
0334-ZFJSR,0.038,False,Contract_One year; PaperlessBilling_No; Contract_Two year,Normal
6543-JXSOO,0.038,False,Contract_One year; PaperlessBilling_No; Contract_Two year,Normal
8398-TBIYD,0.038,False,avg_monthly_spend; MultipleLines_No; InternetService_Fiber optic,Normal
9053-JZFKV,0.038,False,avg_monthly_spend; TotalCharges; charge_delta,Normal
0248-PGHBZ,0.038,False,charge_delta; SeniorCitizen; InternetService_Fiber optic,Normal
5312-TSZVC,0.038,False,tenure; TotalCharges; Contract_One year,Normal
7945-HLKEA,0.038,False,PaymentMethod_Electronic check; Contract_One year; MultipleLines_No,Normal
2192-CKRLV,0.038,False,PaymentMethod_Electronic check; PhoneService_No; PhoneService_Yes,Normal
1439-LCGVL,0.038,False,Partner_No; Contract_One year; Contract_Two year,Normal
4584-LBNMK,0.038,False,TotalCharges; SeniorCitizen; Contract_One year,Normal
3506-OVLKD,0.038,False,Contract_One year; MultipleLines_No; TotalCharges,Normal
7322-OCWHC,0.038,False,SeniorCitizen; InternetService_Fiber optic; MultipleLines_No,Normal
3422-WJOYD,0.038,False,Contract_One year; Contract_Two year; OnlineBackup_No,Normal
4530-NDRKU,0.038,False,PaymentMethod_Electronic check; charge_delta; Partner_No,Normal
6461-PPAXN,0.038,False,charge_delta; Contract_One year; Contract_Two year,Normal
6950-TWMYB,0.037,False,OnlineSecurity_No; avg_monthly_spend; InternetService_Fiber optic,Normal
0979-MOZQI,0.037,False,OnlineSecurity_No; charge_delta; StreamingTV_No,Normal
9251-WNSOD,0.037,False,Contract_One year; avg_monthly_spend; TechSupport_No,Normal
4056-QHXHZ,0.037,False,avg_monthly_spend; MonthlyCharges; OnlineBackup_No,Normal
7446-SFAOA,0.037,False,charge_delta; Contract_Two year; TotalCharges,Normal
8097-OMULG,0.037,False,Contract_One year; OnlineSecurity_No; Contract_Two year,Normal
1139-WUOAH,0.037,False,OnlineSecurity_No; PhoneService_No; MultipleLines_No,Normal
4115-BNPJY,0.037,False,OnlineSecurity_No; OnlineBackup_No; StreamingTV_Yes,Normal
2789-CZANW,0.037,False,avg_monthly_spend; charge_delta; MonthlyCharges,Normal
6546-OPBBH,0.037,False,MultipleLines_No; Contract_One year; charge_delta,Normal
6584-VQMYT,0.037,False,Contract_One year; TechSupport_No; Contract_Two year,Normal
9782-LGXMC,0.037,False,is_month_to_month; charge_delta; Contract_Month-to-month,Normal
8331-ZXFOE,0.037,False,Contract_One year; MultipleLines_No; Contract_Two year,Normal
5161-UBZXI,0.037,False,avg_monthly_spend; MonthlyCharges; InternetService_Fiber optic,Normal
2057-BOYKM,0.037,False,SeniorCitizen; avg_monthly_spend; MonthlyCharges,Normal
9347-AERRL,0.037,False,Contract_Two year; Partner_No; Contract_One year,Normal
3482-ABPKK,0.037,False,Contract_One year; Contract_Two year; DeviceProtection_No,Normal
8454-AATJP,0.037,False,avg_monthly_spend; InternetService_Fiber optic; MultipleLines_No,Normal
2996-XAUVF,0.037,False,OnlineSecurity_No; PhoneService_No; MultipleLines_No,Normal
0253-ZTEOB,0.037,False,PaymentMethod_Electronic check; avg_monthly_spend; OnlineSecurity_No,Normal
1936-UAFEH,0.037,False,avg_monthly_spend; charge_delta; MonthlyCharges,Normal
0945-TSONX,0.037,False,avg_monthly_spend; DeviceProtection_No; MultipleLines_No,Normal
8668-KNZTI,0.037,False,PaymentMethod_Electronic check; Contract_One year; charge_delta,Normal
7138-GIRSH,0.037,False,OnlineSecurity_No; OnlineBackup_No; MultipleLines_No,Normal
1063-DHQJF,0.037,False,OnlineSecurity_No; avg_monthly_spend; InternetService_Fiber optic,Normal
9194-GFVOI,0.037,False,avg_monthly_spend; MultipleLines_No; Partner_No,Normal
7996-BPXHY,0.037,False,tenure; MultipleLines_No; PaperlessBilling_No,Normal
4291-YZODP,0.037,False,tenure; Contract_One year; Contract_Two year,Normal
1178-PZGAB,0.037,False,charge_delta; Contract_One year; Contract_Two year,Normal
6061-GWWAV,0.037,False,Contract_One year; TechSupport_No; Contract_Two year,Normal
5696-CEIQJ,0.037,False,MonthlyCharges; avg_monthly_spend; charge_delta,Normal
8792-AOROI,0.037,False,charge_delta; tenure; gender_Female,Normal
9885-MFVSU,0.037,False,PhoneService_Yes; PhoneService_No; gender_Female,Normal
0378-CJKPV,0.037,False,avg_monthly_spend; InternetService_Fiber optic; MultipleLines_No,Normal
8670-ERCJH,0.037,False,avg_monthly_spend; InternetService_Fiber optic; MultipleLines_No,Normal
6810-VCAEX,0.036,False,Contract_One year; PhoneService_No; Contract_Two year,Normal
7527-QNRUS,0.036,False,charge_delta; MultipleLines_No; PaperlessBilling_No,Normal
2580-ASVVY,0.036,False,PaymentMethod_Electronic check; PhoneService_No; PhoneService_Yes,Normal
4304-XUMGI,0.036,False,SeniorCitizen; MultipleLines_No; TechSupport_No,Normal
5474-LAMUQ,0.036,False,Contract_One year; Contract_Two year; Partner_No,Normal
4648-YPBTM,0.036,False,OnlineSecurity_No; MultipleLines_No; PaperlessBilling_No,Normal
0784-GTUUK,0.036,False,charge_delta; MultipleLines_No; Contract_One year,Normal
3982-JGSFD,0.036,False,charge_delta; Contract_One year; Contract_Two year,Normal
4872-VXRIL,0.036,False,Contract_One year; MultipleLines_No; Contract_Two year,Normal
8022-BECSI,0.036,False,charge_delta; tenure; Contract_Two year,Normal
3887-PBQAO,0.036,False,Contract_One year; MultipleLines_No; Contract_Two year,Normal
2706-QZIHY,0.036,False,tenure; MultipleLines_No; Partner_No,Normal
9746-UGFAC,0.036,False,charge_delta; PaymentMethod_Bank transfer (automatic); Contract_One year,Normal
4957-TIALW,0.036,False,Contract_One year; tenure; gender_Female,Normal
4560-WQAQW,0.036,False,Contract_One year; DeviceProtection_No; StreamingMovies_Yes,Normal
9801-NOSHQ,0.036,False,Contract_Two year; Contract_One year; TechSupport_Yes,Normal
0422-OHQHQ,0.036,False,charge_delta; tenure; TotalCharges,Normal
5781-BKHOP,0.036,False,avg_monthly_spend; MonthlyCharges; TechSupport_No,Normal
8884-MRNSU,0.036,False,charge_delta; TotalCharges; tenure,Normal
8404-VIOMB,0.036,False,PhoneService_No; MultipleLines_No; PaperlessBilling_No,Normal
6754-LZUKA,0.036,False,OnlineSecurity_No; charge_delta; TechSupport_No,Normal
3125-RAHBV,0.036,False,Contract_One year; Contract_Two year; Dependents_No,Normal
7244-KXYZN,0.036,False,charge_delta; Contract_One year; Contract_Two year,Normal
6188-UXBBR,0.036,False,Contract_One year; Contract_Two year; gender_Female,Normal
1866-DIOQZ,0.036,False,Contract_One year; PhoneService_No; charge_delta,Normal
4632-PAOYU,0.035,False,charge_delta; Contract_One year; Contract_Two year,Normal
3378-AJRAO,0.035,False,PaymentMethod_Electronic check; Contract_One year; MultipleLines_No,Normal
2088-IEBAU,0.035,False,PaymentMethod_Electronic check; MultipleLines_No; avg_monthly_spend,Normal
2137-DQMEV,0.035,False,Contract_One year; charge_delta; PhoneService_No,Normal
5003-OKNNK,0.035,False,Contract_One year; gender_Female; Contract_Two year,Normal
8958-JPTRR,0.035,False,PaymentMethod_Electronic check; Contract_One year; avg_monthly_spend,Normal
9018-PCIOK,0.035,False,OnlineSecurity_No; TechSupport_No; PaperlessBilling_No,Normal
2984-TBYKU,0.035,False,avg_monthly_spend; MonthlyCharges; TotalCharges,Normal
2632-IVXVF,0.035,False,charge_delta; InternetService_Fiber optic; MultipleLines_No,Normal
3985-HOYPM,0.035,False,Contract_Two year; Contract_One year; Dependents_No,Normal
1272-ILHFG,0.035,False,tenure; Contract_Two year; Contract_One year,Normal
2405-LBMUW,0.035,False,Contract_One year; charge_delta; StreamingMovies_Yes,Normal
4114-QMKVN,0.035,False,charge_delta; Contract_One year; TechSupport_No,Normal
2703-AMTUL,0.035,False,Contract_One year; charge_delta; TechSupport_No,Normal
0739-UUAJR,0.035,False,TechSupport_No; PhoneService_No; num_services,Normal
2749-CTKAJ,0.035,False,charge_delta; tenure; Contract_One year,Normal
9581-GVBXT,0.035,False,Contract_One year; TechSupport_No; PhoneService_No,Normal
1051-EQPZR,0.035,False,is_month_to_month; Contract_Month-to-month; Partner_No,Normal
7137-NAXML,0.035,False,Contract_One year; num_services; Contract_Two year,Normal
8782-NUUOL,0.035,False,Contract_One year; avg_monthly_spend; Contract_Two year,Normal
6872-HXFNF,0.035,False,OnlineSecurity_No; Contract_One year; Contract_Two year,Normal
1525-LNLOJ,0.035,False,OnlineSecurity_No; TechSupport_No; MultipleLines_No,Normal
4709-LKHYG,0.035,False,PaymentMethod_Electronic check; Contract_One year; Contract_Two year,Normal
1154-HYWWO,0.035,False,Contract_One year; Contract_Two year; DeviceProtection_No,Normal
9830-ECLEN,0.035,False,TechSupport_No; PhoneService_No; Contract_One year,Normal
8612-GXIDD,0.034,False,tenure; TotalCharges; MultipleLines_No,Normal
2650-GYRYL,0.034,False,charge_delta; PaperlessBilling_No; Partner_No,Normal
6223-DHJGV,0.034,False,Contract_One year; Contract_Two year; TotalCharges,Normal
8819-WFGGJ,0.034,False,PhoneService_No; TechSupport_No; MultipleLines_No,Normal
5519-TEEUH,0.034,False,Contract_One year; Contract_Two year; TotalCharges,Normal
6437-UDQJM,0.034,False,SeniorCitizen; avg_monthly_spend; TechSupport_No,Normal
7554-NEWDD,0.034,False,charge_delta; tenure; TotalCharges,Normal
0654-PQKDW,0.034,False,Contract_One year; charge_delta; StreamingTV_Yes,Normal
3131-NWVFJ,0.034,False,charge_delta; tenure; TotalCharges,Normal
7109-CQYUZ,0.034,False,avg_monthly_spend; MultipleLines_No; StreamingTV_No,Normal
6371-NZYEG,0.034,False,charge_delta; tenure; TechSupport_No,Normal
9919-FZDED,0.034,False,SeniorCitizen; charge_delta; avg_monthly_spend,Normal
0277-ORXQS,0.034,False,OnlineSecurity_No; PhoneService_No; MultipleLines_No,Normal
2040-LDIWQ,0.034,False,TotalCharges; charge_delta; OnlineSecurity_No,Normal
8717-VCTXJ,0.034,False,Contract_Two year; Contract_One year; PaperlessBilling_No,Normal
1023-BQXZE,0.034,False,TechSupport_No; PaperlessBilling_No; StreamingTV_No,Normal
6072-NUQCB,0.034,False,Contract_One year; PaymentMethod_Bank transfer (automatic); Contract_Two year,Normal
1734-ZMNTZ,0.034,False,TotalCharges; MultipleLines_No; tenure,Normal
1265-BCFEO,0.034,False,charge_delta; OnlineSecurity_No; MultipleLines_No,Normal
9127-QRZMH,0.034,False,charge_delta; Contract_One year; DeviceProtection_No,Normal
6195-MELTI,0.034,False,OnlineSecurity_No; Contract_One year; Contract_Two year,Normal
9361-YNQWJ,0.034,False,Contract_One year; MultipleLines_No; Contract_Two year,Normal
3957-HHLMR,0.034,False,Contract_One year; charge_delta; TechSupport_No,Normal
8510-BBWMU,0.034,False,charge_delta; Contract_Two year; PaperlessBilling_No,Normal
8277-RVRSV,0.034,False,charge_delta; MultipleLines_No; Contract_One year,Normal
1998-VHJHK,0.034,False,charge_delta; Contract_Two year; Contract_One year,Normal
1813-JYWTO,0.034,False,charge_delta; avg_monthly_spend; TechSupport_No,Normal
0336-KXKFK,0.034,False,charge_delta; PhoneService_No; MultipleLines_No,Normal
2040-XBAVJ,0.034,False,charge_delta; avg_monthly_spend; MonthlyCharges,Normal
3655-SNQYZ,0.034,False,avg_monthly_spend; InternetService_Fiber optic; MultipleLines_No,Normal
6094-ZIVKX,0.033,False,charge_delta; Contract_One year; TechSupport_No,Normal
8510-TMWYB,0.033,False,OnlineSecurity_No; TechSupport_No; MultipleLines_No,Normal
6121-TNHBO,0.033,False,avg_monthly_spend; Contract_One year; SeniorCitizen,Normal
6519-ZHPXP,0.033,False,avg_monthly_spend; MonthlyCharges; InternetService_Fiber optic,Normal
4685-TFLLS,0.033,False,charge_delta; tenure; Contract_Two year,Normal
0859-YGKFW,0.033,False,charge_delta; tenure; PaymentMethod_Bank transfer (automatic),Normal
5574-NXZIU,0.033,False,MonthlyCharges; InternetService_Fiber optic; avg_monthly_spend,Normal
1776-SPBWV,0.033,False,charge_delta; gender_Female; Contract_Two year,Normal
0757-WCUUZ,0.033,False,OnlineSecurity_No; TechSupport_No; charge_delta,Normal
5906-CVLHP,0.033,False,TotalCharges; OnlineSecurity_No; Contract_One year,Normal
2239-CGBUZ,0.033,False,Contract_One year; charge_delta; Contract_Two year,Normal
9258-CNWAC,0.033,False,avg_monthly_spend; InternetService_Fiber optic; MultipleLines_No,Normal
8169-SAEJD,0.033,False,SeniorCitizen; PhoneService_No; TechSupport_No,Normal
9063-ZGTUY,0.033,False,is_month_to_month; charge_delta; MonthlyCharges,Normal
8748-HFWBO,0.033,False,charge_delta; tenure; Contract_Two year,Normal
3569-VLDHH,0.033,False,Contract_One year; PaymentMethod_Electronic check; avg_monthly_spend,Normal
1821-BUCWY,0.033,False,charge_delta; TechSupport_No; PaperlessBilling_No,Normal
0320-DWVTU,0.033,False,MonthlyCharges; avg_monthly_spend; InternetService_Fiber optic,Normal
7026-YMSBE,0.033,False,Contract_Two year; Contract_One year; Dependents_No,Normal
3057-VJJQE,0.033,False,charge_delta; TechSupport_No; OnlineBackup_No,Normal
5322-TEUJK,0.033,False,avg_monthly_spend; charge_delta; InternetService_Fiber optic,Normal
0916-KNFAJ,0.033,False,charge_delta; TechSupport_No; PaperlessBilling_No,Normal
1790-NESIO,0.033,False,charge_delta; tenure; PaperlessBilling_No,Normal
1206-EHBDD,0.033,False,avg_monthly_spend; TechSupport_No; InternetService_Fiber optic,Normal
4891-NLUBA,0.033,False,charge_delta; OnlineSecurity_No; PhoneService_No,Normal
2150-OEGBV,0.033,False,PaymentMethod_Bank transfer (automatic); Contract_One year; Contract_Two year,Normal
3908-MKIMJ,0.033,False,PaymentMethod_Electronic check; SeniorCitizen; PhoneService_No,Normal
4393-GEADV,0.033,False,TotalCharges; avg_monthly_spend; charge_delta,Normal
8869-TORSS,0.033,False,Contract_One year; charge_delta; Contract_Two year,Normal
2878-DHMIN,0.033,False,PaymentMethod_Electronic check; charge_delta; Contract_Two year,Normal
9867-XOBQA,0.033,False,TotalCharges; PhoneService_No; MultipleLines_No,Normal
6322-HRPFA,0.033,False,is_month_to_month; Contract_Month-to-month; Contract_Two year,Normal
3594-BDSOA,0.033,False,charge_delta; Contract_One year; Contract_Two year,Normal
3841-NFECX,0.033,False,charge_delta; SeniorCitizen; avg_monthly_spend,Normal
6061-PQHMK,0.033,False,Contract_Two year; gender_Female; Contract_One year,Normal
8200-LGKSR,0.032,False,PaymentMethod_Electronic check; avg_monthly_spend; MultipleLines_No,Normal
1053-MXTTK,0.032,False,avg_monthly_spend; MonthlyCharges; InternetService_Fiber optic,Normal
3133-PZNSR,0.032,False,charge_delta; MonthlyCharges; DeviceProtection_No,Normal
9648-BCHKM,0.032,False,MultipleLines_No; PaperlessBilling_No; gender_Female,Normal
2606-PKWJB,0.032,False,Contract_One year; PhoneService_No; Contract_Two year,Normal
2126-GSEGL,0.032,False,avg_monthly_spend; OnlineSecurity_No; charge_delta,Normal
2466-FCCPT,0.032,False,charge_delta; tenure; PaymentMethod_Bank transfer (automatic),Normal
1265-HVPZB,0.032,False,Contract_One year; TechSupport_No; Contract_Two year,Normal
4890-VMUAV,0.032,False,PaymentMethod_Electronic check; Contract_One year; MultipleLines_No,Normal
6479-OAUSD,0.032,False,Contract_Two year; Contract_One year; Dependents_No,Normal
1561-BWHIN,0.032,False,Partner_No; Contract_One year; Contract_Two year,Normal
5917-RYRMG,0.032,False,SeniorCitizen; Contract_Two year; Contract_One year,Normal
9867-JCZSP,0.032,False,Contract_One year; gender_Female; Contract_Two year,Normal
8207-DMRVL,0.032,False,avg_monthly_spend; InternetService_Fiber optic; MultipleLines_No,Normal
0436-TWFFZ,0.032,False,charge_delta; avg_monthly_spend; MultipleLines_No,Normal
4750-UKWJK,0.032,False,charge_delta; SeniorCitizen; TotalCharges,Normal
2302-OUZXB,0.032,False,OnlineSecurity_No; TechSupport_No; MultipleLines_No,Normal
0942-KOWSM,0.032,False,TotalCharges; OnlineSecurity_No; gender_Female,Normal
3401-URHDA,0.032,False,charge_delta; Contract_One year; Contract_Two year,Normal
8779-YIQQA,0.032,False,tenure; Partner_No; Contract_One year,Normal
6823-SIDFQ,0.032,False,Contract_Two year; Contract_One year; Dependents_No,Normal
9224-VTYID,0.032,False,avg_monthly_spend; MultipleLines_No; charge_delta,Normal
5232-NXPAY,0.032,False,OnlineSecurity_No; gender_Female; OnlineBackup_No,Normal
6447-EGDIV,0.032,False,TotalCharges; Contract_One year; Contract_Two year,Normal
9178-JHUVJ,0.032,False,MultipleLines_No; PaperlessBilling_No; PaymentMethod_Bank transfer (automatic),Normal
6166-YIPFO,0.032,False,PaymentMethod_Electronic check; PhoneService_No; PhoneService_Yes,Normal
8873-TMKGR,0.032,False,charge_delta; Contract_One year; Contract_Two year,Normal
5387-ASZNZ,0.032,False,charge_delta; SeniorCitizen; Contract_One year,Normal
7973-DZRKH,0.032,False,charge_delta; avg_monthly_spend; InternetService_Fiber optic,Normal
9359-UGBTK,0.031,False,Contract_One year; StreamingMovies_Yes; Contract_Two year,Normal
4500-HKANN,0.031,False,OnlineSecurity_No; MultipleLines_No; DeviceProtection_No,Normal
2890-WFBHU,0.031,False,avg_monthly_spend; Contract_One year; charge_delta,Normal
6586-MYGKD,0.031,False,TotalCharges; DeviceProtection_No; MultipleLines_No,Normal
8966-OIQHG,0.031,False,charge_delta; PaymentMethod_Bank transfer (automatic); Contract_Two year,Normal
5214-CHIWJ,0.031,False,charge_delta; Contract_One year; Contract_Two year,Normal
2541-YGPKE,0.031,False,Contract_One year; TotalCharges; DeviceProtection_No,Normal
2990-OGYTD,0.031,False,OnlineSecurity_No; MultipleLines_No; avg_monthly_spend,Normal
9236-NDUCW,0.031,False,PhoneService_No; TotalCharges; MultipleLines_No,Normal
0230-UBYPQ,0.031,False,SeniorCitizen; OnlineSecurity_Yes; Contract_One year,Normal
2277-AXSDC,0.031,False,charge_delta; Contract_Two year; PaymentMethod_Bank transfer (automatic),Normal
4835-YSJMR,0.031,False,OnlineSecurity_No; Dependents_No; avg_monthly_spend,Normal
3831-YCPUO,0.031,False,avg_monthly_spend; MonthlyCharges; InternetService_Fiber optic,Normal
0687-ZVTHB,0.031,False,charge_delta; Contract_One year; StreamingMovies_Yes,Normal
0835-DUUIQ,0.031,False,Contract_One year; PaymentMethod_Bank transfer (automatic); gender_Female,Normal
8194-PEEBY,0.031,False,Contract_Two year; Contract_One year; Partner_No,Normal
9670-BPNXF,0.031,False,Contract_One year; charge_delta; TotalCharges,Normal
7305-ZWMAJ,0.031,False,Contract_One year; Contract_Two year; Partner_No,Normal
4565-EVZMJ,0.031,False,Contract_One year; gender_Female; Contract_Two year,Normal
9739-JLPQJ,0.031,False,avg_monthly_spend; charge_delta; MonthlyCharges,Normal
2361-UPSND,0.031,False,charge_delta; Contract_One year; Contract_Two year,Normal
2664-XJZNO,0.031,False,avg_monthly_spend; MonthlyCharges; InternetService_Fiber optic,Normal
4795-UXVCJ,0.031,False,Contract_One year; Contract_Two year; Dependents_No,Normal
0516-VRYBW,0.031,False,charge_delta; Contract_One year; gender_Female,Normal
1534-OULXE,0.031,False,Contract_One year; TechSupport_No; Partner_No,Normal
8125-QPFJD,0.031,False,charge_delta; avg_monthly_spend; MultipleLines_No,Normal
9995-HOTOH,0.031,False,PaymentMethod_Electronic check; PhoneService_No; PhoneService_Yes,Normal
5726-CVNYA,0.031,False,tenure; Partner_No; PaperlessBilling_No,Normal
5627-TVBPP,0.031,False,Contract_One year; PaperlessBilling_No; Contract_Two year,Normal
6631-HMANX,0.03,False,OnlineSecurity_No; MultipleLines_No; avg_monthly_spend,Normal
9385-NXKDA,0.03,False,avg_monthly_spend; charge_delta; TechSupport_No,Normal
1088-CNNKB,0.03,False,Contract_One year; avg_monthly_spend; charge_delta,Normal
6898-RBTLU,0.03,False,OnlineSecurity_No; MultipleLines_No; MultipleLines_Yes,Normal
0743-HNPFG,0.03,False,charge_delta; Contract_One year; Contract_Two year,Normal
8661-BOYNW,0.03,False,avg_monthly_spend; MultipleLines_No; StreamingMovies_Yes,Normal
2550-AEVRU,0.03,False,PaymentMethod_Electronic check; Contract_One year; charge_delta,Normal
0181-RITDD,0.03,False,MonthlyCharges; avg_monthly_spend; InternetService_Fiber optic,Normal
5197-LQXXH,0.03,False,charge_delta; OnlineSecurity_No; avg_monthly_spend,Normal
6261-RCVNS,0.03,False,Contract_One year; charge_delta; TotalCharges,Normal
6814-ZPWFQ,0.03,False,charge_delta; SeniorCitizen; Contract_One year,Normal
4737-HOBAX,0.03,False,OnlineSecurity_No; MultipleLines_No; charge_delta,Normal
5914-GXMDA,0.03,False,charge_delta; Partner_No; Contract_One year,Normal
1333-PBMXB,0.03,False,Contract_One year; charge_delta; Contract_Two year,Normal
6732-VAILE,0.03,False,OnlineSecurity_No; MultipleLines_No; charge_delta,Normal
5512-IDZEI,0.03,False,PaymentMethod_Electronic check; TotalCharges; Contract_One year,Normal
8512-WIWYV,0.03,False,charge_delta; Contract_One year; Contract_Two year,Normal
4293-ETKAP,0.03,False,OnlineSecurity_No; TotalCharges; MonthlyCharges,Normal
0383-CLDDA,0.03,False,avg_monthly_spend; MultipleLines_No; charge_delta,Normal
5317-FLPJF,0.03,False,PhoneService_No; MultipleLines_No; PaperlessBilling_No,Normal
1872-EBWSC,0.03,False,Contract_One year; Contract_Two year; gender_Female,Normal
0853-TWRVK,0.03,False,avg_monthly_spend; charge_delta; MonthlyCharges,Normal
5876-QMYLD,0.03,False,Partner_No; Contract_One year; Contract_Two year,Normal
5456-ITGIC,0.03,False,SeniorCitizen; PhoneService_No; MultipleLines_No,Normal
4716-MRVEN,0.03,False,Contract_One year; Contract_Two year; gender_Female,Normal
6082-OQFBA,0.03,False,charge_delta; Contract_Two year; Partner_No,Normal
6963-EZQEE,0.03,False,SeniorCitizen; MultipleLines_No; avg_monthly_spend,Normal
2167-FQSTQ,0.03,False,PaymentMethod_Electronic check; avg_monthly_spend; MultipleLines_No,Normal
6693-DJWTY,0.03,False,Contract_One year; gender_Female; TechSupport_No,Normal
8672-OAUPW,0.03,False,TotalCharges; OnlineSecurity_No; Contract_One year,Normal
6234-RAAPL,0.03,False,MonthlyCharges; avg_monthly_spend; InternetService_Fiber optic,Normal
2995-YWTCD,0.029,False,charge_delta; PaperlessBilling_No; TotalCharges,Normal
2819-GWENI,0.029,False,charge_delta; Contract_Two year; Contract_One year,Normal
0731-EBJQB,0.029,False,PaymentMethod_Electronic check; TotalCharges; Contract_One year,Normal
5125-CNDSP,0.029,False,Contract_One year; MultipleLines_No; PhoneService_No,Normal
3649-JPUGY,0.029,False,OnlineSecurity_No; MultipleLines_No; MultipleLines_Yes,Normal
5980-BDHPY,0.029,False,charge_delta; MultipleLines_No; avg_monthly_spend,Normal
6974-DAFLI,0.029,False,PaymentMethod_Electronic check; TotalCharges; Contract_One year,Normal
7632-YUTXB,0.029,False,Contract_One year; Contract_Two year; gender_Female,Normal
0219-QAERP,0.029,False,charge_delta; Contract_Two year; Contract_One year,Normal
9548-ZMVTX,0.029,False,OnlineSecurity_No; InternetService_Fiber optic; MultipleLines_No,Normal
8884-FEEWR,0.029,False,Contract_One year; Contract_Two year; Dependents_No,Normal
7564-GHCVB,0.029,False,avg_monthly_spend; TechSupport_No; MultipleLines_No,Normal
2612-PHGOX,0.029,False,charge_delta; OnlineSecurity_No; MultipleLines_No,Normal
3174-AKMAS,0.029,False,OnlineSecurity_No; gender_Female; charge_delta,Normal
4950-HKQTE,0.029,False,MultipleLines_No; charge_delta; gender_Female,Normal
7609-YBPXG,0.029,False,avg_monthly_spend; MultipleLines_No; OnlineBackup_No,Normal
5318-YKDPV,0.029,False,avg_monthly_spend; Partner_No; OnlineBackup_No,Normal
8007-YYPWD,0.029,False,charge_delta; tenure; MultipleLines_No,Normal
1972-XMUWV,0.029,False,OnlineSecurity_No; DeviceProtection_No; PaperlessBilling_No,Normal
5918-VUKWP,0.029,False,charge_delta; PaymentMethod_Bank transfer (automatic); Contract_Two year,Normal
0771-CHWSK,0.029,False,charge_delta; PaperlessBilling_No; TechSupport_No,Normal
0993-OSGPT,0.029,False,OnlineSecurity_No; SeniorCitizen; Contract_One year,Normal
4163-HFTUK,0.029,False,PaymentMethod_Electronic check; Contract_One year; Contract_Two year,Normal
8871-JLMHM,0.029,False,OnlineSecurity_No; MultipleLines_No; InternetService_Fiber optic,Normal
3891-NLXJB,0.029,False,PhoneService_No; PaperlessBilling_No; MultipleLines_No,Normal
8645-KOMJQ,0.029,False,charge_delta; OnlineSecurity_No; MultipleLines_No,Normal
8999-YPYBV,0.029,False,avg_monthly_spend; charge_delta; Partner_No,Normal
5893-PYOLZ,0.029,False,charge_delta; OnlineSecurity_No; PaperlessBilling_No,Normal
5451-MHQOF,0.029,False,Contract_One year; MultipleLines_No; Contract_Two year,Normal
7779-ORAEL,0.029,False,SeniorCitizen; MultipleLines_No; Partner_No,Normal
1552-CZCLL,0.029,False,is_month_to_month; charge_delta; Contract_Month-to-month,Normal
6754-WKSHP,0.029,False,TotalCharges; Contract_One year; MultipleLines_No,Normal
2430-RRYUW,0.029,False,Contract_One year; TechSupport_No; PaperlessBilling_No,Normal
9253-VIFJQ,0.029,False,Contract_One year; charge_delta; TechSupport_No,Normal
4295-YURET,0.029,False,SeniorCitizen; DeviceProtection_No; OnlineSecurity_Yes,Normal
4547-FZJWE,0.028,False,Contract_One year; TechSupport_No; StreamingMovies_Yes,Normal
9560-BBZXK,0.028,False,TotalCharges; PhoneService_No; TechSupport_No,Normal
9824-QCJPK,0.028,False,TotalCharges; Contract_One year; Partner_No,Normal
2138-VFAPZ,0.028,False,charge_delta; tenure; TotalCharges,Normal
2404-JIBFC,0.028,False,charge_delta; avg_monthly_spend; MultipleLines_No,Normal
5469-NUJUR,0.028,False,charge_delta; PaperlessBilling_No; tenure,Normal
5129-HHMZC,0.028,False,avg_monthly_spend; Partner_No; PaymentMethod_Credit card (automatic),Normal
8327-WKMIE,0.028,False,Contract_One year; Contract_Two year; Dependents_No,Normal
1982-FEBTD,0.028,False,MultipleLines_No; PaperlessBilling_No; Partner_No,Normal
6463-HHXJR,0.028,False,MonthlyCharges; avg_monthly_spend; InternetService_Fiber optic,Normal
1960-UOTYM,0.028,False,PaymentMethod_Electronic check; charge_delta; TechSupport_No,Normal
8388-DMKAE,0.028,False,tenure; charge_delta; TotalCharges,Normal
7501-IWUNG,0.028,False,OnlineSecurity_No; PaperlessBilling_No; StreamingTV_Yes,Normal
5495-GPSRW,0.028,False,PaperlessBilling_No; tenure; Dependents_No,Normal
7471-WNSUF,0.028,False,Contract_One year; MultipleLines_No; Contract_Two year,Normal
5871-DGTXZ,0.028,False,charge_delta; Contract_Two year; Dependents_No,Normal
6719-FGEDO,0.028,False,MonthlyCharges; avg_monthly_spend; InternetService_Fiber optic,Normal
4526-EXKKN,0.028,False,charge_delta; MultipleLines_No; PaperlessBilling_No,Normal
1834-WULEG,0.028,False,Partner_No; Contract_One year; Contract_Two year,Normal
3745-HRPHI,0.028,False,OnlineSecurity_No; PhoneService_No; MultipleLines_No,Normal
2812-REYAT,0.028,False,Contract_One year; Contract_Two year; PaperlessBilling_No,Normal
3298-QEICA,0.028,False,MultipleLines_No; PhoneService_No; OnlineBackup_No,Normal
2977-CEBSX,0.028,False,avg_monthly_spend; MultipleLines_No; OnlineSecurity_Yes,Normal
9805-FILKB,0.027,False,Partner_No; Contract_One year; PaperlessBilling_No,Normal
3078-ZKNTS,0.027,False,charge_delta; tenure; TotalCharges,Normal
5583-EJXRD,0.027,False,TotalCharges; PhoneService_Yes; charge_delta,Normal
4538-WNTMJ,0.027,False,TotalCharges; Contract_One year; Contract_Two year,Normal
0788-DXBFY,0.027,False,PaymentMethod_Electronic check; charge_delta; TotalCharges,Normal
7321-ZNSLA,0.027,False,charge_delta; MultipleLines_No; Partner_No,Normal
3935-TBRZZ,0.027,False,TotalCharges; charge_delta; Contract_One year,Normal
7233-PAHHL,0.027,False,avg_monthly_spend; MultipleLines_No; Partner_No,Normal
0017-DINOC,0.027,False,TotalCharges; OnlineSecurity_Yes; PhoneService_No,Normal
6242-FEGFD,0.027,False,MonthlyCharges; InternetService_Fiber optic; MultipleLines_No,Normal
4178-EGMON,0.027,False,InternetService_Fiber optic; MultipleLines_No; avg_monthly_spend,Normal
1122-YJBCS,0.027,False,Contract_One year; TechSupport_No; Contract_Two year,Normal
5840-NVDCG,0.027,False,tenure; TotalCharges; charge_delta,Normal
3812-LRZIR,0.027,False,PaymentMethod_Electronic check; TotalCharges; MultipleLines_No,Normal
5996-EBTKM,0.027,False,charge_delta; OnlineSecurity_No; MultipleLines_No,Normal
1293-HHSHJ,0.027,False,charge_delta; Contract_One year; Contract_Two year,Normal
6549-BTYPG,0.027,False,OnlineSecurity_No; PhoneService_No; charge_delta,Normal
4893-GYUJU,0.027,False,charge_delta; TotalCharges; Contract_Two year,Normal
7190-XHTWJ,0.027,False,Contract_Two year; Contract_One year; gender_Female,Normal
3460-TJBWI,0.027,False,MultipleLines_No; Partner_No; StreamingTV_No,Normal
3108-PCCGG,0.027,False,SeniorCitizen; avg_monthly_spend; MultipleLines_No,Normal
9150-HEPMB,0.027,False,charge_delta; Contract_One year; TechSupport_No,Normal
0129-QMPDR,0.027,False,charge_delta; Contract_Two year; Contract_One year,Normal
5668-MEISB,0.027,False,avg_monthly_spend; MonthlyCharges; InternetService_Fiber optic,Normal
3653-NCRDJ,0.027,False,PaperlessBilling_No; Partner_No; Contract_One year,Normal
3489-VSFRD,0.027,False,Contract_One year; PaperlessBilling_No; Contract_Two year,Normal
0707-HOVVN,0.027,False,SeniorCitizen; charge_delta; TotalCharges,Normal
7503-MIOGA,0.027,False,SeniorCitizen; MultipleLines_No; avg_monthly_spend,Normal
7452-FOLON,0.027,False,charge_delta; Contract_One year; MultipleLines_No,Normal
4667-QONEA,0.027,False,Contract_One year; charge_delta; SeniorCitizen,Normal
4121-AGSIN,0.026,False,Contract_One year; charge_delta; MultipleLines_No,Normal
9447-YPTBX,0.026,False,charge_delta; Contract_Two year; PaperlessBilling_No,Normal
6701-DHKWQ,0.026,False,OnlineSecurity_No; PhoneService_No; gender_Female,Normal
2192-OZITF,0.026,False,charge_delta; DeviceProtection_No; gender_Female,Normal
5321-NTRKC,0.026,False,TotalCharges; charge_delta; OnlineSecurity_No,Normal
0310-SUCIN,0.026,False,avg_monthly_spend; Contract_One year; Contract_Two year,Normal
4751-ERMAN,0.026,False,OnlineSecurity_No; TotalCharges; TechSupport_No,Normal
2332-TODQS,0.026,False,TotalCharges; charge_delta; Contract_One year,Normal
2335-GSODA,0.026,False,MultipleLines_No; PhoneService_No; OnlineBackup_No,Normal
4597-ELFTS,0.026,False,charge_delta; PaymentMethod_Electronic check; avg_monthly_spend,Normal
7061-OVMIM,0.026,False,PaymentMethod_Bank transfer (automatic); gender_Female; Contract_Two year,Normal
3486-NPGST,0.026,False,Contract_One year; Contract_Two year; num_services,Normal
1431-AIDJQ,0.026,False,OnlineSecurity_No; PaymentMethod_Credit card (automatic); Partner_No,Normal
6563-VRERX,0.026,False,Contract_One year; TotalCharges; Contract_Two year,Normal
5702-KVQRD,0.026,False,charge_delta; PaymentMethod_Electronic check; OnlineBackup_No,Normal
7328-OWMOM,0.026,False,charge_delta; Contract_One year; Contract_Two year,Normal
3129-AAQOU,0.026,False,charge_delta; MultipleLines_No; TotalCharges,Normal
7508-DQAKK,0.026,False,avg_monthly_spend; MultipleLines_No; TotalCharges,Normal
4980-URKXC,0.026,False,charge_delta; Contract_Two year; Contract_One year,Normal
1837-YQUCE,0.026,False,PhoneService_No; MultipleLines_No; PaperlessBilling_No,Normal
5197-YPYBZ,0.026,False,tenure; TotalCharges; MultipleLines_No,Normal
2351-BKRZW,0.026,False,TechSupport_No; Partner_No; OnlineBackup_No,Normal
5498-IBWPI,0.026,False,OnlineSecurity_No; Contract_One year; Contract_Two year,Normal
9795-NREXC,0.026,False,avg_monthly_spend; MultipleLines_No; TotalCharges,Normal
6772-WFQRD,0.026,False,Contract_One year; Contract_Two year; PaymentMethod_Bank transfer (automatic),Normal
8626-PTQGE,0.026,False,PhoneService_No; MultipleLines_No; PaperlessBilling_No,Normal
4676-WLUHT,0.026,False,TotalCharges; TechSupport_No; PhoneService_No,Normal
7153-CHRBV,0.026,False,Contract_One year; PaperlessBilling_No; Contract_Two year,Normal
8390-FESFV,0.026,False,avg_monthly_spend; OnlineSecurity_No; charge_delta,Normal
8565-WUXZU,0.026,False,SeniorCitizen; avg_monthly_spend; TotalCharges,Normal
4962-CHQPW,0.026,False,Contract_One year; Contract_Two year; StreamingMovies_No,Normal
5924-SNGKP,0.026,False,gender_Female; Contract_One year; Contract_Two year,Normal
2599-CIPQE,0.026,False,MonthlyCharges; avg_monthly_spend; TotalCharges,Normal
3251-YMVWZ,0.026,False,Contract_One year; MultipleLines_No; Contract_Two year,Normal
8218-FFJDS,0.026,False,MultipleLines_No; DeviceProtection_No; StreamingMovies_Yes,Normal
9509-MPYOD,0.025,False,charge_delta; Contract_One year; Contract_Two year,Normal
1686-STUHN,0.025,False,Contract_Two year; Contract_One year; Dependents_No,Normal
4254-QPEDE,0.025,False,PhoneService_No; MultipleLines_No; PhoneService_Yes,Normal
2252-NKNSI,0.025,False,avg_monthly_spend; MultipleLines_No; DeviceProtection_No,Normal
9958-MEKUC,0.025,False,avg_monthly_spend; MonthlyCharges; InternetService_Fiber optic,Normal
3230-IUALN,0.025,False,OnlineBackup_No; PaperlessBilling_No; gender_Female,Normal
2123-VSCOT,0.025,False,charge_delta; OnlineSecurity_No; MultipleLines_No,Normal
5126-RCXYW,0.025,False,OnlineSecurity_No; TotalCharges; PhoneService_No,Normal
5380-XPJNZ,0.025,False,TotalCharges; Contract_One year; Contract_Two year,Normal
3398-GCPMU,0.025,False,charge_delta; SeniorCitizen; MultipleLines_No,Normal
6115-ZTBFQ,0.025,False,PhoneService_No; MultipleLines_No; Partner_No,Normal
4825-XJGDM,0.025,False,Contract_One year; PhoneService_No; Contract_Two year,Normal
0617-AQNWT,0.025,False,PaymentMethod_Electronic check; charge_delta; PhoneService_No,Normal
0604-THJFP,0.025,False,OnlineSecurity_No; DeviceProtection_No; PaperlessBilling_No,Normal
0902-RFHOF,0.025,False,charge_delta; Contract_One year; Contract_Two year,Normal
9108-EQPNQ,0.025,False,tenure; charge_delta; TotalCharges,Normal
0513-RBGPE,0.025,False,PaperlessBilling_No; MultipleLines_No; Partner_No,Normal
0114-IGABW,0.025,False,OnlineSecurity_No; PhoneService_No; MultipleLines_No,Normal
4077-HWUYD,0.025,False,MultipleLines_No; avg_monthly_spend; Partner_No,Normal
0214-JHPFW,0.025,False,OnlineSecurity_No; PhoneService_No; charge_delta,Normal
0455-ENTCR,0.025,False,PaymentMethod_Electronic check; avg_monthly_spend; MultipleLines_No,Normal
1403-LKLIK,0.025,False,Contract_One year; Partner_No; Contract_Two year,Normal
9778-OGKQZ,0.025,False,avg_monthly_spend; MultipleLines_No; StreamingMovies_Yes,Normal
6203-HBZPA,0.025,False,PhoneService_No; MultipleLines_No; PhoneService_Yes,Normal
8908-SLFCJ,0.025,False,charge_delta; PaperlessBilling_No; tenure,Normal
5684-FJVYR,0.025,False,InternetService_Fiber optic; MultipleLines_No; avg_monthly_spend,Normal
5397-NSKQG,0.025,False,charge_delta; TechSupport_No; OnlineBackup_No,Normal
6698-OXETB,0.024,False,tenure; Dependents_No; TotalCharges,Normal
1757-TCATG,0.024,False,Contract_One year; Contract_Two year; charge_delta,Normal
3544-FBCAS,0.024,False,avg_monthly_spend; charge_delta; TechSupport_No,Normal
4079-WWQQQ,0.024,False,PhoneService_No; MultipleLines_No; PaperlessBilling_No,Normal
4381-MHQDC,0.024,False,PaperlessBilling_No; gender_Female; OnlineBackup_No,Normal
6609-MXJHJ,0.024,False,MultipleLines_No; TotalCharges; gender_Female,Normal
8232-CTLKO,0.024,False,PaymentMethod_Electronic check; TechSupport_No; OnlineBackup_No,Normal
5849-ASHZJ,0.024,False,Contract_One year; Contract_Two year; TechSupport_Yes,Normal
7469-LKBCI,0.024,False,tenure; TotalCharges; Dependents_No,Normal
0164-XAIRP,0.024,False,charge_delta; PaymentMethod_Bank transfer (automatic); PaperlessBilling_No,Normal
4883-KCPZJ,0.024,False,charge_delta; gender_Female; MultipleLines_No,Normal
4615-PIVVU,0.024,False,OnlineSecurity_No; charge_delta; gender_Female,Normal
0263-FJTQO,0.024,False,charge_delta; DeviceProtection_No; OnlineBackup_No,Normal
2017-CCBLH,0.024,False,tenure; Dependents_No; num_services,Normal
3721-WKIIL,0.024,False,PaperlessBilling_No; gender_Female; Dependents_No,Normal
8174-TBVCF,0.024,False,avg_monthly_spend; MonthlyCharges; MultipleLines_No,Normal
9297-EONCV,0.024,False,MultipleLines_No; avg_monthly_spend; StreamingTV_No,Normal
9030-QGZNL,0.024,False,charge_delta; tenure; TotalCharges,Normal
8221-HVAYI,0.024,False,TotalCharges; PaperlessBilling_No; Partner_No,Normal
8008-OTEZX,0.024,False,gender_Female; Contract_Two year; TotalCharges,Normal
2516-XSJKX,0.024,False,PaymentMethod_Electronic check; Partner_No; gender_Female,Normal
4568-KNYWR,0.024,False,TechSupport_No; PaperlessBilling_No; DeviceProtection_No,Normal
9443-JUBUO,0.024,False,PhoneService_No; MultipleLines_No; PaperlessBilling_No,Normal
6332-FBZRI,0.024,False,Contract_One year; charge_delta; Contract_Two year,Normal
3546-GHEAE,0.024,False,tenure; TotalCharges; StreamingTV_No,Normal
8039-EQPIM,0.024,False,PhoneService_No; MultipleLines_No; Dependents_No,Normal
0057-QBUQH,0.024,False,PaymentMethod_Electronic check; MultipleLines_No; TotalCharges,Normal
5792-JALQC,0.024,False,SeniorCitizen; charge_delta; TechSupport_No,Normal
6248-TKCQV,0.024,False,TotalCharges; avg_monthly_spend; MultipleLines_No,Normal
2229-DPMBI,0.024,False,tenure; TotalCharges; gender_Female,Normal
6418-HNFED,0.024,False,avg_monthly_spend; PaymentMethod_Credit card (automatic); Dependents_No,Normal
2753-JMMCV,0.024,False,charge_delta; OnlineSecurity_No; PaperlessBilling_No,Normal
6681-ZSEXG,0.024,False,OnlineSecurity_No; TechSupport_No; MultipleLines_No,Normal
9470-YFUYI,0.024,False,charge_delta; SeniorCitizen; Contract_One year,Normal
2863-IMQDR,0.024,False,PaymentMethod_Electronic check; TotalCharges; avg_monthly_spend,Normal
7297-DVYGA,0.024,False,charge_delta; Contract_Two year; Dependents_No,Normal
2000-DHJUY,0.024,False,SeniorCitizen; avg_monthly_spend; MultipleLines_No,Normal
9415-ZNBSX,0.024,False,avg_monthly_spend; MultipleLines_No; StreamingMovies_Yes,Normal
2725-IWWBA,0.024,False,Contract_One year; Contract_Two year; Partner_No,Normal
4452-ROHMO,0.024,False,tenure; gender_Female; Dependents_No,Normal
3566-CAAYU,0.023,False,PaymentMethod_Electronic check; OnlineSecurity_No; PhoneService_No,Normal
6827-IEAUQ,0.023,False,Contract_One year; gender_Female; Contract_Two year,Normal
5248-YGIJN,0.023,False,MultipleLines_No; PaymentMethod_Credit card (automatic); avg_monthly_spend,Normal
2845-KDHVX,0.023,False,OnlineSecurity_No; PaperlessBilling_No; Dependents_No,Normal
3079-BCHLN,0.023,False,Contract_Two year; Dependents_No; Contract_One year,Normal
7622-FWGEW,0.023,False,SeniorCitizen; avg_monthly_spend; Partner_No,Normal
2122-SZZZD,0.023,False,charge_delta; Contract_Two year; Dependents_No,Normal
0378-XSZPU,0.023,False,Contract_One year; charge_delta; TechSupport_No,Normal
5774-QPLTF,0.023,False,Contract_One year; PaperlessBilling_No; Contract_Two year,Normal
4188-PCPIG,0.023,False,DeviceProtection_No; gender_Female; PaperlessBilling_No,Normal
4039-PIMHX,0.023,False,SeniorCitizen; charge_delta; TotalCharges,Normal
8143-ETQTI,0.023,False,charge_delta; PaperlessBilling_No; TotalCharges,Normal
1897-OKVMW,0.023,False,avg_monthly_spend; MultipleLines_No; OnlineSecurity_Yes,Normal
1371-OJCEK,0.023,False,TotalCharges; charge_delta; avg_monthly_spend,Normal
7711-YIJWC,0.023,False,avg_monthly_spend; Contract_One year; TotalCharges,Normal
1227-UDMZR,0.023,False,MultipleLines_No; avg_monthly_spend; StreamingMovies_Yes,Normal
0298-XACET,0.023,False,OnlineSecurity_No; PhoneService_No; charge_delta,Normal
6762-QVYJO,0.023,False,PhoneService_No; MultipleLines_No; OnlineBackup_No,Normal
6603-YRDCJ,0.023,False,PaperlessBilling_No; DeviceProtection_No; Partner_No,Normal
1090-ESELR,0.023,False,avg_monthly_spend; MonthlyCharges; TotalCharges,Normal
5177-RVZNU,0.023,False,Contract_Two year; gender_Female; Contract_One year,Normal
0969-RGKCU,0.023,False,Partner_No; Contract_One year; TotalCharges,Normal
6064-ZATLR,0.023,False,TechSupport_No; gender_Female; DeviceProtection_No,Normal
4312-GVYNH,0.023,False,PhoneService_No; MultipleLines_No; PaperlessBilling_No,Normal
5676-CFLYY,0.023,False,TotalCharges; OnlineSecurity_No; charge_delta,Normal
7596-IIWYC,0.023,False,charge_delta; PaymentMethod_Bank transfer (automatic); PaperlessBilling_No,Normal
6122-EFVKN,0.023,False,PhoneService_No; MultipleLines_No; OnlineBackup_No,Normal
7025-WCBNE,0.023,False,SeniorCitizen; charge_delta; OnlineSecurity_No,Normal
8515-OCTJS,0.023,False,TotalCharges; MultipleLines_No; gender_Female,Normal
2400-XIWIO,0.023,False,PaymentMethod_Electronic check; MultipleLines_No; DeviceProtection_Yes,Normal
5997-OPVFA,0.023,False,MultipleLines_No; charge_delta; PaperlessBilling_No,Normal
7951-QKZPL,0.023,False,charge_delta; TotalCharges; MultipleLines_No,Normal
3796-ENZGF,0.023,False,OnlineSecurity_No; charge_delta; MultipleLines_No,Normal
1093-YSWCA,0.023,False,tenure; Dependents_No; TotalCharges,Normal
5063-IUOKK,0.023,False,tenure; TotalCharges; Dependents_No,Normal
6656-GULJQ,0.023,False,avg_monthly_spend; MultipleLines_No; OnlineBackup_No,Normal
8098-TDCBU,0.023,False,PaymentMethod_Electronic check; TotalCharges; MultipleLines_No,Normal
6048-NJXHX,0.023,False,PaymentMethod_Electronic check; Partner_No; PaperlessBilling_No,Normal
3727-OVPRY,0.023,False,Contract_One year; MultipleLines_No; Contract_Two year,Normal
9888-ZCUMM,0.023,False,charge_delta; PhoneService_No; MultipleLines_No,Normal
2193-SFWQW,0.023,False,charge_delta; avg_monthly_spend; InternetService_Fiber optic,Normal
1755-FZQEC,0.023,False,Contract_Two year; Contract_One year; Dependents_No,Normal
2256-YLYLP,0.023,False,OnlineSecurity_No; charge_delta; PaperlessBilling_No,Normal
0191-EQUUH,0.023,False,charge_delta; PhoneService_No; MultipleLines_No,Normal
3720-DBRWL,0.023,False,avg_monthly_spend; Dependents_No; StreamingTV_No,Normal
2324-AALNO,0.023,False,TotalCharges; Contract_One year; Contract_Two year,Normal
5394-MEITZ,0.023,False,OnlineSecurity_No; avg_monthly_spend; PaperlessBilling_No,Normal
6339-RZCBJ,0.023,False,charge_delta; OnlineSecurity_No; Dependents_No,Normal
9803-FTJCG,0.023,False,charge_delta; Contract_One year; DeviceProtection_No,Normal
7054-DMVAS,0.023,False,charge_delta; TechSupport_No; PaperlessBilling_No,Normal
9227-YBAXE,0.023,False,TotalCharges; avg_monthly_spend; MultipleLines_No,Normal
9489-DEDVP,0.022,False,TechSupport_No; MultipleLines_No; DeviceProtection_No,Normal
2808-CHTDM,0.022,False,charge_delta; MultipleLines_No; gender_Female,Normal
0301-KOBTQ,0.022,False,charge_delta; PaymentMethod_Bank transfer (automatic); PaperlessBilling_No,Normal
6922-NCEDI,0.022,False,Contract_One year; Contract_Two year; auto_pay,Normal
1535-VTJOQ,0.022,False,charge_delta; MultipleLines_No; gender_Female,Normal
6516-NKQBO,0.022,False,avg_monthly_spend; OnlineBackup_No; OnlineSecurity_Yes,Normal
6701-YVNQG,0.022,False,MultipleLines_No; charge_delta; MultipleLines_Yes,Normal
9242-TKFSV,0.022,False,PhoneService_No; MultipleLines_No; PaperlessBilling_No,Normal
1492-KGETH,0.022,False,Contract_One year; TotalCharges; avg_monthly_spend,Normal
8265-HKSOW,0.022,False,avg_monthly_spend; MonthlyCharges; charge_delta,Normal
3638-VBZTA,0.022,False,avg_monthly_spend; charge_delta; MultipleLines_No,Normal
0674-GCDXG,0.022,False,charge_delta; PaperlessBilling_No; MultipleLines_No,Normal
5986-WWXDV,0.022,False,Contract_Two year; PaymentMethod_Bank transfer (automatic); Contract_One year,Normal
1177-XZBJL,0.022,False,Contract_One year; Contract_Two year; MultipleLines_No,Normal
5788-YPOEG,0.022,False,avg_monthly_spend; gender_Female; num_services,Normal
8314-HTWVE,0.022,False,tenure; TotalCharges; gender_Female,Normal
1187-WILMM,0.022,False,charge_delta; avg_monthly_spend; MultipleLines_No,Normal
5322-ZSMZY,0.022,False,TotalCharges; MultipleLines_No; Partner_No,Normal
3458-IDMFK,0.022,False,charge_delta; PaperlessBilling_No; Dependents_No,Normal
2987-BJXIK,0.022,False,avg_monthly_spend; MultipleLines_No; TechSupport_No,Normal
7301-ABVAD,0.022,False,OnlineSecurity_No; MultipleLines_No; StreamingTV_No,Normal
6152-ONASV,0.022,False,Contract_One year; Contract_Two year; MultipleLines_No,Normal
1930-QPBVZ,0.022,False,MonthlyCharges; avg_monthly_spend; InternetService_Fiber optic,Normal
7665-NKLAV,0.022,False,PhoneService_No; Partner_No; MultipleLines_No,Normal
4884-LEVMQ,0.022,False,charge_delta; PaperlessBilling_No; Partner_No,Normal
3146-MSEGF,0.022,False,SeniorCitizen; MultipleLines_No; avg_monthly_spend,Normal
0016-QLJIS,0.022,False,avg_monthly_spend; MultipleLines_No; Partner_No,Normal
8144-DGHXP,0.022,False,charge_delta; PaymentMethod_Electronic check; OnlineBackup_No,Normal
9548-LIGTA,0.022,False,PaperlessBilling_No; DeviceProtection_No; Partner_No,Normal
2333-KWEWW,0.022,False,StreamingTV_No; Dependents_No; StreamingMovies_No,Normal
0909-SELIE,0.022,False,avg_monthly_spend; MultipleLines_No; Partner_No,Normal
9339-FIIJL,0.022,False,charge_delta; OnlineSecurity_No; MultipleLines_No,Normal
8184-WMOFI,0.022,False,Contract_One year; StreamingMovies_Yes; Contract_Two year,Normal
0254-WWRKD,0.022,False,OnlineSecurity_No; Contract_One year; TechSupport_No,Normal
8469-SNFFH,0.022,False,charge_delta; avg_monthly_spend; Contract_One year,Normal
5248-RPYWW,0.022,False,SeniorCitizen; MultipleLines_No; avg_monthly_spend,Normal
3638-WEABW,0.022,False,OnlineSecurity_No; MultipleLines_No; PaperlessBilling_No,Normal
2589-AYCRP,0.022,False,charge_delta; Contract_Two year; gender_Female,Normal
4549-ZDQYY,0.022,False,Contract_One year; Contract_Two year; TotalCharges,Normal
9028-LIHRP,0.022,False,avg_monthly_spend; MonthlyCharges; InternetService_Fiber optic,Normal
1498-NHTLT,0.022,False,PaymentMethod_Electronic check; TotalCharges; avg_monthly_spend,Normal
5647-URDKA,0.022,False,tenure; Partner_No; num_services,Normal
2725-TTRIQ,0.022,False,charge_delta; avg_monthly_spend; MultipleLines_No,Normal
1245-HARPS,0.022,False,tenure; TotalCharges; Partner_No,Normal
9798-OPFEM,0.022,False,PaymentMethod_Electronic check; charge_delta; PaperlessBilling_No,Normal
9541-ZPSEA,0.022,False,TotalCharges; charge_delta; avg_monthly_spend,Normal
2662-NNTDK,0.022,False,Contract_One year; charge_delta; Contract_Two year,Normal
8046-DNVTL,0.022,False,charge_delta; TotalCharges; PhoneService_No,Normal
4671-VJLCL,0.022,False,MultipleLines_No; StreamingTV_Yes; StreamingTV_No,Normal
4994-OBRSZ,0.022,False,charge_delta; tenure; TotalCharges,Normal
3654-ARMGP,0.022,False,OnlineSecurity_No; TotalCharges; MultipleLines_No,Normal
8067-NIOYM,0.022,False,charge_delta; PaperlessBilling_No; Partner_No,Normal
0567-XRHCU,0.022,False,charge_delta; TechSupport_No; MultipleLines_No,Normal
8859-AXJZP,0.022,False,charge_delta; MultipleLines_No; PaperlessBilling_No,Normal
3525-DVKFN,0.022,False,gender_Female; StreamingTV_No; StreamingMovies_No,Normal
8060-HIWJJ,0.022,False,OnlineSecurity_No; MultipleLines_No; avg_monthly_spend,Normal
3280-NMUVX,0.022,False,Contract_Two year; TotalCharges; Contract_One year,Normal
5275-PMFUT,0.022,False,PhoneService_No; MultipleLines_No; PaperlessBilling_No,Normal
9610-WCESF,0.022,False,PaymentMethod_Electronic check; PhoneService_No; MultipleLines_No,Normal
1089-XZWHH,0.022,False,gender_Female; PaperlessBilling_No; Partner_No,Normal
1934-MKPXS,0.022,False,charge_delta; Contract_One year; Contract_Two year,Normal
0559-CKHUS,0.022,False,PaperlessBilling_No; Partner_No; Dependents_No,Normal
0064-SUDOG,0.021,False,tenure; TotalCharges; PaymentMethod_Bank transfer (automatic),Normal
8345-MVDYC,0.021,False,avg_monthly_spend; OnlineBackup_No; gender_Female,Normal
9227-UAQFT,0.021,False,tenure; TotalCharges; Dependents_No,Normal
6828-HMKWP,0.021,False,tenure; PaymentMethod_Bank transfer (automatic); num_services,Normal
2226-ICFDO,0.021,False,charge_delta; MultipleLines_No; avg_monthly_spend,Normal
6461-SZMCV,0.021,False,MultipleLines_No; avg_monthly_spend; StreamingMovies_Yes,Normal
8414-OOEEL,0.021,False,TotalCharges; charge_delta; MonthlyCharges,Normal
6122-LJADA,0.021,False,charge_delta; avg_monthly_spend; MultipleLines_No,Normal
7337-CINUD,0.021,False,tenure; TotalCharges; PaymentMethod_Bank transfer (automatic),Normal
7073-QETQY,0.021,False,PaymentMethod_Electronic check; Contract_One year; Contract_Two year,Normal
5360-XGYAZ,0.021,False,charge_delta; PhoneService_No; MultipleLines_No,Normal
1092-WPIVQ,0.021,False,charge_delta; avg_monthly_spend; MultipleLines_No,Normal
7815-PDTHL,0.021,False,charge_delta; PaperlessBilling_No; Dependents_No,Normal
4718-WXBGI,0.021,False,MultipleLines_No; charge_delta; avg_monthly_spend,Normal
6518-KZXCB,0.021,False,MultipleLines_No; Dependents_No; StreamingTV_No,Normal
5266-PFRQK,0.021,False,charge_delta; TotalCharges; Contract_One year,Normal
5696-JVVQY,0.021,False,TechSupport_No; PaperlessBilling_No; gender_Female,Normal
0854-UYHZD,0.021,False,tenure; TotalCharges; gender_Female,Normal
1843-TLSGD,0.021,False,charge_delta; tenure; TotalCharges,Normal
7131-ZQZNK,0.021,False,charge_delta; PhoneService_No; PhoneService_Yes,Normal
8295-KMENE,0.021,False,MultipleLines_No; OnlineBackup_No; Partner_No,Normal
9451-WLYRI,0.021,False,charge_delta; Contract_Two year; Contract_One year,Normal
1568-LJSZU,0.021,False,avg_monthly_spend; MultipleLines_No; Partner_No,Normal
9968-FFVVH,0.021,False,Contract_One year; Contract_Two year; Dependents_No,Normal
7579-KKLOE,0.021,False,MultipleLines_No; avg_monthly_spend; auto_pay,Normal
6532-YLWSI,0.021,False,Contract_Two year; Contract_One year; Dependents_No,Normal
8606-OEGQZ,0.021,False,charge_delta; TotalCharges; gender_Female,Normal
0301-FIDRB,0.021,False,PhoneService_No; charge_delta; MultipleLines_No,Normal
2999-AANRQ,0.021,False,gender_Female; tenure; DeviceProtection_No,Normal
6199-IPCAO,0.021,False,avg_monthly_spend; TotalCharges; charge_delta,Normal
0795-LAFGP,0.021,False,PaymentMethod_Electronic check; avg_monthly_spend; MultipleLines_No,Normal
0486-LGCCH,0.021,False,TotalCharges; tenure; Partner_No,Normal
8592-PLTMQ,0.021,False,Contract_One year; Contract_Two year; MultipleLines_No,Normal
9565-FLVCG,0.021,False,charge_delta; TechSupport_No; PaperlessBilling_No,Normal
5014-GSOUQ,0.021,False,tenure; Dependents_No; charge_delta,Normal
7473-ZBDSN,0.021,False,charge_delta; tenure; TotalCharges,Normal
6023-GSSXW,0.021,False,OnlineSecurity_No; TechSupport_No; DeviceProtection_No,Normal
9602-WCXPI,0.021,False,charge_delta; Contract_One year; Contract_Two year,Normal
1265-ZFOSD,0.021,False,TotalCharges; MultipleLines_No; avg_monthly_spend,Normal
4342-HFXWS,0.021,False,Contract_One year; Contract_Two year; gender_Female,Normal
5130-YPIRV,0.021,False,TechSupport_No; PaperlessBilling_No; StreamingTV_Yes,Normal
9717-IOAAF,0.021,False,MultipleLines_No; StreamingTV_No; PaperlessBilling_No,Normal
4654-ULTTN,0.021,False,TotalCharges; MultipleLines_No; PaperlessBilling_No,Normal
6258-PVZWJ,0.021,False,MultipleLines_No; avg_monthly_spend; StreamingMovies_Yes,Normal
8590-OHDIW,0.021,False,charge_delta; Contract_One year; Contract_Two year,Normal
7277-KAMWT,0.021,False,tenure; Dependents_No; Dependents_Yes,Normal
8042-RNLKO,0.021,False,Contract_One year; Contract_Two year; MultipleLines_No,Normal
5057-RKGLH,0.021,False,tenure; TotalCharges; gender_Female,Normal
6369-MCAKO,0.021,False,MultipleLines_No; avg_monthly_spend; Partner_No,Normal
3572-UUHRS,0.02,False,Contract_Two year; Contract_One year; Dependents_No,Normal
9945-PSVIP,0.02,False,PaperlessBilling_No; Partner_No; num_services,Normal
1599-EAHXY,0.02,False,Contract_One year; MultipleLines_No; Contract_Two year,Normal
2521-NPUZR,0.02,False,avg_monthly_spend; MonthlyCharges; InternetService_Fiber optic,Normal
4872-JCVCA,0.02,False,PhoneService_No; PaperlessBilling_No; MultipleLines_No,Normal
1971-DTCZB,0.02,False,MultipleLines_No; avg_monthly_spend; MultipleLines_Yes,Normal
2560-QTSBS,0.02,False,charge_delta; MultipleLines_No; Contract_One year,Normal
7799-LGRDP,0.02,False,TotalCharges; MultipleLines_No; PaperlessBilling_No,Normal
4487-ZYJZK,0.02,False,gender_Female; Contract_Two year; Contract_One year,Normal
6119-SPUDB,0.02,False,PhoneService_No; charge_delta; PhoneService_Yes,Normal
4334-HOWRP,0.02,False,SeniorCitizen; PhoneService_No; MultipleLines_No,Normal
6408-WHTEF,0.02,False,charge_delta; avg_monthly_spend; MultipleLines_No,Normal
1027-LKKQQ,0.02,False,avg_monthly_spend; charge_delta; OnlineBackup_No,Normal
3704-IEAXF,0.02,False,OnlineSecurity_No; PhoneService_No; PaymentMethod_Credit card (automatic),Normal
1269-FOYWN,0.02,False,charge_delta; Contract_One year; Contract_Two year,Normal
1395-WSWXR,0.02,False,charge_delta; Dependents_No; Dependents_Yes,Normal
4518-FZBSX,0.02,False,charge_delta; Contract_One year; Contract_Two year,Normal
5003-XZWWO,0.02,False,charge_delta; OnlineSecurity_No; avg_monthly_spend,Normal
9871-ELEYA,0.02,False,TotalCharges; gender_Female; OnlineBackup_No,Normal
3557-HTYWR,0.02,False,OnlineSecurity_Yes; DeviceProtection_No; MultipleLines_No,Normal
0440-EKDCF,0.02,False,OnlineSecurity_No; PaperlessBilling_No; Dependents_No,Normal
7103-ZGVNT,0.02,False,Contract_One year; MultipleLines_No; PaymentMethod_Credit card (automatic),Normal
1328-EUZHC,0.02,False,Partner_No; gender_Female; tenure,Normal
6685-GBWJZ,0.02,False,Contract_One year; charge_delta; DeviceProtection_No,Normal
2824-DXNKN,0.02,False,TechSupport_No; MultipleLines_No; PaperlessBilling_No,Normal
9102-OXKFY,0.02,False,OnlineSecurity_No; TechSupport_No; MultipleLines_No,Normal
6741-QRLUP,0.02,False,charge_delta; avg_monthly_spend; MultipleLines_No,Normal
3389-KTRXV,0.02,False,MultipleLines_No; Partner_No; gender_Female,Normal
5642-MHDQT,0.02,False,charge_delta; Contract_Two year; Contract_One year,Normal
5485-ITNPC,0.02,False,charge_delta; avg_monthly_spend; Partner_No,Normal
9424-CMPOG,0.02,False,tenure; TotalCharges; Partner_No,Normal
3740-RLMVT,0.02,False,SeniorCitizen; Contract_One year; Contract_Two year,Normal
7216-KAOID,0.02,False,charge_delta; Contract_Two year; Partner_No,Normal
8181-YHCMF,0.02,False,OnlineSecurity_No; PhoneService_No; MultipleLines_No,Normal
3161-ONRWK,0.02,False,charge_delta; Contract_One year; PaperlessBilling_No,Normal
1494-EJZDW,0.02,False,TotalCharges; gender_Female; tenure,Normal
0343-QLUZP,0.02,False,TechSupport_No; PhoneService_No; TotalCharges,Normal
2581-VKIRT,0.02,False,Contract_One year; charge_delta; Partner_No,Normal
0224-NIJLP,0.02,False,tenure; TotalCharges; Partner_No,Normal
3712-PKXZA,0.019,False,charge_delta; Contract_One year; Contract_Two year,Normal
6169-PGNCD,0.019,False,charge_delta; PaperlessBilling_No; Dependents_No,Normal
1172-VIYBP,0.019,False,TechSupport_No; charge_delta; DeviceProtection_No,Normal
9674-EHPPG,0.019,False,charge_delta; PhoneService_No; PhoneService_Yes,Normal
4827-DPADN,0.019,False,avg_monthly_spend; MultipleLines_No; OnlineBackup_No,Normal
9067-SQTNS,0.019,False,Contract_One year; Contract_Two year; PaymentMethod_Bank transfer (automatic),Normal
3166-PNEOF,0.019,False,avg_monthly_spend; TotalCharges; MultipleLines_No,Normal
8197-BFWVU,0.019,False,charge_delta; avg_monthly_spend; MultipleLines_No,Normal
4967-WPNCF,0.019,False,PhoneService_No; MultipleLines_No; PaperlessBilling_No,Normal
0048-PIHNL,0.019,False,charge_delta; TotalCharges; Partner_No,Normal
7633-MVPUY,0.019,False,PaymentMethod_Electronic check; PaperlessBilling_No; Partner_No,Normal
9477-LGWQI,0.019,False,charge_delta; TechSupport_No; avg_monthly_spend,Normal
5231-FIQPA,0.019,False,charge_delta; PaperlessBilling_No; Dependents_No,Normal
3933-DQPWX,0.019,False,OnlineSecurity_No; charge_delta; PhoneService_No,Normal
5201-CBWYG,0.019,False,charge_delta; avg_monthly_spend; Contract_One year,Normal
5930-GBIWP,0.019,False,charge_delta; avg_monthly_spend; TotalCharges,Normal
2005-DWQZJ,0.019,False,charge_delta; TotalCharges; tenure,Normal
8766-PAFNE,0.019,False,charge_delta; OnlineSecurity_No; TotalCharges,Normal
3266-FTKHB,0.019,False,tenure; Dependents_No; Dependents_Yes,Normal
0459-SPZHJ,0.019,False,avg_monthly_spend; TotalCharges; MultipleLines_No,Normal
4782-OSFXZ,0.019,False,SeniorCitizen; charge_delta; avg_monthly_spend,Normal
1088-AUUZZ,0.019,False,MultipleLines_No; DeviceProtection_No; PaperlessBilling_No,Normal
8204-YJCLA,0.019,False,SeniorCitizen; PhoneService_No; MultipleLines_No,Normal
6729-FZWSY,0.019,False,TotalCharges; PaperlessBilling_No; Contract_One year,Normal
8430-TWCBX,0.019,False,Contract_One year; TotalCharges; Contract_Two year,Normal
0071-NDAFP,0.019,False,charge_delta; MultipleLines_No; Partner_No,Normal
7975-JMZNT,0.019,False,avg_monthly_spend; MultipleLines_No; OnlineSecurity_Yes,Normal
3521-HTQTV,0.019,False,MultipleLines_No; Dependents_No; TotalCharges,Normal
1568-BEKZM,0.019,False,SeniorCitizen; MultipleLines_No; avg_monthly_spend,Normal
6120-RJKLU,0.019,False,SeniorCitizen; charge_delta; PaperlessBilling_No,Normal
4006-HKYHO,0.019,False,TotalCharges; avg_monthly_spend; gender_Female,Normal
3813-DHBBB,0.019,False,PhoneService_No; MultipleLines_No; PaperlessBilling_No,Normal
5248-KWLAR,0.019,False,PaymentMethod_Electronic check; charge_delta; MultipleLines_No,Normal
8050-DVOJX,0.019,False,avg_monthly_spend; SeniorCitizen; MultipleLines_No,Normal
5453-YBTWV,0.019,False,MonthlyCharges; avg_monthly_spend; charge_delta,Normal
8316-BBQAY,0.019,False,PhoneService_No; OnlineSecurity_Yes; MultipleLines_No,Normal
4955-VCWBI,0.019,False,charge_delta; Contract_One year; Contract_Two year,Normal
6953-PBDIN,0.019,False,TotalCharges; OnlineSecurity_No; MultipleLines_No,Normal
3352-RICWQ,0.019,False,tenure; TotalCharges; gender_Female,Normal
5751-USDBL,0.019,False,avg_monthly_spend; OnlineBackup_No; Partner_No,Normal
1830-GGFNM,0.019,False,charge_delta; avg_monthly_spend; MonthlyCharges,Normal
2451-YMUXS,0.019,False,SeniorCitizen; charge_delta; PaperlessBilling_No,Normal
5605-XNWEN,0.019,False,SeniorCitizen; charge_delta; MultipleLines_No,Normal
9479-HYNYL,0.019,False,charge_delta; OnlineSecurity_No; PaperlessBilling_No,Normal
4849-PYRLQ,0.019,False,charge_delta; SeniorCitizen; MultipleLines_No,Normal
0420-TXVSG,0.019,False,TechSupport_No; MultipleLines_No; PaperlessBilling_No,Normal
3865-ZFZIB,0.019,False,charge_delta; tenure; Dependents_No,Normal
8234-GSZYK,0.019,False,charge_delta; TotalCharges; MultipleLines_No,Normal
5320-BRKGK,0.018,False,OnlineBackup_No; MultipleLines_No; OnlineSecurity_Yes,Normal
4703-MQYKT,0.018,False,charge_delta; tenure; Dependents_No,Normal
0123-CRBRT,0.018,False,avg_monthly_spend; MultipleLines_No; Partner_No,Normal
4915-BFSXL,0.018,False,TechSupport_No; MultipleLines_No; OnlineBackup_No,Normal
4139-DETXS,0.018,False,PhoneService_No; MultipleLines_No; StreamingTV_Yes,Normal
9950-MTGYX,0.018,False,Partner_No; PaperlessBilling_No; num_services,Normal
7401-JIXNM,0.018,False,avg_monthly_spend; MultipleLines_No; Partner_No,Normal
2580-ATZSQ,0.018,False,Contract_One year; TechSupport_No; Partner_No,Normal
5442-PPTJY,0.018,False,TotalCharges; Partner_No; tenure,Normal
9620-QJREV,0.018,False,Contract_One year; Contract_Two year; TechSupport_Yes,Normal
8292-ITGYJ,0.018,False,TotalCharges; MultipleLines_No; PaperlessBilling_No,Normal
6870-ZWMNX,0.018,False,TotalCharges; charge_delta; OnlineSecurity_No,Normal
7340-KEFQE,0.018,False,PhoneService_No; MultipleLines_No; gender_Female,Normal
5816-JMLGY,0.018,False,OnlineSecurity_No; avg_monthly_spend; MonthlyCharges,Normal
5727-MYATE,0.018,False,charge_delta; MultipleLines_No; avg_monthly_spend,Normal
5622-UEJFI,0.018,False,MultipleLines_No; gender_Female; TotalCharges,Normal
7771-CFQRQ,0.018,False,OnlineSecurity_No; gender_Female; DeviceProtection_No,Normal
8999-EXMNO,0.018,False,gender_Female; Partner_No; tenure,Normal
9548-LERKT,0.018,False,Partner_No; Dependents_No; Dependents_Yes,Normal
5656-MJEFC,0.018,False,PhoneService_Yes; PhoneService_No; Partner_No,Normal
8908-NMQTX,0.018,False,PhoneService_No; MultipleLines_No; PaperlessBilling_No,Normal
9732-OUYRN,0.018,False,charge_delta; Contract_Two year; Contract_One year,Normal
2266-FUBDZ,0.018,False,charge_delta; tenure; TotalCharges,Normal
2535-PBCGC,0.018,False,charge_delta; PhoneService_No; MultipleLines_No,Normal
2498-XLDZR,0.018,False,gender_Female; TotalCharges; Partner_No,Normal
5356-KZCKT,0.018,False,MultipleLines_No; PaperlessBilling_No; Dependents_No,Normal
5995-LFTLE,0.018,False,MultipleLines_No; PaperlessBilling_No; Dependents_No,Normal
2211-RMNHO,0.018,False,OnlineSecurity_No; avg_monthly_spend; MultipleLines_No,Normal
1951-IEYXM,0.018,False,MultipleLines_No; avg_monthly_spend; MultipleLines_Yes,Normal
7649-SIJJF,0.018,False,MultipleLines_No; auto_pay; avg_monthly_spend,Normal
5696-EXCYS,0.018,False,StreamingTV_No; Dependents_No; Dependents_Yes,Normal
8450-LUGUK,0.018,False,charge_delta; MultipleLines_No; PaperlessBilling_No,Normal
4213-HKBJO,0.018,False,charge_delta; TotalCharges; MultipleLines_No,Normal
8148-WOCMK,0.018,False,tenure; Partner_No; num_services,Normal
5859-HZYLF,0.018,False,PaperlessBilling_No; Partner_No; OnlineBackup_Yes,Normal
3508-VLHCZ,0.018,False,MultipleLines_No; avg_monthly_spend; PaymentMethod_Credit card (automatic),Normal
3219-JQRSL,0.018,False,SeniorCitizen; charge_delta; MultipleLines_No,Normal
5171-EPLKN,0.018,False,num_services; Dependents_No; StreamingTV_No,Normal
2176-LVPNX,0.018,False,SeniorCitizen; charge_delta; MultipleLines_No,Normal
5158-RIVOP,0.018,False,Partner_No; tenure; PaymentMethod_Credit card (automatic),Normal
4573-JKNAE,0.018,False,tenure; PaymentMethod_Bank transfer (automatic); num_services,Normal
8242-PDSGJ,0.018,False,charge_delta; PhoneService_No; MultipleLines_No,Normal
5699-BNCAS,0.017,False,SeniorCitizen; MultipleLines_No; auto_pay,Normal
6504-VBLFL,0.017,False,PaymentMethod_Electronic check; TechSupport_No; DeviceProtection_Yes,Normal
9110-HSGTV,0.017,False,charge_delta; avg_monthly_spend; PaperlessBilling_No,Normal
3227-WLKLI,0.017,False,avg_monthly_spend; MultipleLines_No; Partner_No,Normal
9068-VPWQQ,0.017,False,MultipleLines_No; Partner_No; OnlineBackup_No,Normal
0412-UCCNP,0.017,False,PaymentMethod_Electronic check; PaperlessBilling_No; OnlineBackup_No,Normal
2225-ZRGSG,0.017,False,charge_delta; avg_monthly_spend; MonthlyCharges,Normal
8859-YSTWS,0.017,False,Contract_One year; Contract_Two year; Dependents_No,Normal
1506-YJTYT,0.017,False,DeviceProtection_No; MultipleLines_No; Partner_No,Normal
9675-ICXCT,0.017,False,PaymentMethod_Electronic check; OnlineBackup_No; auto_pay,Normal
4837-PZTIC,0.017,False,charge_delta; PhoneService_No; PhoneService_Yes,Normal
5329-KRDTM,0.017,False,TotalCharges; SeniorCitizen; OnlineSecurity_No,Normal
5075-JSDKI,0.017,False,PaymentMethod_Electronic check; MultipleLines_No; num_services,Normal
9639-BUJXT,0.017,False,Contract_One year; Contract_Two year; auto_pay,Normal
2162-FRZAA,0.017,False,OnlineSecurity_No; TotalCharges; PhoneService_No,Normal
6885-PKOAM,0.017,False,MultipleLines_No; avg_monthly_spend; Partner_No,Normal
8050-XGRVL,0.017,False,Contract_One year; TechSupport_No; Contract_Two year,Normal
5124-EOGYE,0.017,False,Dependents_No; Dependents_Yes; StreamingTV_No,Normal
7018-FPXHH,0.017,False,TechSupport_No; Partner_No; PaperlessBilling_No,Normal
3896-ZVNET,0.017,False,charge_delta; avg_monthly_spend; MultipleLines_No,Normal
2661-GKBTK,0.017,False,OnlineSecurity_No; DeviceProtection_No; Partner_No,Normal
3500-NSDOA,0.017,False,OnlineSecurity_No; MultipleLines_No; DeviceProtection_No,Normal
7101-HRBLJ,0.017,False,avg_monthly_spend; gender_Female; StreamingMovies_Yes,Normal
4291-TPNFG,0.017,False,avg_monthly_spend; MultipleLines_No; StreamingMovies_Yes,Normal
1459-QNFQT,0.017,False,charge_delta; PhoneService_No; MultipleLines_No,Normal
7398-HPYZQ,0.017,False,charge_delta; MultipleLines_No; gender_Female,Normal
5148-HKFIR,0.017,False,gender_Female; Dependents_No; TechSupport_Yes,Normal
5324-KTGCG,0.017,False,PaymentMethod_Electronic check; Contract_One year; Contract_Two year,Normal
3284-SVCRO,0.017,False,charge_delta; TotalCharges; MultipleLines_No,Normal
7164-BPTUT,0.017,False,avg_monthly_spend; MultipleLines_No; num_services,Normal
6388-TABGU,0.017,False,charge_delta; Contract_One year; TechSupport_No,Normal
9170-ARBTB,0.017,False,charge_delta; Contract_Two year; gender_Female,Normal
8100-PNJMH,0.017,False,MultipleLines_No; avg_monthly_spend; StreamingMovies_Yes,Normal
0052-YNYOT,0.017,False,PaymentMethod_Electronic check; charge_delta; Contract_One year,Normal
2511-ALLCS,0.017,False,charge_delta; avg_monthly_spend; MultipleLines_No,Normal
5736-YEJAX,0.017,False,TotalCharges; avg_monthly_spend; MonthlyCharges,Normal
8249-THVEC,0.017,False,Contract_Two year; Contract_One year; Partner_No,Normal
9593-CVZKR,0.017,False,MultipleLines_No; PaperlessBilling_No; num_services,Normal
5249-QYHEX,0.017,False,MultipleLines_No; PaperlessBilling_No; Partner_No,Normal
8597-CTXVJ,0.017,False,charge_delta; Contract_One year; DeviceProtection_No,Normal
1335-MXCSE,0.017,False,OnlineSecurity_No; PaperlessBilling_No; Dependents_Yes,Normal
8191-XWSZG,0.016,False,charge_delta; Contract_One year; Contract_Two year,Normal
0230-WEQUW,0.016,False,PhoneService_No; MultipleLines_No; PaperlessBilling_No,Normal
6551-VLJMV,0.016,False,charge_delta; Dependents_Yes; Partner_No,Normal
6813-GZQCG,0.016,False,TotalCharges; charge_delta; PaperlessBilling_No,Normal
4521-WFJAI,0.016,False,charge_delta; MultipleLines_No; PaperlessBilling_No,Normal
5542-NKVRU,0.016,False,charge_delta; PaperlessBilling_No; Dependents_No,Normal
4896-CPRPF,0.016,False,MultipleLines_No; charge_delta; Partner_No,Normal
6096-EGVTU,0.016,False,charge_delta; Contract_One year; Contract_Two year,Normal
4804-NCPET,0.016,False,tenure; Partner_No; StreamingTV_No,Normal
7205-BAIAD,0.016,False,charge_delta; PaperlessBilling_No; num_services,Normal
0602-DDUML,0.016,False,OnlineSecurity_No; Dependents_No; auto_pay,Normal
2885-HIJDH,0.016,False,avg_monthly_spend; MultipleLines_No; OnlineBackup_No,Normal
2649-HWLYB,0.016,False,charge_delta; Partner_No; MultipleLines_No,Normal
1209-VFFOC,0.016,False,PhoneService_No; MultipleLines_No; PaperlessBilling_No,Normal
2384-OVPSA,0.016,False,SeniorCitizen; charge_delta; TotalCharges,Normal
9650-VBUOG,0.016,False,MultipleLines_No; Partner_No; TechSupport_Yes,Normal
8902-ZEOVF,0.016,False,Contract_One year; Contract_Two year; Partner_No,Normal
7560-QRBXH,0.016,False,charge_delta; Contract_One year; Contract_Two year,Normal
4565-NLZBV,0.016,False,charge_delta; avg_monthly_spend; MultipleLines_No,Normal
5795-BKOYE,0.016,False,OnlineSecurity_No; Contract_One year; Contract_Two year,Normal
2428-HYUNX,0.016,False,SeniorCitizen; charge_delta; PaperlessBilling_No,Normal
2194-IIQOF,0.016,False,MultipleLines_No; avg_monthly_spend; StreamingMovies_Yes,Normal
6418-PIQSP,0.016,False,charge_delta; OnlineBackup_No; StreamingTV_Yes,Normal
1722-LDZJS,0.016,False,charge_delta; Contract_One year; Contract_Two year,Normal
7639-OPLNG,0.016,False,avg_monthly_spend; MultipleLines_No; MonthlyCharges,Normal
6051-PTVNS,0.016,False,charge_delta; Partner_No; Contract_One year,Normal
7253-UVNDW,0.016,False,TotalCharges; OnlineSecurity_No; charge_delta,Normal
3978-YNKDD,0.016,False,StreamingTV_No; OnlineBackup_Yes; DeviceProtection_Yes,Normal
6980-CDGFC,0.016,False,charge_delta; Contract_One year; Contract_Two year,Normal
4825-FUREZ,0.016,False,charge_delta; PaymentMethod_Electronic check; Partner_No,Normal
1699-TLDLZ,0.016,False,charge_delta; tenure; TotalCharges,Normal
2263-SFSQZ,0.016,False,charge_delta; avg_monthly_spend; MultipleLines_No,Normal
3070-FNFZQ,0.016,False,PaymentMethod_Bank transfer (automatic); gender_Female; Partner_No,Normal
1985-MBRYP,0.016,False,PaperlessBilling_No; Dependents_No; TotalCharges,Normal
7781-HVGMK,0.016,False,charge_delta; PhoneService_No; MultipleLines_No,Normal
3779-OSWCF,0.016,False,MultipleLines_No; num_services; PaymentMethod_Credit card (automatic),Normal
5458-CQJTA,0.016,False,charge_delta; DeviceProtection_No; gender_Female,Normal
6625-IUTTT,0.016,False,charge_delta; TechSupport_No; OnlineBackup_No,Normal
3050-RLLXC,0.016,False,avg_monthly_spend; MultipleLines_No; Partner_No,Normal
8413-YNHNV,0.016,False,avg_monthly_spend; MultipleLines_No; StreamingMovies_Yes,Normal
2892-GESUL,0.016,False,TotalCharges; Partner_No; tenure,Normal
6723-CEGQI,0.016,False,OnlineSecurity_No; PhoneService_No; charge_delta,Normal
5310-NOOVA,0.016,False,PaymentMethod_Electronic check; charge_delta; Dependents_No,Normal
7197-VOJMM,0.016,False,DeviceProtection_No; PaperlessBilling_No; Dependents_No,Normal
1414-YADCW,0.016,False,InternetService_Fiber optic; DeviceProtection_No; avg_monthly_spend,Normal
2346-CZYIL,0.016,False,charge_delta; Dependents_No; Dependents_Yes,Normal
8966-KZXXA,0.016,False,MultipleLines_No; Partner_No; TotalCharges,Normal
9385-EHGDO,0.016,False,gender_Female; charge_delta; TotalCharges,Normal
0827-ITJPH,0.016,False,PaperlessBilling_No; Dependents_No; Dependents_Yes,Normal
5148-ORICT,0.016,False,charge_delta; PaperlessBilling_No; Partner_No,Normal
6696-YDAYZ,0.016,False,Partner_No; tenure; TotalCharges,Normal
2160-GPFXD,0.016,False,MultipleLines_No; OnlineSecurity_Yes; PaperlessBilling_No,Normal
6916-HIJSE,0.016,False,charge_delta; avg_monthly_spend; TotalCharges,Normal
6734-PSBAW,0.016,False,MultipleLines_No; MultipleLines_Yes; PaperlessBilling_No,Normal
3950-VPYJB,0.016,False,Contract_One year; Contract_Two year; Partner_No,Normal
5879-HMFFH,0.016,False,MultipleLines_No; Partner_No; StreamingMovies_Yes,Normal
8174-LNWMW,0.016,False,TotalCharges; gender_Female; charge_delta,Normal
9135-MGVPY,0.016,False,avg_monthly_spend; StreamingMovies_Yes; Dependents_No,Normal
9055-MOJJJ,0.016,False,Contract_One year; OnlineBackup_No; StreamingTV_Yes,Normal
3957-SQXML,0.015,False,gender_Female; TotalCharges; MultipleLines_No,Normal
5680-LQOGP,0.015,False,avg_monthly_spend; Dependents_No; StreamingMovies_Yes,Normal
0354-VXMJC,0.015,False,charge_delta; Partner_No; StreamingTV_No,Normal
7552-KEYGT,0.015,False,charge_delta; PaymentMethod_Bank transfer (automatic); Partner_No,Normal
3938-YFPXD,0.015,False,charge_delta; avg_monthly_spend; MultipleLines_No,Normal
3373-DIUUN,0.015,False,Partner_No; TotalCharges; StreamingTV_No,Normal
1970-KKFWL,0.015,False,charge_delta; MultipleLines_No; TotalCharges,Normal
5115-GZDEL,0.015,False,PhoneService_No; MultipleLines_No; PaymentMethod_Credit card (automatic),Normal
8874-EJNSR,0.015,False,MultipleLines_No; Partner_No; StreamingTV_No,Normal
6923-AQONU,0.015,False,Partner_No; OnlineBackup_Yes; TechSupport_Yes,Normal
3262-EIDHV,0.015,False,avg_monthly_spend; MultipleLines_No; OnlineBackup_No,Normal
5227-JSCFE,0.015,False,SeniorCitizen; PhoneService_No; MultipleLines_No,Normal
5176-LMJXE,0.015,False,charge_delta; PaperlessBilling_No; Dependents_No,Normal
0621-TSSMU,0.015,False,TotalCharges; Contract_One year; Contract_Two year,Normal
0556-FJEGU,0.015,False,charge_delta; OnlineSecurity_No; Dependents_No,Normal
8148-NLEGT,0.015,False,PaymentMethod_Electronic check; MultipleLines_No; charge_delta,Normal
0361-HJRDX,0.015,False,PhoneService_No; MultipleLines_No; PhoneService_Yes,Normal
3084-DOWLE,0.015,False,charge_delta; MultipleLines_No; MultipleLines_Yes,Normal
9073-ZZIAY,0.015,False,TotalCharges; charge_delta; PaymentMethod_Electronic check,Normal
9140-CZQZZ,0.015,False,avg_monthly_spend; DeviceProtection_No; PaperlessBilling_No,Normal
9668-PUGNU,0.015,False,PaymentMethod_Electronic check; MultipleLines_No; PaperlessBilling_No,Normal
9624-EGDEQ,0.015,False,gender_Female; TotalCharges; Dependents_No,Normal
0732-OCQOC,0.015,False,charge_delta; MultipleLines_No; PaperlessBilling_No,Normal
9418-RUKPH,0.015,False,charge_delta; PaperlessBilling_No; gender_Female,Normal
8780-YRMTT,0.015,False,PhoneService_No; MultipleLines_No; PaperlessBilling_No,Normal
3967-KXAPS,0.015,False,MultipleLines_No; avg_monthly_spend; StreamingMovies_Yes,Normal
1221-GHZEP,0.015,False,PaperlessBilling_No; OnlineBackup_No; DeviceProtection_No,Normal
7872-BAAZR,0.015,False,charge_delta; Contract_Two year; Contract_One year,Normal
8395-ETZKQ,0.015,False,SeniorCitizen; TotalCharges; Partner_No,Normal
8577-QSOCG,0.015,False,charge_delta; PaperlessBilling_No; Partner_No,Normal
5707-ZMDJP,0.015,False,PaperlessBilling_No; DeviceProtection_No; Partner_No,Normal
0973-KYVNF,0.015,False,charge_delta; TechSupport_No; PaperlessBilling_No,Normal
1223-UNPKS,0.015,False,charge_delta; tenure; Partner_No,Normal
6265-FRMTQ,0.015,False,charge_delta; PaymentMethod_Bank transfer (automatic); num_services,Normal
8241-JUIQO,0.015,False,Contract_One year; Contract_Two year; num_services,Normal
9631-RXVJM,0.015,False,TotalCharges; Dependents_Yes; Dependents_No,Normal
7977-HXJKU,0.015,False,charge_delta; tenure; TotalCharges,Normal
9348-ROUAI,0.015,False,TotalCharges; avg_monthly_spend; MultipleLines_No,Normal
5968-HYJRZ,0.015,False,TotalCharges; MultipleLines_No; TechSupport_Yes,Normal
2805-AUFQN,0.015,False,charge_delta; Dependents_No; OnlineBackup_Yes,Normal
2796-NNUFI,0.015,False,gender_Female; PaperlessBilling_No; Partner_No,Normal
2990-IAJSV,0.015,False,MultipleLines_No; avg_monthly_spend; StreamingTV_Yes,Normal
1087-GRUYI,0.015,False,charge_delta; Dependents_No; num_services,Normal
7267-FRMJW,0.015,False,charge_delta; Partner_No; auto_pay,Normal
3487-EARAT,0.015,False,Contract_One year; TotalCharges; avg_monthly_spend,Normal
1839-FBNFR,0.015,False,gender_Female; Partner_No; PaperlessBilling_No,Normal
2888-ADFAO,0.015,False,num_services; gender_Female; TotalCharges,Normal
8690-ZVLCL,0.015,False,MultipleLines_No; avg_monthly_spend; Partner_No,Normal
4992-LTJNE,0.014,False,charge_delta; TechSupport_No; OnlineBackup_No,Normal
1085-LDWAM,0.014,False,Contract_One year; Contract_Two year; gender_Female,Normal
4475-NVTLU,0.014,False,PaymentMethod_Electronic check; Partner_No; num_services,Normal
4723-BEGSG,0.014,False,charge_delta; MultipleLines_No; OnlineBackup_No,Normal
2208-NKVVH,0.014,False,TotalCharges; MultipleLines_No; Partner_No,Normal
4701-LKOZD,0.014,False,MultipleLines_No; avg_monthly_spend; StreamingMovies_Yes,Normal
4774-HHGGS,0.014,False,Partner_No; StreamingTV_No; Dependents_No,Normal
7722-VJRQD,0.014,False,PhoneService_No; MultipleLines_No; OnlineBackup_No,Normal
4102-HLENU,0.014,False,TechSupport_No; Partner_No; MultipleLines_No,Normal
1116-FRYVH,0.014,False,PhoneService_No; PhoneService_Yes; Partner_No,Normal
4636-TVXVG,0.014,False,Contract_One year; Contract_Two year; PaymentMethod_Bank transfer (automatic),Normal
8173-RXAYP,0.014,False,charge_delta; Partner_No; auto_pay,Normal
4335-UPJSI,0.014,False,gender_Female; TechSupport_Yes; OnlineBackup_Yes,Normal
7274-CGTOD,0.014,False,PhoneService_No; PaperlessBilling_No; MultipleLines_No,Normal
7349-ALMUX,0.014,False,TotalCharges; StreamingMovies_No; Dependents_No,Normal
9453-PATOS,0.014,False,avg_monthly_spend; auto_pay; OnlineSecurity_Yes,Normal
1080-BWSYE,0.014,False,SeniorCitizen; MultipleLines_No; Partner_No,Normal
5993-JSUWV,0.014,False,charge_delta; TechSupport_No; PaperlessBilling_No,Normal
4609-KNNWG,0.014,False,gender_Female; Partner_No; TechSupport_Yes,Normal
3067-SVMTC,0.014,False,Contract_One year; Contract_Two year; DeviceProtection_No,Normal
1073-XXCZD,0.014,False,MultipleLines_No; Partner_No; Dependents_No,Normal
4302-ZYFEL,0.014,False,charge_delta; Contract_One year; Contract_Two year,Normal
8146-QQKZH,0.014,False,avg_monthly_spend; OnlineBackup_No; StreamingTV_Yes,Normal
9435-JMLSX,0.014,False,charge_delta; gender_Female; StreamingMovies_Yes,Normal
7945-PRBVF,0.014,False,charge_delta; num_services; Dependents_No,Normal
5117-ZSMHQ,0.014,False,charge_delta; MultipleLines_No; avg_monthly_spend,Normal
7359-SSBJK,0.014,False,SeniorCitizen; charge_delta; DeviceProtection_No,Normal
0936-NQLJU,0.014,False,gender_Female; Partner_No; Dependents_No,Normal
5176-OLSKT,0.014,False,charge_delta; TechSupport_No; Partner_No,Normal
1270-XKUCC,0.014,False,gender_Female; Partner_No; OnlineBackup_Yes,Normal
6348-SNFUS,0.014,False,PhoneService_No; MultipleLines_No; Dependents_Yes,Normal
0848-SOMKO,0.014,False,PhoneService_No; PhoneService_Yes; MultipleLines_No,Normal
1775-KWJKQ,0.014,False,MultipleLines_No; StreamingMovies_Yes; StreamingTV_Yes,Normal
9489-JMTTN,0.014,False,MultipleLines_No; avg_monthly_spend; gender_Female,Normal
6614-YWYSC,0.014,False,SeniorCitizen; charge_delta; Dependents_No,Normal
1635-HDGFT,0.014,False,gender_Female; TechSupport_Yes; auto_pay,Normal
7284-ZZLOH,0.014,False,TechSupport_No; charge_delta; OnlineBackup_No,Normal
0336-PIKEI,0.014,False,TotalCharges; charge_delta; SeniorCitizen,Normal
5377-NDTOU,0.014,False,MultipleLines_No; auto_pay; DeviceProtection_Yes,Normal
5494-WOZRZ,0.014,False,avg_monthly_spend; OnlineBackup_No; Partner_No,Normal
8722-PRFDV,0.014,False,TechSupport_No; avg_monthly_spend; OnlineBackup_No,Normal
8336-TAVKX,0.014,False,SeniorCitizen; avg_monthly_spend; MultipleLines_No,Normal
1240-HCBOH,0.014,False,MultipleLines_No; PaperlessBilling_No; num_services,Normal
1074-WVEVG,0.014,False,Contract_One year; Contract_Two year; auto_pay,Normal
8859-DZTGQ,0.014,False,TotalCharges; Dependents_No; Dependents_Yes,Normal
3719-TDVQB,0.014,False,SeniorCitizen; PaperlessBilling_No; TotalCharges,Normal
3148-AOIQT,0.014,False,charge_delta; MultipleLines_No; PaperlessBilling_No,Normal
3533-UVMOM,0.014,False,TechSupport_No; Partner_No; charge_delta,Normal
9488-FVZCC,0.014,False,charge_delta; avg_monthly_spend; MultipleLines_No,Normal
8219-VYBVI,0.014,False,MultipleLines_No; num_services; StreamingTV_No,Normal
0744-BIKKF,0.014,False,charge_delta; MultipleLines_No; StreamingTV_Yes,Normal
2143-LJULT,0.014,False,MultipleLines_No; num_services; PaperlessBilling_No,Normal
2900-PHPLN,0.014,False,SeniorCitizen; PaperlessBilling_No; gender_Female,Normal
0839-JTCUD,0.014,False,avg_monthly_spend; MultipleLines_No; OnlineSecurity_Yes,Normal
7601-DHFWZ,0.014,False,TotalCharges; MultipleLines_No; num_services,Normal
0244-LGNFY,0.013,False,avg_monthly_spend; MultipleLines_No; StreamingMovies_Yes,Normal
4632-XJMEX,0.013,False,Contract_One year; Contract_Two year; DeviceProtection_No,Normal
1207-BLKSA,0.013,False,MultipleLines_No; gender_Female; num_services,Normal
1627-AFWVJ,0.013,False,charge_delta; Dependents_Yes; Dependents_No,Normal
2207-RYYRL,0.013,False,MultipleLines_No; Partner_No; TechSupport_Yes,Normal
0318-ZOPWS,0.013,False,charge_delta; PaperlessBilling_No; num_services,Normal
1043-YCUTE,0.013,False,avg_monthly_spend; charge_delta; MultipleLines_No,Normal
8626-XHBIE,0.013,False,MultipleLines_No; PaperlessBilling_No; auto_pay,Normal
4644-OBGFZ,0.013,False,charge_delta; auto_pay; Contract_Two year,Normal
4641-FROLU,0.013,False,gender_Female; Partner_No; TechSupport_Yes,Normal
6248-BSHKG,0.013,False,charge_delta; Contract_One year; auto_pay,Normal
9337-SRRNI,0.013,False,charge_delta; MultipleLines_No; PaperlessBilling_No,Normal
9588-YRFHY,0.013,False,PaperlessBilling_No; Dependents_No; Dependents_Yes,Normal
7408-OFWXJ,0.013,False,MultipleLines_No; avg_monthly_spend; StreamingMovies_Yes,Normal
4973-MGTON,0.013,False,charge_delta; avg_monthly_spend; StreamingMovies_Yes,Normal
0769-MURVM,0.013,False,PhoneService_No; MultipleLines_No; StreamingTV_Yes,Normal
8468-FZTOE,0.013,False,TotalCharges; PaymentMethod_Electronic check; PaperlessBilling_No,Normal
6439-PKTRR,0.013,False,charge_delta; PaymentMethod_Electronic check; avg_monthly_spend,Normal
5666-MBJPT,0.013,False,MultipleLines_No; PaperlessBilling_No; Dependents_No,Normal
9710-NJERN,0.013,False,gender_Female; Dependents_No; Dependents_Yes,Normal
2821-WARNZ,0.013,False,charge_delta; Contract_Two year; gender_Female,Normal
2925-VDZHY,0.013,False,MultipleLines_No; StreamingMovies_Yes; StreamingTV_Yes,Normal
6164-HAQTX,0.013,False,PhoneService_No; MultipleLines_No; DeviceProtection_Yes,Normal
7873-CVMAW,0.013,False,MultipleLines_No; charge_delta; avg_monthly_spend,Normal
6384-VMJHP,0.013,False,TotalCharges; PaperlessBilling_No; PaymentMethod_Credit card (automatic),Normal
6292-TOSSS,0.013,False,charge_delta; TotalCharges; avg_monthly_spend,Normal
4018-PPNDW,0.013,False,MultipleLines_No; num_services; gender_Female,Normal
8990-YOZLV,0.013,False,charge_delta; DeviceProtection_No; PaperlessBilling_No,Normal
7321-KKSDU,0.013,False,charge_delta; TotalCharges; StreamingTV_No,Normal
7524-VRLPL,0.013,False,SeniorCitizen; charge_delta; TotalCharges,Normal
0839-QNXME,0.013,False,charge_delta; gender_Female; Dependents_Yes,Normal
6695-AMZUF,0.013,False,avg_monthly_spend; Dependents_No; PaymentMethod_Credit card (automatic),Normal
1676-MQAOA,0.013,False,charge_delta; TotalCharges; gender_Female,Normal
5915-ANOEI,0.013,False,charge_delta; avg_monthly_spend; MultipleLines_No,Normal
8580-QVLOC,0.013,False,SeniorCitizen; MultipleLines_No; PaymentMethod_Credit card (automatic),Normal
0206-OYVOC,0.013,False,charge_delta; PaperlessBilling_No; Partner_No,Normal
2234-EOFPT,0.013,False,DeviceProtection_No; PaperlessBilling_No; StreamingMovies_Yes,Normal
7008-LZVOZ,0.013,False,charge_delta; MultipleLines_No; PaperlessBilling_No,Normal
8917-FAEMR,0.013,False,gender_Female; charge_delta; StreamingTV_No,Normal
9065-ZCPQX,0.013,False,MultipleLines_No; avg_monthly_spend; Partner_No,Normal
5296-BFCYD,0.013,False,PaperlessBilling_No; Partner_No; TechSupport_Yes,Normal
9964-WBQDJ,0.013,False,MultipleLines_No; PaperlessBilling_No; num_services,Normal
2961-VNFKL,0.013,False,charge_delta; MultipleLines_No; PaperlessBilling_No,Normal
9392-XBGTD,0.013,False,TechSupport_Yes; auto_pay; OnlineBackup_Yes,Normal
7601-GNDYK,0.013,False,charge_delta; TotalCharges; Partner_No,Normal
5549-ZGHFB,0.013,False,MultipleLines_No; Partner_No; TechSupport_Yes,Normal
1248-DYXUB,0.013,False,avg_monthly_spend; MultipleLines_No; MultipleLines_Yes,Normal
0363-SVHYR,0.013,False,MultipleLines_No; avg_monthly_spend; StreamingMovies_Yes,Normal
9585-KKMFD,0.013,False,charge_delta; Partner_No; PaperlessBilling_No,Normal
1084-MNSMJ,0.013,False,avg_monthly_spend; gender_Female; Partner_No,Normal
0608-JDVEC,0.013,False,PaymentMethod_Electronic check; Dependents_No; Partner_No,Normal
4674-HGNUA,0.013,False,MultipleLines_No; avg_monthly_spend; StreamingMovies_Yes,Normal
7963-SHNDT,0.013,False,charge_delta; PhoneService_No; MultipleLines_No,Normal
3769-MHZNV,0.013,False,TotalCharges; gender_Female; Partner_No,Normal
7921-BEPCI,0.013,False,charge_delta; TechSupport_No; DeviceProtection_No,Normal
0442-TDYUO,0.013,False,TotalCharges; PaperlessBilling_No; StreamingTV_No,Normal
7599-NTMDP,0.013,False,charge_delta; PhoneService_No; PhoneService_Yes,Normal
5220-AGAAX,0.013,False,MultipleLines_No; PaperlessBilling_No; Partner_No,Normal
6177-PEVRA,0.013,False,charge_delta; TechSupport_No; StreamingMovies_No,Normal
2481-SBOYW,0.013,False,charge_delta; PaperlessBilling_No; MultipleLines_No,Normal
0582-AVCLN,0.013,False,charge_delta; Dependents_No; TotalCharges,Normal
6614-YOLAC,0.013,False,charge_delta; PhoneService_No; DeviceProtection_No,Normal
2452-MRMZF,0.013,False,SeniorCitizen; MultipleLines_No; num_services,Normal
2251-PYLPB,0.013,False,avg_monthly_spend; MultipleLines_No; MonthlyCharges,Normal
4940-KHCWD,0.013,False,PhoneService_No; MultipleLines_No; PhoneService_Yes,Normal
9661-JALZV,0.013,False,MultipleLines_No; PaperlessBilling_No; num_services,Normal
5803-NQJZO,0.013,False,charge_delta; PaperlessBilling_No; MultipleLines_No,Normal
0626-QXNGV,0.013,False,MultipleLines_No; num_services; PaperlessBilling_No,Normal
5044-XDPYX,0.013,False,charge_delta; MultipleLines_No; Partner_No,Normal
6080-LNESI,0.013,False,charge_delta; MultipleLines_No; MultipleLines_Yes,Normal
0379-DJQHR,0.013,False,TotalCharges; charge_delta; avg_monthly_spend,Normal
5181-OABFK,0.013,False,TechSupport_No; PaperlessBilling_No; gender_Female,Normal
7996-MHXLW,0.013,False,MultipleLines_No; PaperlessBilling_No; num_services,Normal
5093-FEGLU,0.013,False,charge_delta; gender_Female; Dependents_Yes,Normal
3569-JFODW,0.013,False,MultipleLines_No; avg_monthly_spend; gender_Female,Normal
2296-DKZFP,0.013,False,TechSupport_No; Partner_No; Dependents_No,Normal
7560-QJAVJ,0.013,False,avg_monthly_spend; OnlineBackup_No; MonthlyCharges,Normal
5766-FTRTS,0.012,False,charge_delta; avg_monthly_spend; auto_pay,Normal
9281-CEDRU,0.012,False,OnlineSecurity_No; charge_delta; DeviceProtection_No,Normal
7850-THJMU,0.012,False,charge_delta; Partner_No; gender_Female,Normal
0730-BGQGF,0.012,False,MultipleLines_No; num_services; MultipleLines_Yes,Normal
4625-LAMOB,0.012,False,Dependents_No; Dependents_Yes; StreamingTV_No,Normal
8374-UULRV,0.012,False,DeviceProtection_No; MultipleLines_No; PaymentMethod_Credit card (automatic),Normal
3472-QPRCH,0.012,False,MultipleLines_No; Partner_No; charge_delta,Normal
7998-WNZEM,0.012,False,charge_delta; avg_monthly_spend; MultipleLines_No,Normal
4635-EJYPD,0.012,False,Partner_No; auto_pay; TechSupport_Yes,Normal
5781-RFZRP,0.012,False,TotalCharges; MultipleLines_No; DeviceProtection_No,Normal
0932-YIXYU,0.012,False,charge_delta; gender_Female; Dependents_No,Normal
6407-GSJNL,0.012,False,MultipleLines_No; Dependents_No; Dependents_Yes,Normal
2235-EZAIK,0.012,False,TotalCharges; PaymentMethod_Credit card (automatic); MultipleLines_No,Normal
4176-RELJR,0.012,False,SeniorCitizen; MultipleLines_No; Dependents_No,Normal
3902-MIVLE,0.012,False,MultipleLines_No; OnlineBackup_No; Partner_No,Normal
1697-LYYYX,0.012,False,charge_delta; TotalCharges; Contract_Two year,Normal
5016-LIPDW,0.012,False,charge_delta; TotalCharges; auto_pay,Normal
8207-VVMYB,0.012,False,MultipleLines_No; Partner_No; PaperlessBilling_No,Normal
8028-PNXHQ,0.012,False,charge_delta; MultipleLines_No; PaperlessBilling_No,Normal
1167-OYZJF,0.012,False,SeniorCitizen; charge_delta; num_services,Normal
2418-TPEUN,0.012,False,TotalCharges; PaperlessBilling_No; num_services,Normal
8882-TLVRW,0.012,False,PhoneService_No; MultipleLines_No; PhoneService_Yes,Normal
3580-GICBM,0.012,False,charge_delta; avg_monthly_spend; MultipleLines_No,Normal
2799-TSLAG,0.012,False,MultipleLines_No; gender_Female; PaperlessBilling_No,Normal
2969-VAPYH,0.012,False,Contract_One year; PaymentMethod_Credit card (automatic); Contract_Two year,Normal
1241-EZFMJ,0.012,False,charge_delta; MultipleLines_No; Partner_No,Normal
2954-PIBKO,0.012,False,MultipleLines_No; PaperlessBilling_No; OnlineBackup_No,Normal
0374-FIUCA,0.012,False,PaperlessBilling_No; StreamingMovies_No; Partner_No,Normal
4933-BSAIP,0.012,False,Partner_No; gender_Female; Dependents_No,Normal
0238-WHBIQ,0.012,False,MultipleLines_No; avg_monthly_spend; MultipleLines_Yes,Normal
8338-QIUNR,0.012,False,MultipleLines_No; OnlineSecurity_Yes; PaperlessBilling_No,Normal
8205-VSLRB,0.012,False,TotalCharges; avg_monthly_spend; MultipleLines_No,Normal
8587-XYZSF,0.012,False,OnlineSecurity_No; charge_delta; OnlineBackup_No,Normal
2068-WWXQZ,0.012,False,charge_delta; Dependents_No; PaymentMethod_Bank transfer (automatic),Normal
8631-NBHFZ,0.012,False,TotalCharges; charge_delta; SeniorCitizen,Normal
4779-ZGICK,0.012,False,TotalCharges; MultipleLines_No; TechSupport_Yes,Normal
1699-UOTXU,0.012,False,PaymentMethod_Electronic check; charge_delta; TechSupport_No,Normal
9503-XJUME,0.012,False,Contract_One year; Contract_Two year; StreamingTV_No,Normal
2908-WGAXL,0.012,False,MultipleLines_No; gender_Female; PaperlessBilling_No,Normal
6463-MVYRY,0.012,False,SeniorCitizen; OnlineSecurity_Yes; OnlineBackup_No,Normal
0019-GFNTW,0.012,False,PhoneService_No; MultipleLines_No; DeviceProtection_Yes,Normal
7009-PCARS,0.012,False,charge_delta; Contract_One year; Contract_Two year,Normal
5196-WPYOW,0.012,False,charge_delta; Contract_One year; Contract_Two year,Normal
5067-WJEUN,0.012,False,TechSupport_No; Partner_No; PaperlessBilling_No,Normal
7596-ZYWBB,0.012,False,charge_delta; PaperlessBilling_No; Dependents_No,Normal
0625-AFOHS,0.012,False,charge_delta; Partner_No; gender_Female,Normal
9067-YGSCA,0.012,False,Contract_One year; Contract_Two year; MultipleLines_No,Normal
2300-RQGOI,0.012,False,charge_delta; Dependents_No; TotalCharges,Normal
6518-PPLMZ,0.012,False,TotalCharges; PaperlessBilling_No; StreamingTV_No,Normal
5334-AFQJB,0.012,False,SeniorCitizen; charge_delta; MultipleLines_No,Normal
0362-RAOQO,0.012,False,gender_Female; Dependents_No; Dependents_Yes,Normal
4458-KVRBJ,0.012,False,MultipleLines_No; auto_pay; Dependents_No,Normal
4012-YCFAI,0.012,False,PaperlessBilling_No; Partner_No; Dependents_No,Normal
8807-OPMBM,0.012,False,charge_delta; MultipleLines_No; PaperlessBilling_No,Normal
7503-EPSZW,0.012,False,MultipleLines_No; num_services; PaperlessBilling_No,Normal
6288-CHQJB,0.012,False,OnlineBackup_No; gender_Female; Partner_No,Normal
1106-HRLKZ,0.012,False,Partner_No; TechSupport_Yes; auto_pay,Normal
0774-RMNUW,0.012,False,PhoneService_No; DeviceProtection_No; MultipleLines_No,Normal
8361-LBRDI,0.012,False,MultipleLines_No; gender_Female; Dependents_Yes,Normal
3308-DGHKL,0.012,False,PaperlessBilling_No; StreamingMovies_No; Dependents_No,Normal
1619-YWUBB,0.012,False,charge_delta; avg_monthly_spend; MultipleLines_No,Normal
1813-JLKWR,0.012,False,gender_Female; Contract_Two year; num_services,Normal
6925-BAYGL,0.012,False,charge_delta; SeniorCitizen; avg_monthly_spend,Normal
6425-JWTDV,0.012,False,Partner_No; TotalCharges; Dependents_No,Normal
2208-MPXIO,0.012,False,charge_delta; num_services; PaperlessBilling_No,Normal
0526-SXDJP,0.012,False,charge_delta; PhoneService_No; TechSupport_No,Normal
3498-LZGQZ,0.011,False,charge_delta; TotalCharges; PaperlessBilling_No,Normal
0795-XCCTE,0.011,False,charge_delta; SeniorCitizen; MultipleLines_No,Normal
4299-OPXEJ,0.011,False,charge_delta; TotalCharges; PaperlessBilling_No,Normal
7014-ZZXAW,0.011,False,MultipleLines_No; PaperlessBilling_No; num_services,Normal
4878-BUNFV,0.011,False,charge_delta; Partner_No; StreamingTV_No,Normal
4735-BJKOU,0.011,False,charge_delta; Dependents_No; Dependents_Yes,Normal
5845-BZZIB,0.011,False,TotalCharges; Partner_No; auto_pay,Normal
8532-UEFWH,0.011,False,MultipleLines_No; Partner_No; TechSupport_Yes,Normal
3512-IZIKN,0.011,False,MultipleLines_No; OnlineBackup_No; Partner_No,Normal
0562-KBDVM,0.011,False,PhoneService_No; charge_delta; MultipleLines_No,Normal
5614-DNZCE,0.011,False,PaperlessBilling_No; gender_Female; Dependents_No,Normal
4979-HPRFL,0.011,False,MultipleLines_No; Partner_No; TechSupport_Yes,Normal
8838-GPHZP,0.011,False,charge_delta; PaperlessBilling_No; auto_pay,Normal
1468-DEFNC,0.011,False,SeniorCitizen; charge_delta; MultipleLines_No,Normal
2595-KIWPV,0.011,False,charge_delta; StreamingTV_No; OnlineBackup_Yes,Normal
6374-AFWOX,0.011,False,Partner_No; Dependents_No; OnlineSecurity_Yes,Normal
5472-CVMDX,0.011,False,PhoneService_No; MultipleLines_No; PhoneService_Yes,Normal
7898-PDWQE,0.011,False,avg_monthly_spend; MultipleLines_No; StreamingMovies_Yes,Normal
3120-FAZKD,0.011,False,charge_delta; MultipleLines_No; PaperlessBilling_No,Normal
6917-FIJHC,0.011,False,MultipleLines_No; PaperlessBilling_No; auto_pay,Normal
2378-YIZKA,0.011,False,avg_monthly_spend; Partner_No; PaymentMethod_Mailed check,Normal
8922-NPKBJ,0.011,False,Partner_No; charge_delta; TechSupport_Yes,Normal
6169-PPETC,0.011,False,PaymentMethod_Bank transfer (automatic); num_services; Partner_No,Normal
0603-TPMIB,0.011,False,MultipleLines_No; auto_pay; gender_Female,Normal
5480-XTFFL,0.011,False,gender_Female; charge_delta; TotalCharges,Normal
5135-RDDQL,0.011,False,TechSupport_No; Partner_No; PaperlessBilling_No,Normal
7306-YDSOI,0.011,False,charge_delta; TechSupport_No; PaperlessBilling_No,Normal
7416-CKTEP,0.011,False,TotalCharges; PaperlessBilling_No; num_services,Normal
1047-RNXZV,0.011,False,Dependents_No; num_services; Dependents_Yes,Normal
9068-FHQHD,0.011,False,charge_delta; Partner_No; num_services,Normal
8402-OOOHJ,0.011,False,charge_delta; Dependents_No; Dependents_Yes,Normal
6725-TPKJO,0.011,False,charge_delta; Dependents_No; StreamingTV_No,Normal
7162-WPHPM,0.011,False,MultipleLines_No; Partner_No; OnlineBackup_Yes,Normal
3212-KXOCR,0.011,False,TotalCharges; PaymentMethod_Bank transfer (automatic); Dependents_No,Normal
3967-VQOGC,0.011,False,MultipleLines_No; num_services; PaperlessBilling_No,Normal
5010-IPEAQ,0.011,False,charge_delta; PhoneService_No; MultipleLines_No,Normal
2314-TNDJQ,0.011,False,PhoneService_No; MultipleLines_No; PaymentMethod_Credit card (automatic),Normal
7941-RCJOW,0.011,False,charge_delta; PaperlessBilling_No; Dependents_No,Normal
6479-VDGRK,0.011,False,avg_monthly_spend; charge_delta; Partner_No,Normal
1926-QUZNN,0.011,False,MultipleLines_No; PaperlessBilling_No; num_services,Normal
0386-CWRGM,0.011,False,charge_delta; gender_Female; Partner_No,Normal
6479-SZPLM,0.011,False,Partner_No; StreamingTV_No; StreamingMovies_No,Normal
9823-EALYC,0.011,False,charge_delta; MultipleLines_No; avg_monthly_spend,Normal
4194-FJARJ,0.011,False,gender_Female; OnlineBackup_No; MultipleLines_No,Normal
9769-TSBZE,0.011,False,PaymentMethod_Electronic check; MultipleLines_No; DeviceProtection_No,Normal
2729-VNVAP,0.011,False,charge_delta; gender_Female; Partner_No,Normal
3884-UEBXB,0.011,False,TechSupport_No; PhoneService_No; TotalCharges,Normal
1716-LSAMB,0.011,False,DeviceProtection_No; Partner_No; OnlineBackup_No,Normal
2097-YVPKN,0.011,False,charge_delta; auto_pay; Dependents_No,Normal
6770-UAYGJ,0.011,False,charge_delta; TotalCharges; Partner_No,Normal
6217-KDYWC,0.011,False,TotalCharges; PaperlessBilling_No; auto_pay,Normal
1131-QQZEB,0.011,False,SeniorCitizen; MultipleLines_No; Partner_No,Normal
1635-NZATJ,0.011,False,SeniorCitizen; charge_delta; MultipleLines_No,Normal
3764-MNMOI,0.011,False,Dependents_No; Dependents_Yes; num_services,Normal
9153-BTBVV,0.011,False,charge_delta; MultipleLines_No; Partner_No,Normal
3097-FQTVJ,0.011,False,charge_delta; Dependents_No; Dependents_Yes,Normal
0506-YLVKJ,0.011,False,charge_delta; PaperlessBilling_No; Partner_No,Normal
4625-XMOYM,0.01,False,MultipleLines_No; gender_Female; PaperlessBilling_No,Normal
3088-FVYWK,0.01,False,charge_delta; Partner_No; MultipleLines_No,Normal
4698-KVLLG,0.01,False,SeniorCitizen; charge_delta; Dependents_No,Normal
6370-ZVHDV,0.01,False,MultipleLines_No; Partner_No; gender_Female,Normal
8039-ACLPL,0.01,False,charge_delta; TechSupport_No; Partner_No,Normal
3873-WOSBC,0.01,False,MultipleLines_No; Partner_No; num_services,Normal
6695-FRVEC,0.01,False,PaperlessBilling_No; OnlineBackup_No; Partner_No,Normal
3913-FCUUW,0.01,False,TotalCharges; MultipleLines_No; PaperlessBilling_No,Normal
3768-VHXQO,0.01,False,charge_delta; avg_monthly_spend; MultipleLines_No,Normal
3913-RDSJZ,0.01,False,MultipleLines_No; num_services; auto_pay,Normal
6997-UVGOX,0.01,False,charge_delta; avg_monthly_spend; gender_Female,Normal
7096-ZNBZI,0.01,False,MultipleLines_No; gender_Female; num_services,Normal
3836-FZSDJ,0.01,False,SeniorCitizen; MultipleLines_No; Partner_No,Normal
0463-TXOAK,0.01,False,charge_delta; MultipleLines_No; StreamingTV_No,Normal
2632-TACXW,0.01,False,charge_delta; MultipleLines_No; avg_monthly_spend,Normal
3454-JFUBC,0.01,False,SeniorCitizen; PaperlessBilling_No; Dependents_No,Normal
5804-JMYIO,0.01,False,charge_delta; Partner_No; gender_Female,Normal
3154-HMWUU,0.01,False,charge_delta; TotalCharges; gender_Female,Normal
3470-OBUET,0.01,False,MultipleLines_No; DeviceProtection_No; PaymentMethod_Credit card (automatic),Normal
3635-QQRQD,0.01,False,charge_delta; TotalCharges; gender_Female,Normal
5743-KHMNA,0.01,False,MultipleLines_No; Dependents_No; TechSupport_Yes,Normal
3662-FXJFO,0.01,False,TotalCharges; PaperlessBilling_No; Dependents_No,Normal
9755-JHNMN,0.01,False,charge_delta; gender_Female; StreamingMovies_No,Normal
5296-PSYVW,0.01,False,PaymentMethod_Electronic check; MultipleLines_No; auto_pay,Normal
8544-JNBOX,0.01,False,auto_pay; PaperlessBilling_No; Dependents_No,Normal
7647-GYYKX,0.01,False,charge_delta; TotalCharges; PaperlessBilling_No,Normal
1705-GUHPV,0.01,False,num_services; MultipleLines_No; charge_delta,Normal
6000-UKLWI,0.01,False,charge_delta; Dependents_No; Dependents_Yes,Normal
9091-WTUUY,0.01,False,OnlineBackup_No; Partner_No; OnlineSecurity_Yes,Normal
3948-KXDUF,0.01,False,MultipleLines_No; Dependents_No; StreamingMovies_No,Normal
8896-RAZCR,0.01,False,charge_delta; gender_Female; num_services,Normal
9507-HSMMZ,0.01,False,TotalCharges; Dependents_No; TechSupport_Yes,Normal
7860-KSUGX,0.01,False,TechSupport_No; MultipleLines_No; Partner_No,Normal
7608-RGIRO,0.01,False,avg_monthly_spend; MultipleLines_No; PaperlessBilling_No,Normal
2817-LVCPP,0.01,False,num_services; gender_Female; Dependents_No,Normal
3486-HOOGQ,0.01,False,avg_monthly_spend; MonthlyCharges; MultipleLines_No,Normal
4900-MSOMT,0.01,False,charge_delta; avg_monthly_spend; MultipleLines_No,Normal
5006-MXVRN,0.01,False,charge_delta; gender_Female; Dependents_No,Normal
2560-WBWXF,0.01,False,charge_delta; MultipleLines_No; PaperlessBilling_No,Normal
9975-GPKZU,0.01,False,Partner_No; TechSupport_Yes; OnlineBackup_Yes,Normal
7161-DFHUF,0.01,False,charge_delta; avg_monthly_spend; MultipleLines_No,Normal
8749-TZYEC,0.01,False,MultipleLines_No; num_services; Dependents_No,Normal
6685-XSHHU,0.01,False,PaperlessBilling_No; num_services; Partner_No,Normal
0562-FGDCR,0.01,False,MultipleLines_No; DeviceProtection_No; auto_pay,Normal
9481-WHGWY,0.01,False,DeviceProtection_No; TotalCharges; avg_monthly_spend,Normal
4652-ODEVH,0.01,False,charge_delta; TotalCharges; MultipleLines_No,Normal
0885-HMGPY,0.01,False,charge_delta; Dependents_No; StreamingMovies_No,Normal
4785-FCIFB,0.01,False,avg_monthly_spend; MultipleLines_No; Partner_No,Normal
5529-GIBVH,0.01,False,TotalCharges; Dependents_No; num_services,Normal
7706-YLMQA,0.01,False,charge_delta; Contract_Two year; Contract_One year,Normal
0988-AADSA,0.01,False,charge_delta; avg_monthly_spend; MultipleLines_No,Normal
1814-WFGVS,0.01,False,PhoneService_No; charge_delta; auto_pay,Normal
2675-IJRGJ,0.01,False,Dependents_No; StreamingTV_No; num_services,Normal
5338-YHWYT,0.01,False,TotalCharges; DeviceProtection_No; OnlineBackup_Yes,Normal
6484-LATFU,0.01,False,charge_delta; MultipleLines_No; Dependents_No,Normal
3973-SKMLN,0.01,False,charge_delta; PaperlessBilling_No; Dependents_No,Normal
0281-CNTZX,0.01,False,charge_delta; PaperlessBilling_No; Dependents_No,Normal
5465-BUBFA,0.01,False,charge_delta; Partner_No; num_services,Normal
1215-EXRMO,0.01,False,TotalCharges; Dependents_No; Partner_No,Normal
9087-EYCPR,0.01,False,charge_delta; MultipleLines_No; auto_pay,Normal
0531-XBKMM,0.01,False,DeviceProtection_No; MultipleLines_No; DeviceProtection_Yes,Normal
6762-NSODU,0.01,False,gender_Female; charge_delta; Partner_No,Normal
5982-XMDEX,0.01,False,charge_delta; MultipleLines_No; Dependents_No,Normal
6134-KWTBV,0.01,False,charge_delta; MultipleLines_No; Dependents_No,Normal
5457-COLHT,0.01,False,charge_delta; avg_monthly_spend; TotalCharges,Normal
0971-QIFJK,0.01,False,charge_delta; avg_monthly_spend; MultipleLines_No,Normal
2882-WDTBA,0.01,False,TotalCharges; avg_monthly_spend; Partner_No,Normal
4335-BSMJS,0.01,False,charge_delta; PaperlessBilling_No; MultipleLines_No,Normal
3511-BFTJW,0.01,False,TechSupport_No; PhoneService_No; MultipleLines_No,Normal
5846-ABOBJ,0.009,False,MultipleLines_No; Partner_No; Dependents_Yes,Normal
5939-SXWHM,0.009,False,charge_delta; Partner_No; MultipleLines_No,Normal
2077-DDHJK,0.009,False,MultipleLines_No; Partner_No; OnlineSecurity_Yes,Normal
3810-PJUHR,0.009,False,charge_delta; MultipleLines_No; Partner_No,Normal
8774-GSBUN,0.009,False,charge_delta; auto_pay; MultipleLines_No,Normal
1266-NZYUI,0.009,False,charge_delta; MultipleLines_No; OnlineBackup_No,Normal
7242-EDTYC,0.009,False,charge_delta; num_services; StreamingTV_No,Normal
9430-NKQLY,0.009,False,MultipleLines_No; PaperlessBilling_No; Partner_No,Normal
7480-SPLEF,0.009,False,charge_delta; MultipleLines_No; PaperlessBilling_No,Normal
3071-MVJCD,0.009,False,avg_monthly_spend; num_services; MultipleLines_No,Normal
2642-MAWLJ,0.009,False,charge_delta; gender_Female; num_services,Normal
6619-RPLQZ,0.009,False,charge_delta; gender_Female; Partner_No,Normal
9972-EWRJS,0.009,False,PaperlessBilling_No; gender_Female; num_services,Normal
7427-AUFPY,0.009,False,charge_delta; Dependents_No; StreamingTV_No,Normal
7167-PCEYD,0.009,False,charge_delta; PaperlessBilling_No; Dependents_No,Normal
3118-UHVVQ,0.009,False,MultipleLines_No; num_services; Partner_No,Normal
0229-LFJAF,0.009,False,MultipleLines_No; charge_delta; StreamingMovies_No,Normal
9953-ZMKSM,0.009,False,charge_delta; auto_pay; Dependents_No,Normal
9993-LHIEB,0.009,False,OnlineBackup_No; Partner_No; auto_pay,Normal
7696-CFTAT,0.009,False,charge_delta; Partner_No; PaymentMethod_Bank transfer (automatic),Normal
3190-ITQXP,0.009,False,charge_delta; num_services; gender_Female,Normal
9114-DPSIA,0.009,False,MultipleLines_No; avg_monthly_spend; MultipleLines_Yes,Normal
0270-THENM,0.009,False,TotalCharges; MultipleLines_No; Partner_No,Normal
9084-OAYKL,0.009,False,TotalCharges; charge_delta; auto_pay,Normal
5846-NEQVZ,0.009,False,charge_delta; gender_Female; PaperlessBilling_No,Normal
1955-IBMMB,0.009,False,charge_delta; TotalCharges; PaperlessBilling_No,Normal
3785-KTYSH,0.009,False,charge_delta; MultipleLines_No; Dependents_No,Normal
6087-YPWHO,0.009,False,MultipleLines_No; auto_pay; Partner_No,Normal
6283-GITPX,0.009,False,avg_monthly_spend; TotalCharges; PaperlessBilling_No,Normal
3889-VWBID,0.009,False,avg_monthly_spend; DeviceProtection_No; Partner_No,Normal
1460-UZPRJ,0.009,False,auto_pay; Partner_No; Dependents_No,Normal
5821-MMEIL,0.009,False,charge_delta; TotalCharges; Dependents_Yes,Normal
4707-MAXGU,0.009,False,MultipleLines_No; StreamingTV_No; Dependents_No,Normal
9397-TZSHA,0.009,False,charge_delta; MultipleLines_No; Dependents_Yes,Normal
9646-NMHXE,0.009,False,Dependents_No; Partner_No; TechSupport_Yes,Normal
3970-XGJDU,0.009,False,charge_delta; TotalCharges; PaperlessBilling_No,Normal
6857-TKDJV,0.009,False,charge_delta; MultipleLines_No; MultipleLines_Yes,Normal
8464-EETCQ,0.009,False,TotalCharges; Dependents_No; gender_Female,Normal
6897-RWMUB,0.009,False,PaperlessBilling_No; Partner_No; OnlineSecurity_Yes,Normal
8215-NGSPE,0.009,False,charge_delta; Partner_No; gender_Female,Normal
9499-XPZXM,0.009,False,MultipleLines_No; DeviceProtection_No; Partner_No,Normal
0780-XNZFN,0.009,False,charge_delta; TotalCharges; gender_Female,Normal
1820-DJFPH,0.009,False,charge_delta; MultipleLines_No; avg_monthly_spend,Normal
1767-CJKBA,0.009,False,MultipleLines_No; Dependents_No; num_services,Normal
8441-SHIPE,0.009,False,MultipleLines_No; PaperlessBilling_No; num_services,Normal
0607-DAAHE,0.009,False,charge_delta; TotalCharges; PaymentMethod_Bank transfer (automatic),Normal
7860-UXCRM,0.009,False,charge_delta; gender_Female; StreamingMovies_No,Normal
3200-MNQTF,0.009,False,charge_delta; Partner_No; MultipleLines_No,Normal
8735-SDUFN,0.009,False,SeniorCitizen; MultipleLines_No; num_services,Normal
9081-WWXKP,0.009,False,gender_Female; Partner_No; num_services,Normal
5242-UOWHD,0.009,False,Partner_No; TechSupport_Yes; auto_pay,Normal
5115-SQAAU,0.009,False,charge_delta; MultipleLines_No; PaperlessBilling_No,Normal
1231-YNDEK,0.009,False,charge_delta; TotalCharges; PaperlessBilling_No,Normal
8780-IHCRN,0.009,False,MultipleLines_No; Partner_No; TechSupport_Yes,Normal
9220-CXRSC,0.009,False,DeviceProtection_No; PaymentMethod_Credit card (automatic); OnlineBackup_No,Normal
7169-YWAMK,0.009,False,charge_delta; gender_Female; DeviceProtection_No,Normal
8701-DGLVH,0.009,False,charge_delta; TotalCharges; Dependents_No,Normal
1852-QSWCD,0.009,False,avg_monthly_spend; charge_delta; MultipleLines_No,Normal
5095-ETBRJ,0.009,False,charge_delta; Partner_No; DeviceProtection_No,Normal
7688-AWMDX,0.009,False,charge_delta; OnlineBackup_No; DeviceProtection_No,Normal
6365-HITVU,0.009,False,avg_monthly_spend; Partner_No; gender_Female,Normal
3027-YNWZU,0.009,False,charge_delta; MultipleLines_No; Partner_No,Normal
5970-GHJAW,0.009,False,charge_delta; Partner_No; TechSupport_Yes,Normal
1657-DYMBM,0.009,False,TotalCharges; Dependents_No; TechSupport_Yes,Normal
5598-IKHQQ,0.009,False,MultipleLines_No; num_services; gender_Female,Normal
7139-JZFVG,0.009,False,TechSupport_No; Partner_No; DeviceProtection_Yes,Normal
0485-ZBSLN,0.009,False,MultipleLines_No; Partner_No; StreamingMovies_No,Normal
3612-YVGSJ,0.009,False,charge_delta; avg_monthly_spend; MultipleLines_No,Normal
4836-WNFNO,0.009,False,MultipleLines_No; num_services; gender_Female,Normal
6323-AYBRX,0.009,False,charge_delta; TotalCharges; MonthlyCharges,Normal
3451-VAWLI,0.009,False,gender_Female; TotalCharges; Partner_No,Normal
2545-LXYVJ,0.008,False,charge_delta; PaymentMethod_Bank transfer (automatic); Partner_No,Normal
9838-BFCQT,0.008,False,charge_delta; auto_pay; MultipleLines_No,Normal
3646-ITDGM,0.008,False,charge_delta; TotalCharges; num_services,Normal
6253-GNHWH,0.008,False,MultipleLines_No; TotalCharges; Partner_No,Normal
1306-RPWXZ,0.008,False,gender_Female; num_services; gender_Male,Normal
9372-TXXPS,0.008,False,Partner_No; gender_Female; StreamingMovies_No,Normal
4361-FEBGN,0.008,False,Dependents_No; Dependents_Yes; TechSupport_Yes,Normal
6181-AXXYF,0.008,False,MultipleLines_No; num_services; Partner_No,Normal
2696-RZVZW,0.008,False,charge_delta; avg_monthly_spend; MultipleLines_No,Normal
4193-IBKSW,0.008,False,MultipleLines_No; Partner_No; StreamingTV_No,Normal
2230-XTUWL,0.008,False,Partner_No; gender_Female; TechSupport_Yes,Normal
9795-SHUHB,0.008,False,charge_delta; DeviceProtection_No; PaperlessBilling_No,Normal
9135-HSWOC,0.008,False,Partner_No; PaperlessBilling_No; num_services,Normal
4312-KFRXN,0.008,False,avg_monthly_spend; MultipleLines_No; MultipleLines_Yes,Normal
8957-THMOA,0.008,False,charge_delta; gender_Female; StreamingTV_No,Normal
6139-ZZRBQ,0.008,False,SeniorCitizen; TotalCharges; charge_delta,Normal
1709-EJDOX,0.008,False,gender_Female; Partner_No; num_services,Normal
7010-BRBUU,0.008,False,MultipleLines_No; MultipleLines_Yes; charge_delta,Normal
9938-PRCVK,0.008,False,charge_delta; gender_Female; Partner_No,Normal
2607-DHDAK,0.008,False,charge_delta; PaperlessBilling_No; Partner_No,Normal
8069-RHUXK,0.008,False,PhoneService_No; DeviceProtection_No; MultipleLines_No,Normal
2718-YSKCS,0.008,False,charge_delta; PaperlessBilling_No; Partner_No,Normal
7606-BPHHN,0.008,False,PaperlessBilling_No; Dependents_No; TechSupport_Yes,Normal
9814-AOUDH,0.008,False,TotalCharges; Dependents_No; Dependents_Yes,Normal
3795-GWTRD,0.008,False,charge_delta; StreamingMovies_No; StreamingTV_Yes,Normal
9916-AYHTC,0.008,False,charge_delta; Dependents_No; StreamingTV_No,Normal
1098-KFQEC,0.008,False,TotalCharges; Partner_No; num_services,Normal
7729-XBTWX,0.008,False,PaperlessBilling_No; Partner_No; auto_pay,Normal
1241-FPMOF,0.008,False,charge_delta; Dependents_No; StreamingTV_No,Normal
1862-QRWPE,0.008,False,charge_delta; TotalCharges; num_services,Normal
0613-WUXUM,0.008,False,PaperlessBilling_No; gender_Female; num_services,Normal
6349-JDHQP,0.008,False,charge_delta; TotalCharges; Dependents_No,Normal
6582-PLFUU,0.008,False,TotalCharges; TechSupport_Yes; Partner_No,Normal
1299-AURJA,0.008,False,charge_delta; avg_monthly_spend; MultipleLines_No,Normal
6855-VLGOS,0.008,False,PaymentMethod_Electronic check; charge_delta; auto_pay,Normal
9504-YAZWB,0.008,False,charge_delta; TotalCharges; Dependents_No,Normal
4742-TXUEX,0.008,False,charge_delta; Partner_No; num_services,Normal
5406-KGRMX,0.008,False,PaymentMethod_Electronic check; charge_delta; MultipleLines_No,Normal
2169-RRLFW,0.008,False,MultipleLines_No; num_services; gender_Female,Normal
8727-JQFHV,0.008,False,charge_delta; TotalCharges; auto_pay,Normal
6734-JDTTV,0.008,False,charge_delta; Partner_No; PaperlessBilling_No,Normal
1574-DYCWE,0.008,False,Partner_No; gender_Female; TechSupport_Yes,Normal
3359-DSRKA,0.008,False,TotalCharges; PaperlessBilling_No; auto_pay,Normal
4231-LZUYM,0.008,False,MultipleLines_No; num_services; gender_Female,Normal
4195-PNGZS,0.008,False,MultipleLines_No; Partner_No; TechSupport_Yes,Normal
1302-TPUBN,0.008,False,charge_delta; Dependents_No; StreamingTV_No,Normal
0508-SQWPL,0.008,False,charge_delta; TotalCharges; PaperlessBilling_No,Normal
0394-YONDK,0.008,False,MultipleLines_No; Partner_No; num_services,Normal
9251-AWQGT,0.008,False,charge_delta; Partner_No; auto_pay,Normal
2146-EGVDT,0.008,False,TotalCharges; Partner_No; TechSupport_Yes,Normal
3429-IFLEM,0.008,False,avg_monthly_spend; PaymentMethod_Credit card (automatic); StreamingTV_Yes,Normal
5854-KSRBJ,0.008,False,charge_delta; MultipleLines_No; Partner_No,Normal
2400-FEQME,0.008,False,TotalCharges; auto_pay; Partner_No,Normal
9371-BITHB,0.008,False,TotalCharges; Partner_No; gender_Female,Normal
3399-BMLVW,0.008,False,DeviceProtection_No; Partner_No; OnlineBackup_Yes,Normal
5208-FVQKB,0.008,False,DeviceProtection_No; Partner_No; Dependents_No,Normal
6961-MJKBO,0.008,False,charge_delta; Dependents_No; PaymentMethod_Bank transfer (automatic),Normal
4443-EMBNA,0.008,False,MultipleLines_No; gender_Female; num_services,Normal
5884-FBCTL,0.008,False,MultipleLines_No; gender_Female; num_services,Normal
5146-YYFRZ,0.008,False,charge_delta; Dependents_No; num_services,Normal
3620-EHIMZ,0.008,False,Partner_No; num_services; gender_Female,Normal
3507-GASNP,0.008,False,charge_delta; TotalCharges; auto_pay,Normal
4589-IUAJB,0.008,False,MultipleLines_No; Partner_No; Dependents_No,Normal
7684-XSZIY,0.008,False,MultipleLines_No; MultipleLines_Yes; Partner_No,Normal
3170-NMYVV,0.008,False,gender_Female; Partner_No; num_services,Normal
2176-OSJUV,0.008,False,MultipleLines_No; DeviceProtection_No; Partner_No,Normal
6625-FLENO,0.008,False,charge_delta; TotalCharges; gender_Female,Normal
4807-IZYOZ,0.008,False,charge_delta; Dependents_No; Dependents_Yes,Normal
8540-ZQGEA,0.007,False,TotalCharges; Dependents_No; Dependents_Yes,Normal
8285-ABVLB,0.007,False,charge_delta; Partner_No; Dependents_No,Normal
7643-RCHXS,0.007,False,PaymentMethod_Electronic check; num_services; gender_Female,Normal
0847-HGRML,0.007,False,PaymentMethod_Bank transfer (automatic); num_services; StreamingTV_No,Normal
6340-DACFT,0.007,False,gender_Female; TotalCharges; Partner_No,Normal
2228-BZDEE,0.007,False,TotalCharges; charge_delta; Dependents_No,Normal
0704-VCUMB,0.007,False,Partner_No; num_services; gender_Female,Normal
9359-JANWS,0.007,False,num_services; OnlineBackup_No; Partner_No,Normal
7033-CLAMM,0.007,False,num_services; gender_Female; Partner_No,Normal
2253-KPMNB,0.007,False,charge_delta; PhoneService_No; DeviceProtection_Yes,Normal
8237-ULIXL,0.007,False,MultipleLines_No; num_services; gender_Female,Normal
2616-FLVQC,0.007,False,charge_delta; auto_pay; Dependents_No,Normal
7980-MHFLQ,0.007,False,gender_Female; MultipleLines_No; auto_pay,Normal
4534-WGCIR,0.007,False,gender_Female; MultipleLines_No; Partner_No,Normal
0621-CXBKL,0.007,False,Dependents_No; num_services; auto_pay,Normal
9365-CSLBQ,0.007,False,charge_delta; MultipleLines_No; auto_pay,Normal
9786-YWNHU,0.007,False,Partner_No; gender_Female; OnlineSecurity_Yes,Normal
8755-OGKNA,0.007,False,TotalCharges; num_services; gender_Female,Normal
2007-QVGAW,0.007,False,charge_delta; PaperlessBilling_No; Partner_No,Normal
7634-HLQJR,0.007,False,charge_delta; gender_Female; Partner_No,Normal
7328-ZJAJO,0.007,False,gender_Female; charge_delta; num_services,Normal
0040-HALCW,0.007,False,charge_delta; TotalCharges; StreamingTV_No,Normal
8917-SZTTJ,0.007,False,charge_delta; TotalCharges; StreamingTV_No,Normal
1987-AUELQ,0.007,False,MultipleLines_No; num_services; gender_Female,Normal
7114-AEOZE,0.007,False,TotalCharges; charge_delta; num_services,Normal
2525-GVKQU,0.007,False,TotalCharges; num_services; auto_pay,Normal
9500-WBGRP,0.007,False,charge_delta; PaperlessBilling_No; Dependents_No,Normal
8514-VZHEB,0.007,False,charge_delta; TotalCharges; auto_pay,Normal
2075-PUEPR,0.007,False,TotalCharges; StreamingTV_No; TechSupport_Yes,Normal
6651-RLGGM,0.007,False,charge_delta; MultipleLines_No; TechSupport_Yes,Normal
6024-RUGGH,0.007,False,MultipleLines_No; PaperlessBilling_No; charge_delta,Normal
8092-NLTGF,0.007,False,MultipleLines_No; Dependents_No; Dependents_Yes,Normal
9286-BHDQG,0.007,False,PhoneService_No; MultipleLines_No; DeviceProtection_Yes,Normal
6892-BOGQE,0.007,False,PaperlessBilling_No; gender_Female; Dependents_Yes,Normal
3400-ESFUW,0.007,False,Partner_No; DeviceProtection_No; StreamingMovies_No,Normal
4737-AQCPU,0.007,False,TotalCharges; MultipleLines_No; PaymentMethod_Credit card (automatic),Normal
5893-KCLGT,0.007,False,gender_Female; auto_pay; num_services,Normal
9257-AZMTZ,0.007,False,TotalCharges; num_services; PaymentMethod_Bank transfer (automatic),Normal
3777-XROBG,0.007,False,charge_delta; TotalCharges; Partner_No,Normal
3678-MNGZX,0.007,False,PaymentMethod_Bank transfer (automatic); num_services; Partner_No,Normal
8043-PNYSD,0.007,False,auto_pay; Partner_No; StreamingTV_No,Normal
9173-IVZVP,0.007,False,TotalCharges; gender_Female; num_services,Normal
4656-CAURT,0.007,False,MultipleLines_No; Dependents_No; TechSupport_Yes,Normal
0902-XKXPN,0.007,False,charge_delta; num_services; Partner_No,Normal
8129-GMVGI,0.007,False,charge_delta; TotalCharges; auto_pay,Normal
8857-CUPFQ,0.007,False,auto_pay; Partner_No; Dependents_No,Normal
7293-LSCDV,0.007,False,charge_delta; TotalCharges; Partner_No,Normal
6485-QXWWE,0.006,False,gender_Female; MultipleLines_No; num_services,Normal
5793-YOLJN,0.006,False,TotalCharges; auto_pay; gender_Female,Normal
2569-WGERO,0.006,False,PaperlessBilling_No; num_services; StreamingMovies_No,Normal
8380-MQINP,0.006,False,charge_delta; TotalCharges; auto_pay,Normal
7493-GVFIO,0.006,False,Dependents_No; StreamingMovies_No; TechSupport_Yes,Normal
3976-HXHCE,0.006,False,PaymentMethod_Bank transfer (automatic); Dependents_No; TechSupport_Yes,Normal
7064-JHXCE,0.006,False,Partner_No; TechSupport_Yes; StreamingMovies_No,Normal
7115-IRDHS,0.006,False,MultipleLines_No; gender_Female; num_services,Normal
4990-ALDGW,0.006,False,TotalCharges; Dependents_No; auto_pay,Normal
7515-LODFU,0.006,False,charge_delta; SeniorCitizen; Dependents_No,Normal
0402-OAMEN,0.006,False,charge_delta; avg_monthly_spend; MultipleLines_No,Normal
7695-PKLCZ,0.006,False,Dependents_No; Dependents_Yes; gender_Female,Normal
1555-HAPSU,0.006,False,charge_delta; MultipleLines_No; avg_monthly_spend,Normal
7602-DBTOU,0.006,False,auto_pay; Partner_No; TechSupport_Yes,Normal
8946-BFWSG,0.006,False,charge_delta; auto_pay; Partner_No,Normal
4957-SREEC,0.006,False,Partner_No; TechSupport_Yes; StreamingMovies_No,Normal
6848-HJTXY,0.006,False,charge_delta; TotalCharges; Partner_No,Normal
0962-CQPWQ,0.006,False,num_services; gender_Female; Partner_No,Normal
8966-SNIZF,0.006,False,charge_delta; num_services; Partner_No,Normal
7399-QHBJS,0.006,False,charge_delta; DeviceProtection_No; MultipleLines_No,Normal
3261-CQXOL,0.006,False,charge_delta; MultipleLines_No; gender_Female,Normal
0397-ZXWQF,0.006,False,PaymentMethod_Bank transfer (automatic); num_services; Dependents_No,Normal
8229-BUJHX,0.006,False,gender_Female; num_services; PaymentMethod_Bank transfer (automatic),Normal
1830-IPXVJ,0.006,False,charge_delta; gender_Female; num_services,Normal
9565-AXSMR,0.006,False,TotalCharges; Partner_No; TechSupport_Yes,Normal
2072-ZVJJX,0.006,False,MultipleLines_No; Partner_No; Dependents_No,Normal
7083-MIOPC,0.006,False,charge_delta; gender_Female; num_services,Normal
8711-LOBKY,0.006,False,TotalCharges; auto_pay; Partner_No,Normal
0404-AHASP,0.006,False,charge_delta; Partner_No; Dependents_Yes,Normal
5567-GZKQY,0.006,False,charge_delta; TotalCharges; gender_Female,Normal
4821-WQOYN,0.006,False,Partner_No; PaperlessBilling_No; gender_Female,Normal
7558-IMLMT,0.006,False,PaperlessBilling_No; Partner_No; auto_pay,Normal
3563-SVYLG,0.006,False,Partner_No; DeviceProtection_Yes; PaymentMethod_Bank transfer (automatic),Normal
2509-TFPJU,0.006,False,MultipleLines_No; Dependents_Yes; Dependents_No,Normal
8164-OCKUJ,0.006,False,gender_Female; auto_pay; num_services,Normal
8165-ZJRNM,0.006,False,charge_delta; MultipleLines_No; MultipleLines_Yes,Normal
2626-VEEWG,0.006,False,charge_delta; PaperlessBilling_No; Partner_No,Normal
8590-YFFQO,0.006,False,charge_delta; Dependents_No; StreamingMovies_No,Normal
0174-QRVVY,0.006,False,MultipleLines_No; Partner_No; num_services,Normal
2346-LOCWC,0.006,False,charge_delta; TotalCharges; Partner_No,Normal
5346-BZCHP,0.006,False,charge_delta; gender_Female; Partner_No,Normal
7717-BICXI,0.006,False,charge_delta; TotalCharges; Partner_No,Normal
3696-DFHHB,0.006,False,MultipleLines_No; gender_Female; num_services,Normal
6010-DDPPW,0.006,False,MultipleLines_No; Partner_No; Dependents_No,Normal
6621-NRZAK,0.006,False,charge_delta; Partner_No; TotalCharges,Normal
5656-JAMLX,0.006,False,PaymentMethod_Bank transfer (automatic); Dependents_No; num_services,Normal
0480-KYJVA,0.006,False,MultipleLines_No; num_services; gender_Female,Normal
1591-XWLGB,0.006,False,charge_delta; Partner_No; Dependents_Yes,Normal
3910-MRQOY,0.006,False,charge_delta; gender_Female; num_services,Normal
0042-RLHYP,0.006,False,num_services; gender_Female; Partner_No,Normal
8224-KDLKN,0.006,False,charge_delta; MultipleLines_No; MultipleLines_Yes,Normal
7157-SMCFK,0.006,False,TotalCharges; auto_pay; TechSupport_Yes,Normal
2181-TIDSV,0.006,False,charge_delta; PaperlessBilling_No; Partner_No,Normal
9764-REAFF,0.006,False,charge_delta; Partner_No; TotalCharges,Normal
8347-GDTMP,0.006,False,charge_delta; Partner_No; Dependents_Yes,Normal
7711-GQBZC,0.006,False,gender_Female; MultipleLines_No; num_services,Normal
6976-BWGLQ,0.006,False,charge_delta; MultipleLines_No; Partner_No,Normal
0640-YJTPY,0.006,False,charge_delta; Partner_No; PaymentMethod_Bank transfer (automatic),Normal
1945-XISKS,0.006,False,Partner_No; num_services; auto_pay,Normal
6060-QBMGV,0.006,False,Partner_No; Dependents_No; Dependents_Yes,Normal
0464-WJTKO,0.006,False,gender_Female; num_services; PaymentMethod_Bank transfer (automatic),Normal
1293-BSEUN,0.006,False,auto_pay; PaperlessBilling_No; Partner_No,Normal
0825-CPPQH,0.006,False,gender_Female; Partner_No; num_services,Normal
6345-FZOQH,0.006,False,charge_delta; Dependents_No; Partner_No,Normal
8434-VGEQQ,0.005,False,Partner_No; TechSupport_Yes; num_services,Normal
7969-FFOWG,0.005,False,charge_delta; Partner_No; auto_pay,Normal
5848-FHRFC,0.005,False,num_services; PaymentMethod_Bank transfer (automatic); Dependents_No,Normal
1403-GYAFU,0.005,False,charge_delta; Partner_No; TechSupport_Yes,Normal
2050-ONYDQ,0.005,False,charge_delta; Partner_No; MultipleLines_No,Normal
2984-RGEYA,0.005,False,gender_Female; num_services; Partner_No,Normal
3774-VBNXY,0.005,False,charge_delta; Partner_No; auto_pay,Normal
1052-QJIBV,0.005,False,charge_delta; Partner_No; gender_Female,Normal
1399-OUPJN,0.005,False,PaymentMethod_Bank transfer (automatic); gender_Female; Partner_No,Normal
9574-BOSMD,0.005,False,avg_monthly_spend; MultipleLines_No; MultipleLines_Yes,Normal
7225-IILWY,0.005,False,charge_delta; MultipleLines_No; Partner_No,Normal
5902-WBLSE,0.005,False,charge_delta; gender_Female; PaperlessBilling_No,Normal
3642-BYHDO,0.005,False,charge_delta; Partner_No; num_services,Normal
6285-FTQBF,0.005,False,MultipleLines_No; Partner_No; TechSupport_Yes,Normal
2236-HILPA,0.005,False,charge_delta; Partner_No; TechSupport_Yes,Normal
7268-WNTCP,0.005,False,num_services; PaymentMethod_Bank transfer (automatic); Partner_No,Normal
2804-ETQDK,0.005,False,charge_delta; auto_pay; StreamingTV_No,Normal
3457-PQBYH,0.005,False,charge_delta; TotalCharges; Partner_No,Normal
9537-JALFH,0.005,False,charge_delta; Partner_No; PaymentMethod_Bank transfer (automatic),Normal
0562-HKHML,0.005,False,charge_delta; MultipleLines_No; MultipleLines_Yes,Normal
4277-BWBML,0.005,False,Partner_No; num_services; TechSupport_Yes,Normal
8619-IJNDK,0.005,False,charge_delta; StreamingMovies_No; DeviceProtection_Yes,Normal
5730-DBDSI,0.005,False,charge_delta; Dependents_No; num_services,Normal
8750-QWZAJ,0.005,False,charge_delta; gender_Female; num_services,Normal
6585-WCEWR,0.005,False,PaymentMethod_Electronic check; auto_pay; Partner_No,Normal
0794-YVSGE,0.005,False,charge_delta; num_services; Partner_No,Normal
9625-RZFUK,0.005,False,auto_pay; Partner_No; TechSupport_Yes,Normal
1927-QEWMY,0.005,False,Partner_No; gender_Female; Dependents_Yes,Normal
7113-HIPFI,0.005,False,Partner_No; DeviceProtection_Yes; StreamingMovies_No,Normal
1166-PQLGG,0.005,False,gender_Female; num_services; Partner_No,Normal
6963-KQYQB,0.005,False,MultipleLines_No; gender_Female; num_services,Normal
0264-CNITK,0.005,False,charge_delta; num_services; Partner_No,Normal
0505-SPOOW,0.005,False,num_services; gender_Female; Partner_No,Normal
8747-UDCOI,0.005,False,num_services; gender_Female; Partner_No,Normal
9800-OUIGR,0.004,False,Partner_No; TechSupport_Yes; num_services,Normal
0831-JNISG,0.004,False,charge_delta; auto_pay; Partner_No,Normal
3279-DYZQM,0.004,False,charge_delta; auto_pay; Partner_No,Normal
1764-VUUMT,0.004,False,charge_delta; TechSupport_Yes; StreamingTV_No,Normal
4817-KEQSP,0.004,False,num_services; gender_Female; Partner_No,Normal
8232-UTFOZ,0.004,False,Dependents_No; Dependents_Yes; TechSupport_Yes,Normal
3996-ZNWYK,0.004,False,SeniorCitizen; charge_delta; Partner_No,Normal
7876-DNYAP,0.004,False,gender_Female; Partner_No; TechSupport_Yes,Normal
4086-WITJG,0.004,False,Partner_No; TechSupport_Yes; StreamingMovies_No,Normal
6980-IMXXE,0.004,False,num_services; gender_Female; PaymentMethod_Bank transfer (automatic),Normal
5787-KXGIY,0.004,False,Partner_No; Dependents_No; TechSupport_Yes,Normal
7463-IFMQU,0.004,False,charge_delta; Partner_No; Dependents_Yes,Normal
5799-JRCZO,0.004,False,charge_delta; TotalCharges; num_services,Normal
7673-BQGKU,0.004,False,charge_delta; num_services; Partner_No,Normal
2429-AYKKO,0.004,False,charge_delta; PaymentMethod_Bank transfer (automatic); Dependents_No,Normal
3173-WSSUE,0.004,False,gender_Female; Partner_No; TechSupport_Yes,Normal
6928-ONTRW,0.004,False,charge_delta; Partner_No; num_services,Normal
3274-NSDWE,0.004,False,gender_Female; StreamingMovies_No; num_services,Normal
0784-ZQJZX,0.003,False,StreamingMovies_No; TechSupport_Yes; StreamingTV_No,Normal
2848-YXSMW,0.003,False,charge_delta; Partner_No; TechSupport_Yes,Normal
